,product_category_name_english,total_revenue,customer_city
0,health_beauty,189361.87000000008,sao paulo
1,bed_bath_table,170705.4099999993,sao paulo
2,watches_gifts,165897.45999999985,sao paulo
3,computers_accessories,144635.67999999993,sao paulo
4,sports_leisure,144533.25999999998,sao paulo
5,housewares,104820.45000000019,sao paulo
6,furniture_decor,100033.0500000004,sao paulo
7,watches_gifts,93028.74000000008,rio de janeiro
8,health_beauty,86558.3400000001,rio de janeiro
9,bed_bath_table,77871.2900000003,rio de janeiro
10,sports_leisure,70762.58000000013,rio de janeiro
11,toys,69635.89000000017,sao paulo
12,cool_stuff,67860.87000000011,sao paulo
13,computers_accessories,64796.80000000012,rio de janeiro
14,perfumery,62195.090000000135,sao paulo
15,auto,58354.08000000015,sao paulo
16,furniture_decor,55315.12000000016,rio de janeiro
17,baby,52607.74000000008,sao paulo
18,garden_tools,44645.94000000012,sao paulo
19,toys,44183.64000000009,rio de janeiro
20,cool_stuff,44010.99000000006,rio de janeiro
21,housewares,43797.07000000004,rio de janeiro
22,office_furniture,42637.05000000005,sao paulo
23,telephony,38303.64000000014,sao paulo
24,garden_tools,35255.26000000007,rio de janeiro
25,health_beauty,33973.900000000016,belo horizonte
26,watches_gifts,32730.370000000003,brasilia
27,stationery,32058.350000000006,sao paulo
28,bed_bath_table,31974.78000000002,belo horizonte
29,office_furniture,30694.18999999998,rio de janeiro
30,health_beauty,29862.81999999997,brasilia
31,pet_shop,28940.059999999976,sao paulo
32,,28796.260000000075,sao paulo
33,auto,28162.129999999986,rio de janeiro
34,perfumery,28002.850000000006,rio de janeiro
35,small_appliances,25557.219999999994,sao paulo
36,watches_gifts,25148.00999999999,belo horizonte
37,computers_accessories,25130.37999999999,belo horizonte
38,consoles_games,25042.639999999985,sao paulo
39,computers_accessories,25029.32999999999,brasilia
40,construction_tools_construction,24713.78000000002,sao paulo
41,baby,24223.569999999978,rio de janeiro
42,musical_instruments,24176.240000000013,sao paulo
43,sports_leisure,23333.329999999984,belo horizonte
44,fashion_bags_accessories,23263.519999999968,sao paulo
45,home_appliances_2,23049.020000000004,rio de janeiro
46,health_beauty,22987.65999999999,curitiba
47,sports_leisure,22757.379999999972,brasilia
48,housewares,22603.499999999993,belo horizonte
49,luggage_accessories,21197.909999999978,sao paulo
50,health_beauty,20831.529999999984,campinas
51,computers,20769.579999999998,sao paulo
52,health_beauty,20594.769999999982,salvador
53,furniture_decor,18836.47999999997,belo horizonte
54,electronics,18672.91999999997,sao paulo
55,sports_leisure,18383.529999999984,curitiba
56,sports_leisure,18011.649999999987,salvador
57,toys,17591.229999999985,belo horizonte
58,bed_bath_table,17400.469999999976,porto alegre
59,auto,17290.03999999999,brasilia
60,stationery,17247.289999999986,rio de janeiro
61,telephony,17103.659999999978,rio de janeiro
62,computers_accessories,17031.01999999999,curitiba
63,watches_gifts,17021.27,campinas
64,watches_gifts,16793.969999999994,salvador
65,bed_bath_table,16688.629999999983,campinas
66,watches_gifts,16572.669999999995,guarulhos
67,watches_gifts,16524.499999999996,niteroi
68,watches_gifts,16324.069999999996,curitiba
69,health_beauty,16311.909999999996,fortaleza
70,home_appliances_2,16204.689999999995,sao paulo
71,bed_bath_table,16120.80999999998,brasilia
72,auto,16081.009999999997,belo horizonte
73,fixed_telephony,15775.629999999997,rio de janeiro
74,computers_accessories,15693.379999999986,porto alegre
75,electronics,14967.009999999987,rio de janeiro
76,health_beauty,14499.58999999999,porto alegre
77,computers_accessories,14391.599999999995,salvador
78,cool_stuff,13732.519999999993,belo horizonte
79,furniture_decor,13691.889999999992,porto alegre
80,sports_leisure,13618.689999999993,porto alegre
81,health_beauty,13416.519999999986,guarulhos
82,watches_gifts,13262.64,fortaleza
83,pet_shop,13127.05999999999,rio de janeiro
84,bed_bath_table,13026.82999999999,curitiba
85,watches_gifts,13017.219999999996,porto alegre
86,watches_gifts,13004.169999999998,goiania
87,furniture_decor,12922.37999999999,curitiba
88,health_beauty,12848.819999999992,goiania
89,housewares,12779.049999999996,brasilia
90,bed_bath_table,12764.479999999989,guarulhos
91,musical_instruments,12507.899999999998,rio de janeiro
92,cool_stuff,12413.289999999995,brasilia
93,sports_leisure,12373.469999999994,campinas
94,health_beauty,12326.069999999998,belem
95,health_beauty,12087.849999999995,recife
96,furniture_decor,12080.709999999988,brasilia
97,baby,12079.569999999992,belo horizonte
98,computers_accessories,12034.169999999991,campinas
99,watches_gifts,12029.179999999998,recife
100,computers_accessories,11864.109999999997,niteroi
101,toys,11791.849999999995,brasilia
102,small_appliances,11777.579999999998,rio de janeiro
103,,11639.809999999989,rio de janeiro
104,perfumery,11570.349999999993,belo horizonte
105,small_appliances,11437.13,brasilia
106,cool_stuff,11391.159999999994,porto alegre
107,cool_stuff,11269.249999999998,guarulhos
108,garden_tools,11119.109999999995,belo horizonte
109,air_conditioning,11099.089999999997,rio de janeiro
110,bed_bath_table,10959.94,santos
111,computers,10786.99,brasilia
112,cool_stuff,10685.119999999997,goiania
113,home_appliances,10648.399999999996,sao paulo
114,home_confort,10573.229999999994,sao paulo
115,agro_industry_and_commerce,10463.16,sao paulo
116,construction_tools_construction,10347.399999999998,rio de janeiro
117,auto,10207.669999999998,salvador
118,bed_bath_table,10131.419999999995,salvador
119,bed_bath_table,10108.239999999996,jundiai
120,consoles_games,10017.719999999998,rio de janeiro
121,perfumery,9948.039999999994,brasilia
122,watches_gifts,9923.369999999999,sao bernardo do campo
123,housewares,9887.889999999996,porto alegre
124,small_appliances_home_oven_and_coffee,9658.67,sao paulo
125,health_beauty,9390.439999999997,sao bernardo do campo
126,furniture_decor,9370.959999999994,campinas
127,toys,9367.209999999995,curitiba
128,housewares,9354.759999999995,curitiba
129,garden_tools,9247.139999999994,brasilia
130,computers_accessories,9230.629999999994,guarulhos
131,watches_gifts,9055.31,santos
132,furniture_living_room,8985.349999999995,rio de janeiro
133,bed_bath_table,8954.649999999998,santo andre
134,auto,8949.519999999997,guarulhos
135,garden_tools,8917.14,porto alegre
136,furniture_decor,8871.929999999995,salvador
137,computers,8737.49,rio de janeiro
138,health_beauty,8726.43,niteroi
139,housewares,8724.349999999999,campo grande
140,health_beauty,8638.539999999997,osasco
141,baby,8621.369999999999,brasilia
142,auto,8596.179999999998,campinas
143,housewares,8594.239999999998,guarulhos
144,kitchen_dining_laundry_garden_furniture,8484.839999999998,sao paulo
145,computers_accessories,8469.189999999997,sao luis
146,cool_stuff,8445.369999999999,curitiba
147,home_construction,8423.580000000002,sao paulo
148,watches_gifts,8349.970000000001,maceio
149,pet_shop,8309.489999999998,belo horizonte
150,audio,8276.609999999997,sao paulo
151,auto,8267.229999999998,curitiba
152,watches_gifts,8167.640000000001,nova iguacu
153,housewares,8101.16,florianopolis
154,furniture_living_room,8075.119999999999,sao paulo
155,furniture_decor,8061.059999999998,santos
156,fashion_bags_accessories,8004.23,rio de janeiro
157,housewares,7957.039999999998,campinas
158,sports_leisure,7950.009999999999,niteroi
159,furniture_decor,7942.339999999999,guarulhos
160,bed_bath_table,7933.879999999993,goiania
161,watches_gifts,7928.769999999999,sao goncalo
162,luggage_accessories,7834.769999999997,rio de janeiro
163,sports_leisure,7798.9299999999985,guarulhos
164,telephony,7646.7199999999975,porto alegre
165,baby,7625.539999999999,porto alegre
166,health_beauty,7622.84,juiz de fora
167,bed_bath_table,7598.639999999996,osasco
168,bed_bath_table,7596.569999999997,niteroi
169,books_general_interest,7566.969999999998,sao paulo
170,watches_gifts,7563.769999999999,santo andre
171,housewares,7547.999999999996,goiania
172,cool_stuff,7535.07,juiz de fora
173,sports_leisure,7518.629999999998,sao jose dos campos
174,bed_bath_table,7507.979999999996,sao bernardo do campo
175,cool_stuff,7459.089999999998,campinas
176,sports_leisure,7426.289999999997,sorocaba
177,health_beauty,7425.539999999995,santos
178,small_appliances,7407.9,araruama
179,fixed_telephony,7385.789999999999,vila velha
180,health_beauty,7376.869999999998,santo andre
181,computers_accessories,7364.959999999997,florianopolis
182,baby,7354.180000000002,curitiba
183,health_beauty,7318.719999999999,joao pessoa
184,auto,7307.35,sao jose dos campos
185,sports_leisure,7286.829999999997,sao bernardo do campo
186,fixed_telephony,7263.359999999999,sao paulo
187,watches_gifts,7195.599999999997,florianopolis
188,watches_gifts,7194.8099999999995,belem
189,bed_bath_table,7183.579999999998,ribeirao preto
190,,7156.699999999999,belem
191,home_appliances,7156.189999999999,rio de janeiro
192,construction_tools_safety,7122.51,sao paulo
193,telephony,7095.979999999994,belo horizonte
194,health_beauty,7083.51,sao luis
195,watches_gifts,7059.469999999999,joao pessoa
196,furniture_decor,7041.579999999999,osasco
197,health_beauty,6985.219999999999,florianopolis
198,furniture_decor,6957.789999999999,sao bernardo do campo
199,musical_instruments,6944.99,belo horizonte
200,sports_leisure,6942.089999999998,osasco
201,auto,6885.669999999999,teresina
202,telephony,6856.599999999997,salvador
203,watches_gifts,6852.209999999999,jundiai
204,watches_gifts,6787.389999999999,sao jose do rio preto
205,housewares,6781.83,salvador
206,air_conditioning,6781.69,sao paulo
207,watches_gifts,6770.65,juiz de fora
208,computers,6729.0,vitoria
209,housewares,6728.030000000001,sao bernardo do campo
210,health_beauty,6718.129999999998,sorocaba
211,sports_leisure,6706.030000000001,recife
212,health_beauty,6701.439999999999,sao jose dos campos
213,computers,6698.0,salvador
214,health_beauty,6674.82,ribeirao preto
215,watches_gifts,6663.220000000001,londrina
216,toys,6652.290000000001,campinas
217,small_appliances_home_oven_and_coffee,6652.0,curitiba
218,cool_stuff,6533.0599999999995,jundiai
219,health_beauty,6522.44,uberlandia
220,art,6499.0,marilia
221,computers_accessories,6441.189999999999,sorocaba
222,watches_gifts,6440.71,osasco
223,sports_leisure,6384.490000000001,uberlandia
224,furniture_bedroom,6309.18,sao paulo
225,bed_bath_table,6301.009999999998,sorocaba
226,furniture_decor,6266.16,niteroi
227,telephony,6243.509999999995,brasilia
228,toys,6227.569999999996,porto alegre
229,computers_accessories,6182.31,recife
230,food,6142.41,sao paulo
231,stationery,6136.6500000000015,belo horizonte
232,computers_accessories,6103.830000000001,santo andre
233,computers_accessories,6086.6,campo grande
234,sports_leisure,6077.880000000001,bauru
235,office_furniture,5995.759999999999,belo horizonte
236,computers_accessories,5977.35,sao jose dos campos
237,computers_accessories,5953.560000000001,belem
238,agro_industry_and_commerce,5934.6,divinopolis
239,sports_leisure,5892.759999999999,santo andre
240,furniture_decor,5880.320000000001,nova iguacu
241,bed_bath_table,5877.569999999998,barueri
242,baby,5872.2699999999995,jundiai
243,sports_leisure,5804.81,belem
244,perfumery,5796.9299999999985,porto alegre
245,auto,5737.08,fortaleza
246,health_beauty,5711.849999999999,maceio
247,industry_commerce_and_business,5704.76,sao paulo
248,computers_accessories,5660.769999999999,fortaleza
249,watches_gifts,5620.95,natal
250,auto,5619.980000000001,osasco
251,furniture_decor,5618.47,sorocaba
252,sports_leisure,5595.06,florianopolis
253,garden_tools,5554.500000000001,salvador
254,computers_accessories,5547.02,sao bernardo do campo
255,sports_leisure,5537.44,fortaleza
256,computers_accessories,5494.77,joao pessoa
257,baby,5489.470000000001,belem
258,garden_tools,5480.2699999999995,nova iguacu
259,housewares,5464.389999999999,niteroi
260,furniture_decor,5446.940000000002,santo andre
261,consoles_games,5439.009999999998,belo horizonte
262,health_beauty,5437.889999999999,jundiai
263,,5435.599999999998,belo horizonte
264,perfumery,5417.860000000001,niteroi
265,watches_gifts,5417.75,mogi das cruzes
266,furniture_decor,5387.1500000000015,jundiai
267,cool_stuff,5376.08,salvador
268,sports_leisure,5375.17,campo grande
269,health_beauty,5373.589999999999,uberaba
270,health_beauty,5352.03,aracaju
271,bed_bath_table,5345.250000000001,praia grande
272,baby,5332.510000000002,campinas
273,garden_tools,5316.43,sao goncalo
274,computers_accessories,5312.16,ribeirao preto
275,sports_leisure,5292.9400000000005,santos
276,watches_gifts,5274.330000000001,duque de caxias
277,bed_bath_table,5269.320000000001,nova iguacu
278,audio,5265.570000000001,rio de janeiro
279,toys,5263.0,salvador
280,sports_leisure,5262.8200000000015,goiania
281,furniture_decor,5213.839999999997,belem
282,cool_stuff,5167.34,florianopolis
283,watches_gifts,5108.430000000001,vila velha
284,agro_industry_and_commerce,5103.959999999999,rio de janeiro
285,bed_bath_table,5085.880000000001,vitoria
286,auto,5083.839999999998,goiania
287,baby,5082.38,salvador
288,pet_shop,5037.71,brasilia
289,home_appliances_2,5030.8,curitiba
290,watches_gifts,5022.04,maringa
291,auto,5008.98,sao bernardo do campo
292,perfumery,5002.75,campinas
293,watches_gifts,4971.799999999999,sao jose dos campos
294,health_beauty,4970.739999999998,jaboatao dos guararapes
295,computers_accessories,4965.509999999999,santos
296,furniture_decor,4952.919999999999,recife
297,cool_stuff,4939.010000000001,fortaleza
298,health_beauty,4933.130000000001,indaiatuba
299,sports_leisure,4928.989999999999,nova lima
300,health_beauty,4918.099999999999,joinville
301,toys,4911.910000000002,sao bernardo do campo
302,health_beauty,4893.19,santa maria
303,cool_stuff,4892.78,londrina
304,kitchen_dining_laundry_garden_furniture,4891.95,rio de janeiro
305,computers_accessories,4889.6,jundiai
306,garden_tools,4855.6500000000015,campinas
307,stationery,4853.090000000001,brasilia
308,garden_tools,4841.110000000001,ribeirao preto
309,watches_gifts,4826.63,ribeirao preto
310,health_beauty,4807.71,teresina
311,bed_bath_table,4798.870000000001,florianopolis
312,health_beauty,4792.17,taubate
313,bed_bath_table,4787.680000000001,piracicaba
314,health_beauty,4756.450000000001,campo grande
315,furniture_decor,4746.86,piracicaba
316,bed_bath_table,4739.72,juiz de fora
317,watches_gifts,4726.59,piracicaba
318,small_appliances,4717.0,maua
319,sports_leisure,4710.780000000001,contagem
320,auto,4710.59,contagem
321,construction_tools_construction,4699.5,belo horizonte
322,drinks,4675.079999999999,rio de janeiro
323,sports_leisure,4645.259999999999,mogi das cruzes
324,bed_bath_table,4636.370000000002,sao jose do rio preto
325,sports_leisure,4635.400000000001,sao jose do rio preto
326,housewares,4602.9000000000015,santo andre
327,computers,4599.99,presidente prudente
328,computers,4590.0,joao pessoa
329,construction_tools_lights,4587.650000000001,sao paulo
330,cool_stuff,4569.32,sao jose dos campos
331,cool_stuff,4568.089999999999,mogi das cruzes
332,health_beauty,4555.679999999999,ourinhos
333,cool_stuff,4547.75,nova iguacu
334,watches_gifts,4534.700000000001,vitoria
335,office_furniture,4529.469999999999,campinas
336,health_beauty,4493.650000000001,cuiaba
337,signaling_and_security,4490.7300000000005,sao paulo
338,auto,4479.74,sorocaba
339,furniture_decor,4472.7300000000005,fortaleza
340,watches_gifts,4471.45,caieiras
341,toys,4462.02,guarulhos
342,sports_leisure,4461.66,juiz de fora
343,health_beauty,4457.29,divinopolis
344,consoles_games,4443.389999999999,bom jesus do galho
345,sports_leisure,4436.07,jundiai
346,computers_accessories,4414.0,campos dos goytacazes
347,furniture_decor,4400.52,cascavel
348,small_appliances,4376.67,belo horizonte
349,bed_bath_table,4369.6100000000015,sao goncalo
350,bed_bath_table,4341.54,sao jose dos campos
351,computers_accessories,4321.18,goiania
352,watches_gifts,4315.1,maua
353,watches_gifts,4306.1900000000005,serra
354,furniture_decor,4300.720000000002,sao jose dos campos
355,bed_bath_table,4263.130000000001,uberlandia
356,computers_accessories,4260.640000000001,barueri
357,telephony,4256.689999999999,fortaleza
358,auto,4235.38,florianopolis
359,housewares,4230.46,osasco
360,bed_bath_table,4229.02,mogi das cruzes
361,cool_stuff,4228.3899999999985,niteroi
362,perfumery,4224.02,fortaleza
363,sports_leisure,4221.650000000001,barueri
364,computers_accessories,4218.76,gaspar
365,watches_gifts,4218.6,sao carlos
366,health_beauty,4215.650000000001,vicosa
367,stationery,4190.9,campinas
368,furniture_decor,4190.570000000001,florianopolis
369,health_beauty,4186.429999999999,contagem
370,,4184.070000000001,piracicaba
371,health_beauty,4182.01,praia grande
372,health_beauty,4170.73,vitoria
373,garden_tools,4167.76,duque de caxias
374,garden_tools,4161.400000000001,mogi das cruzes
375,housewares,4160.350000000001,ribeirao preto
376,watches_gifts,4157.52,macae
377,watches_gifts,4149.18,sorocaba
378,computers_accessories,4144.330000000001,piracicaba
379,bed_bath_table,4134.880000000001,indaiatuba
380,watches_gifts,4128.49,feira de santana
381,watches_gifts,4109.039999999999,teresina
382,computers,4099.98,recife
383,garden_tools,4029.69,patos de minas
384,toys,4029.21,sao jose dos campos
385,health_beauty,4022.6800000000003,montes claros
386,drinks,4003.0999999999995,sao paulo
387,sports_leisure,4000.9500000000007,vila velha
388,health_beauty,3994.52,londrina
389,sports_leisure,3972.5100000000007,ribeirao preto
390,watches_gifts,3956.68,marilia
391,perfumery,3947.76,curitiba
392,construction_tools_construction,3942.12,curitiba
393,construction_tools_construction,3925.65,campinas
394,perfumery,3921.4,osasco
395,small_appliances,3907.7799999999997,porto alegre
396,market_place,3904.01,sao paulo
397,sports_leisure,3903.0099999999993,teresina
398,watches_gifts,3898.9,barra mansa
399,housewares,3892.93,sao jose do rio preto
400,electronics,3874.000000000001,belo horizonte
401,watches_gifts,3865.7900000000004,ponta grossa
402,cool_stuff,3865.279999999999,sorocaba
403,health_beauty,3857.4399999999996,maua
404,bed_bath_table,3824.9300000000003,maua
405,garden_tools,3820.7,cuiaba
406,health_beauty,3800.71,barueri
407,garden_tools,3800.07,jundiai
408,office_furniture,3795.080000000001,salvador
409,bed_bath_table,3791.8299999999995,taboao da serra
410,consoles_games,3779.2200000000003,campinas
411,watches_gifts,3779.12,contagem
412,sports_leisure,3778.4,para de minas
413,sports_leisure,3773.3600000000006,sao goncalo
414,baby,3762.12,santo andre
415,telephony,3759.7999999999997,sao bernardo do campo
416,computers_accessories,3755.5399999999995,araraquara
417,baby,3755.12,goiania
418,baby,3747.3000000000006,florianopolis
419,home_appliances_2,3744.9,caxias do sul
420,fashion_bags_accessories,3730.080000000001,brasilia
421,furniture_decor,3727.51,goiania
422,watches_gifts,3708.6000000000004,porto velho
423,health_beauty,3707.8200000000006,nova iguacu
424,sports_leisure,3701.87,marilia
425,garden_tools,3694.750000000001,guarulhos
426,musical_instruments,3684.0500000000006,campinas
427,cool_stuff,3682.38,recife
428,furniture_decor,3678.8999999999996,franca
429,auto,3678.06,campo grande
430,health_beauty,3667.790000000001,natal
431,computers_accessories,3653.3,vila velha
432,watches_gifts,3650.21,santa maria
433,perfumery,3647.7700000000004,juiz de fora
434,fashion_bags_accessories,3644.2300000000005,belo horizonte
435,auto,3641.7999999999997,porto alegre
436,small_appliances,3641.18,santos
437,home_construction,3640.2500000000005,rio de janeiro
438,computers,3639.99,curitiba
439,stationery,3631.570000000001,guarulhos
440,auto,3613.120000000001,belem
441,health_beauty,3611.0699999999997,nova friburgo
442,garden_tools,3609.540000000001,curitiba
443,pet_shop,3608.6800000000003,campinas
444,bed_bath_table,3600.7000000000007,carapicuiba
445,computers_accessories,3593.1600000000008,caxias do sul
446,perfumery,3588.5900000000006,goiania
447,computers_accessories,3576.2300000000005,petropolis
448,bed_bath_table,3558.890000000001,fortaleza
449,bed_bath_table,3558.08,londrina
450,bed_bath_table,3549.42,duque de caxias
451,watches_gifts,3547.4900000000007,campos dos goytacazes
452,computers_accessories,3547.1399999999994,maringa
453,computers_accessories,3532.28,eunapolis
454,computers,3526.99,guarulhos
455,bed_bath_table,3507.290000000001,rio claro
456,watches_gifts,3493.77,lucas do rio verde
457,housewares,3486.1700000000014,sorocaba
458,auto,3484.18,santos
459,musical_instruments,3483.7,florianopolis
460,watches_gifts,3479.97,olinda
461,garden_tools,3477.5700000000006,goiania
462,computers_accessories,3475.0299999999997,varginha
463,telephony,3455.679999999999,londrina
464,sports_leisure,3450.5200000000004,vitoria
465,perfumery,3440.1599999999994,sorocaba
466,garden_tools,3440.1000000000004,santos
467,bed_bath_table,3420.57,franca
468,sports_leisure,3419.01,santana de parnaiba
469,telephony,3418.8399999999992,campinas
470,toys,3418.4700000000003,osasco
471,housewares,3416.7500000000005,uberlandia
472,bed_bath_table,3391.2200000000003,volta redonda
473,housewares,3388.76,santos
474,watches_gifts,3382.78,barueri
475,bed_bath_table,3375.620000000001,cotia
476,garden_tools,3372.07,florianopolis
477,musical_instruments,3370.67,curitiba
478,home_confort,3355.6800000000003,rio de janeiro
479,cool_stuff,3339.68,novo hamburgo
480,housewares,3337.74,maringa
481,cool_stuff,3312.7799999999997,aracaju
482,auto,3307.9399999999996,maceio
483,baby,3303.68,joinville
484,housewares,3301.34,sao jose dos campos
485,pet_shop,3300.47,jundiai
486,fixed_telephony,3300.0,luis eduardo magalhaes
487,perfumery,3294.3,sao jose dos campos
488,cool_stuff,3291.8199999999997,osasco
489,auto,3282.3599999999997,maua
490,stationery,3267.000000000001,porto alegre
491,perfumery,3264.2800000000007,salvador
492,cool_stuff,3261.6300000000006,santos
493,bed_bath_table,3249.8900000000003,contagem
494,bed_bath_table,3235.000000000001,maringa
495,industry_commerce_and_business,3234.97,joao pessoa
496,health_beauty,3231.2699999999995,piracicaba
497,health_beauty,3229.44,mogi das cruzes
498,health_beauty,3228.0199999999995,sao jose do rio preto
499,sports_leisure,3224.3700000000003,nova iguacu
500,watches_gifts,3221.9400000000005,diadema
501,computers_accessories,3220.9500000000016,osasco
502,perfumery,3218.2800000000007,sao bernardo do campo
503,bed_bath_table,3215.3100000000004,campos dos goytacazes
504,bed_bath_table,3212.3800000000006,diadema
505,health_beauty,3209.2599999999998,guaruja
506,baby,3204.1700000000005,santos
507,musical_instruments,3202.96,porto alegre
508,watches_gifts,3196.9,uberlandia
509,toys,3188.810000000001,goiania
510,baby,3185.09,betim
511,cool_stuff,3180.92,cotia
512,construction_tools_construction,3177.63,santo andre
513,toys,3175.51,sao goncalo
514,watches_gifts,3171.7799999999997,rio das ostras
515,perfumery,3167.1600000000003,guarulhos
516,cool_stuff,3159.28,sao bernardo do campo
517,garden_tools,3154.9,gaspar
518,fashion_bags_accessories,3152.6800000000003,salvador
519,computers_accessories,3145.85,uberaba
520,sports_leisure,3141.76,joao pessoa
521,furniture_decor,3139.92,ribeirao preto
522,auto,3135.9699999999993,taboao da serra
523,garden_tools,3121.9400000000005,sao bernardo do campo
524,health_beauty,3116.370000000001,diadema
525,small_appliances_home_oven_and_coffee,3116.09,rio de janeiro
526,construction_tools_construction,3113.39,santos
527,bed_bath_table,3107.51,sao caetano do sul
528,bed_bath_table,3105.3,limeira
529,costruction_tools_tools,3105.0,sao paulo
530,telephony,3103.17,piracicaba
531,construction_tools_safety,3099.9,divinopolis
532,small_appliances,3091.0,gravatai
533,books_technical,3087.3900000000003,sao paulo
534,housewares,3072.95,rio claro
535,health_beauty,3065.9700000000003,porto velho
536,baby,3056.9700000000003,sao luis
537,musical_instruments,3040.66,salvador
538,perfumery,3036.22,santo andre
539,construction_tools_construction,3035.1600000000003,blumenau
540,baby,3031.5,caxias do sul
541,health_beauty,3024.23,parnamirim
542,auto,3020.9300000000003,niteroi
543,baby,3020.7400000000002,sao bernardo do campo
544,luggage_accessories,3013.7,belo horizonte
545,toys,3007.84,ribeirao preto
546,watches_gifts,3006.9000000000005,limeira
547,consoles_games,3001.87,recife
548,computers,2999.99,angra dos reis
549,computers_accessories,2999.89,monte alegre do sul
550,office_furniture,2997.7400000000002,brasilia
551,computers_accessories,2990.84,sao carlos
552,agro_industry_and_commerce,2990.0,trindade
553,perfumery,2984.5399999999995,ribeirao preto
554,sports_leisure,2977.9500000000003,praia grande
555,telephony,2972.0699999999997,curitiba
556,small_appliances,2971.4,curitiba
557,health_beauty,2969.63,ipatinga
558,toys,2961.95,niteroi
559,food_drink,2957.1500000000005,sao paulo
560,furniture_decor,2955.69,jaragua do sul
561,cool_stuff,2952.79,porto seguro
562,furniture_decor,2949.55,maringa
563,computers_accessories,2947.1899999999996,macae
564,furniture_decor,2946.7800000000007,barueri
565,watches_gifts,2944.78,botucatu
566,telephony,2935.750000000001,recife
567,auto,2932.21,itaquaquecetuba
568,sports_leisure,2926.9500000000003,indaiatuba
569,telephony,2924.529999999999,guarulhos
570,sports_leisure,2920.9200000000005,barra mansa
571,health_beauty,2919.6200000000003,sao goncalo
572,signaling_and_security,2919.4,campo novo do parecis
573,sports_leisure,2916.97,taboao da serra
574,watches_gifts,2916.44,marica
575,art,2914.61,sao paulo
576,watches_gifts,2914.59,volta redonda
577,sports_leisure,2914.5,rondonopolis
578,costruction_tools_garden,2911.7700000000004,sao paulo
579,garden_tools,2904.3500000000004,vitoria
580,computers,2899.8900000000003,bauru
581,health_beauty,2899.68,betim
582,small_appliances_home_oven_and_coffee,2899.0,tubarao
583,sports_leisure,2895.6200000000003,sao luis
584,musical_instruments,2889.0,jaboatao dos guararapes
585,garden_tools,2885.1099999999997,juiz de fora
586,furniture_decor,2879.7700000000004,santa cruz do sul
587,bed_bath_table,2878.34,campo grande
588,bed_bath_table,2875.8000000000006,vila velha
589,watches_gifts,2871.88,batatais
590,garden_tools,2868.99,porto seguro
591,furniture_decor,2866.66,montes claros
592,,2862.99,jatai
593,housewares,2849.060000000001,piracicaba
594,toys,2846.96,fortaleza
595,,2840.5099999999998,salvador
596,consoles_games,2834.5600000000004,maua
597,bed_bath_table,2826.9700000000007,sao carlos
598,auto,2824.7799999999997,porto seguro
599,cool_stuff,2823.84,joao pessoa
600,watches_gifts,2822.0,arapongas
601,agro_industry_and_commerce,2809.0,guaruja
602,sports_leisure,2799.0,mandaguacu
603,furniture_decor,2788.5200000000004,juiz de fora
604,housewares,2788.3400000000006,mogi das cruzes
605,auto,2785.77,ferraz de vasconcelos
606,housewares,2782.67,birigui
607,sports_leisure,2778.28,angra dos reis
608,luggage_accessories,2776.8499999999995,brasilia
609,auto,2766.9300000000003,videira
610,health_beauty,2766.3599999999997,campos dos goytacazes
611,,2765.7700000000004,porto alegre
612,telephony,2763.0,alvares machado
613,watches_gifts,2756.7599999999998,uberaba
614,baby,2749.880000000001,guarulhos
615,garden_tools,2749.0,bertioga
616,computers_accessories,2746.8799999999997,sao caetano do sul
617,watches_gifts,2741.79,betim
618,auto,2741.16,sao luis
619,costruction_tools_garden,2738.31,rio de janeiro
620,home_appliances_2,2733.9,brasilia
621,auto,2733.08,londrina
622,sports_leisure,2731.4700000000003,atibaia
623,furniture_decor,2729.6800000000003,campo grande
624,garden_tools,2724.65,fortaleza
625,musical_instruments,2722.7000000000003,sao bernardo do campo
626,furniture_decor,2722.5699999999997,caxias do sul
627,computers_accessories,2720.66,bauru
628,computers_accessories,2718.6600000000003,teresina
629,bed_bath_table,2717.67,guaruja
630,cool_stuff,2717.61,belem
631,bed_bath_table,2714.38,sao vicente
632,sports_leisure,2713.1200000000003,sao carlos
633,sports_leisure,2709.5,canoas
634,office_furniture,2706.4300000000003,santos
635,housewares,2706.28,belem
636,,2704.0799999999995,goiania
637,computers_accessories,2700.0,ipanema
638,bed_bath_table,2695.04,macae
639,housewares,2692.28,vitoria
640,small_appliances,2690.0,pacatuba
641,baby,2688.7400000000002,sorocaba
642,computers_accessories,2687.0,martinopolis
643,,2684.91,brasilia
644,pet_shop,2682.05,florianopolis
645,sports_leisure,2681.1400000000003,sao caetano do sul
646,computers,2680.0,ibotirama
647,electronics,2676.3,itajai
648,sports_leisure,2675.43,divinopolis
649,health_beauty,2672.150000000001,palmas
650,fashion_bags_accessories,2664.52,curitiba
651,office_furniture,2658.26,porto alegre
652,auto,2657.9,jacobina
653,health_beauty,2650.76,embu das artes
654,computers_accessories,2649.99,gurupi
655,sports_leisure,2647.5299999999997,pelotas
656,home_construction,2640.2799999999997,belo horizonte
657,furniture_decor,2639.8,itapetininga
658,housewares,2639.3100000000004,fortaleza
659,electronics,2638.38,santa luzia
660,auto,2637.0199999999995,bauru
661,computers,2637.0,contagem
662,toys,2632.17,jundiai
663,watches_gifts,2631.51,taboao da serra
664,watches_gifts,2629.59,canoas
665,perfumery,2627.21,uberlandia
666,auto,2624.98,natal
667,stationery,2620.59,curitiba
668,auto,2618.95,recife
669,garden_tools,2616.3900000000003,niteroi
670,telephony,2615.67,vitoria
671,toys,2613.6000000000004,sao jose do rio preto
672,sports_leisure,2610.53,maua
673,computers_accessories,2609.44,aracaju
674,health_beauty,2608.88,feira de santana
675,watches_gifts,2608.68,nilopolis
676,watches_gifts,2607.79,cariacica
677,health_beauty,2600.31,valinhos
678,office_furniture,2598.1700000000005,curitiba
679,watches_gifts,2597.87,cuiaba
680,health_beauty,2596.25,lavras
681,toys,2595.4300000000003,santo andre
682,computers_accessories,2595.34,ananindeua
683,sports_leisure,2584.1800000000003,uberaba
684,,2578.0,ananindeua
685,watches_gifts,2574.8599999999997,carapicuiba
686,watches_gifts,2574.6000000000004,pouso alegre
687,baby,2571.59,teresina
688,garden_tools,2569.9,divinopolis
689,computers_accessories,2562.7000000000003,juiz de fora
690,housewares,2561.01,barueri
691,furniture_bedroom,2556.98,rio de janeiro
692,office_furniture,2553.2300000000005,santo andre
693,computers_accessories,2552.29,cuiaba
694,sports_leisure,2550.88,serra
695,musical_instruments,2548.9,campo grande
696,health_beauty,2547.33,itapetininga
697,small_appliances,2547.0,olimpia
698,computers,2539.98,cotia
699,baby,2539.1900000000005,niteroi
700,furniture_decor,2537.98,pato branco
701,cool_stuff,2536.7300000000005,santo andre
702,baby,2535.55,osasco
703,musical_instruments,2532.6000000000004,brasilia
704,housewares,2532.3200000000006,petropolis
705,furniture_decor,2528.1800000000007,indaiatuba
706,home_appliances_2,2525.9,niteroi
707,toys,2525.82,recife
708,health_beauty,2523.8999999999996,sao caetano do sul
709,furniture_decor,2521.33,aracatuba
710,furniture_decor,2521.11,contagem
711,watches_gifts,2519.0200000000004,joinville
712,kitchen_dining_laundry_garden_furniture,2518.6000000000004,santos
713,bed_bath_table,2515.67,presidente prudente
714,auto,2514.4,feira de santana
715,musical_instruments,2511.91,mirassol
716,bed_bath_table,2508.9000000000005,recife
717,stationery,2507.9,niteroi
718,toys,2504.26,porto velho
719,auto,2502.16,nova friburgo
720,watches_gifts,2501.38,petropolis
721,furniture_living_room,2499.36,belo horizonte
722,housewares,2498.44,serra
723,cool_stuff,2497.74,sao luis
724,furniture_decor,2496.5,mogi das cruzes
725,garden_tools,2495.7800000000007,sao jose dos campos
726,health_beauty,2495.65,anapolis
727,small_appliances,2495.0,caxias do sul
728,auto,2494.1800000000003,santo andre
729,home_appliances_2,2494.0,fortaleza
730,housewares,2492.9300000000003,cotia
731,watches_gifts,2490.7000000000003,navegantes
732,baby,2487.03,votorantim
733,electronics,2484.15,santo antonio de posse
734,watches_gifts,2483.0,taubate
735,furniture_decor,2472.7300000000005,cuiaba
736,health_beauty,2471.61,santana de parnaiba
737,watches_gifts,2469.72,anapolis
738,bed_bath_table,2467.9400000000005,braganca paulista
739,baby,2467.7400000000002,taboao da serra
740,sports_leisure,2467.69,itapevi
741,computers,2467.0,feira de santana
742,cool_stuff,2463.23,sao goncalo
743,consoles_games,2462.69,porto alegre
744,bed_bath_table,2461.63,sumare
745,dvds_blu_ray,2461.58,sao paulo
746,furniture_decor,2460.01,canoas
747,electronics,2458.04,brasilia
748,computers_accessories,2456.17,mogi das cruzes
749,bed_bath_table,2454.4000000000005,bauru
750,pet_shop,2453.4300000000003,salvador
751,housewares,2448.63,praia grande
752,watches_gifts,2447.28,braganca paulista
753,electronics,2447.140000000001,salvador
754,furniture_decor,2446.5400000000004,londrina
755,computers_accessories,2445.98,sao sebastiao
756,small_appliances,2443.77,juiz de fora
757,sports_leisure,2442.92,sao vicente
758,cool_stuff,2442.52,duque de caxias
759,home_appliances,2438.86,campinas
760,sports_leisure,2434.34,blumenau
761,bed_bath_table,2429.81,pelotas
762,health_beauty,2428.94,macae
763,bed_bath_table,2421.1900000000005,divinopolis
764,garden_tools,2408.7,aracaju
765,toys,2407.2300000000005,teresina
766,furniture_decor,2406.55,vitoria
767,housewares,2402.54,novo hamburgo
768,auto,2402.46,maringa
769,cool_stuff,2402.14,barueri
770,computers,2400.0,campos dos goytacazes
771,computers,2400.0,riachao do jacuipe
772,health_beauty,2399.8,paranatinga
773,musical_instruments,2399.0,araguari
774,furniture_decor,2397.7000000000003,sao caetano do sul
775,perfumery,2394.92,recife
776,telephony,2394.75,natal
777,baby,2389.8,ribeirao preto
778,sports_leisure,2387.84,piracicaba
779,sports_leisure,2384.86,sao jose
780,baby,2376.41,ferraz de vasconcelos
781,auto,2374.9900000000002,taubate
782,computers,2370.0,piraju
783,home_construction,2363.2799999999997,salvador
784,construction_tools_construction,2355.8,praia grande
785,watches_gifts,2355.61,araxa
786,sports_leisure,2353.7,caldas novas
787,toys,2352.93,contagem
788,bed_bath_table,2347.13,taubate
789,bed_bath_table,2347.09,santa maria
790,computers_accessories,2346.0800000000004,indaiatuba
791,home_appliances_2,2345.0,maceio
792,watches_gifts,2340.7200000000003,itajai
793,home_appliances_2,2339.99,praia grande
794,auto,2334.2800000000007,volta redonda
795,toys,2332.5000000000005,joao pessoa
796,bed_bath_table,2329.1900000000005,paulinia
797,watches_gifts,2324.6400000000003,franca
798,health_beauty,2323.79,lages
799,auto,2323.39,varzea grande
800,watches_gifts,2314.4700000000003,praia grande
801,garden_tools,2307.9,taquara
802,sports_leisure,2307.2799999999997,anapolis
803,sports_leisure,2306.19,americana
804,housewares,2306.0,suzano
805,watches_gifts,2303.56,suzano
806,watches_gifts,2302.3999999999996,cotia
807,cool_stuff,2295.8900000000003,vila velha
808,musical_instruments,2295.45,maua
809,computers_accessories,2291.71,joinville
810,computers_accessories,2290.1000000000004,londrina
811,watches_gifts,2289.28,sao luis
812,fashion_bags_accessories,2287.6899999999996,niteroi
813,pet_shop,2285.1000000000004,santos
814,watches_gifts,2283.8,divinopolis
815,computers_accessories,2279.26,diadema
816,garden_tools,2277.2000000000003,teresina
817,bed_bath_table,2275.7900000000004,cuiaba
818,furniture_decor,2274.4000000000005,sao carlos
819,housewares,2272.09,maua
820,toys,2270.6,carapicuiba
821,cool_stuff,2267.31,caraguatatuba
822,furniture_decor,2267.2999999999997,presidente prudente
823,costruction_tools_tools,2257.9,goiania
824,bed_bath_table,2257.7400000000002,suzano
825,pet_shop,2257.0000000000005,curitiba
826,sports_leisure,2254.1500000000005,betim
827,electronics,2253.6100000000006,curitiba
828,baby,2251.27,recife
829,bed_bath_table,2246.46,petropolis
830,furniture_decor,2239.69,bauru
831,office_furniture,2239.4700000000003,fortaleza
832,garden_tools,2237.8,juazeiro
833,watches_gifts,2235.0,araguaina
834,toys,2234.88,caxias do sul
835,bed_bath_table,2234.66,caxias do sul
836,telephony,2233.67,sao goncalo
837,watches_gifts,2232.5,valinhos
838,telephony,2230.4300000000003,sao luis
839,health_beauty,2226.46,suzano
840,furniture_decor,2224.67,sao vicente
841,small_appliances,2221.63,sao bernardo do campo
842,pet_shop,2220.23,mogi das cruzes
843,perfumery,2219.04,indaiatuba
844,baby,2218.0,pinhais
845,health_beauty,2217.17,marilia
846,sports_leisure,2216.98,maceio
847,watches_gifts,2216.68,jaboatao dos guararapes
848,sports_leisure,2215.44,palmas
849,toys,2213.15,santos
850,computers_accessories,2212.78,belford roxo
851,computers_accessories,2212.07,santana de parnaiba
852,sports_leisure,2206.57,pouso alegre
853,cool_stuff,2206.25,gravatai
854,sports_leisure,2205.0,balsas
855,cool_stuff,2204.8500000000004,campo grande
856,sports_leisure,2204.19,cuiaba
857,watches_gifts,2203.05,itabuna
858,garden_tools,2200.0,pianco
859,computers,2199.99,quarai
860,computers_accessories,2199.9,santa cruz do sul
861,health_beauty,2199.49,caruaru
862,agro_industry_and_commerce,2199.0,nova friburgo
863,cool_stuff,2199.0,imperatriz
864,watches_gifts,2199.0,nova esperanca do piria
865,housewares,2198.170000000001,jundiai
866,,2195.8,lins
867,toys,2191.8500000000004,vitoria
868,watches_gifts,2190.9,avare
869,computers,2190.0,santo andre
870,furniture_decor,2189.9900000000002,aracaju
871,perfumery,2182.9,sao luis
872,computers_accessories,2169.5,espinosa
873,health_beauty,2168.54,vitoria da conquista
874,fashion_bags_accessories,2166.5000000000005,campinas
875,perfumery,2166.25,belem
876,cool_stuff,2161.53,montes claros
877,garden_tools,2154.4400000000005,montes claros
878,pet_shop,2150.92,caxias do sul
879,watches_gifts,2150.0,guararapes
880,computers_accessories,2149.5199999999995,macapa
881,auto,2148.15,indaiatuba
882,watches_gifts,2144.79,barretos
883,electronics,2144.66,fortaleza
884,health_beauty,2143.52,mage
885,computers_accessories,2142.4000000000005,contagem
886,cool_stuff,2139.99,sobral
887,office_furniture,2135.2200000000003,niteroi
888,garden_tools,2134.5600000000004,belem
889,stationery,2132.1099999999997,natal
890,stationery,2132.0900000000006,santo andre
891,sports_leisure,2131.75,cachoeira do sul
892,garden_tools,2130.0,itapiranga
893,baby,2127.7599999999998,araras
894,health_beauty,2127.2400000000002,olinda
895,bed_bath_table,2124.75,santana de parnaiba
896,pet_shop,2123.38,recife
897,housewares,2123.3500000000004,santa maria
898,stationery,2122.0200000000004,salvador
899,computers_accessories,2121.75,volta redonda
900,furniture_decor,2120.37,joao pessoa
901,health_beauty,2117.09,taboao da serra
902,telephony,2116.34,niteroi
903,electronics,2114.4700000000003,niteroi
904,consoles_games,2113.37,brasilia
905,sports_leisure,2112.79,sumare
906,auto,2109.8100000000004,jundiai
907,furniture_decor,2109.2799999999997,guaruja
908,computers_accessories,2108.0299999999997,divinopolis
909,computers_accessories,2107.98,serra
910,health_beauty,2107.9500000000003,cachoeiro de itapemirim
911,,2106.08,campinas
912,watches_gifts,2104.79,indaiatuba
913,health_beauty,2096.29,sao carlos
914,furniture_decor,2094.27,praia grande
915,furniture_decor,2093.5800000000004,pelotas
916,home_appliances_2,2090.99,sorocaba
917,home_appliances,2090.0,campina grande
918,small_appliances,2089.9,cuiaba
919,musical_instruments,2089.0,contagem
920,baby,2087.7000000000003,varzea paulista
921,housewares,2086.87,itajai
922,furniture_decor,2086.2299999999996,taubate
923,sports_leisure,2085.98,maringa
924,housewares,2084.9900000000007,teresopolis
925,bed_bath_table,2083.46,valinhos
926,garden_tools,2078.9,posse
927,computers_accessories,2076.2700000000004,nova iguacu
928,fashion_bags_accessories,2074.07,sao bernardo do campo
929,electronics,2073.0800000000004,campinas
930,small_appliances_home_oven_and_coffee,2070.9,belo horizonte
931,home_appliances_2,2070.0,muriae
932,baby,2069.93,barueri
933,consoles_games,2069.76,curitiba
934,small_appliances,2068.59,nova lima
935,health_beauty,2067.77,barbacena
936,,2065.44,sao bernardo do campo
937,perfumery,2064.79,florianopolis
938,construction_tools_safety,2062.99,ponta pora
939,stationery,2061.9700000000003,recife
940,health_beauty,2061.24,americana
941,bed_bath_table,2058.22,passo fundo
942,computers,2049.99,maceio
943,audio,2048.23,brasilia
944,health_beauty,2045.99,campo formoso
945,housewares,2045.4300000000003,recife
946,health_beauty,2041.8600000000001,campina grande
947,watches_gifts,2038.0,santa vitoria
948,health_beauty,2036.87,botucatu
949,computers,2036.0,belo horizonte
950,bed_bath_table,2035.0,cosmopolis
951,health_beauty,2034.02,bauru
952,baby,2031.89,governador valadares
953,bed_bath_table,2029.3999999999999,teresina
954,furniture_decor,2027.3200000000006,vila velha
955,pet_shop,2026.48,juiz de fora
956,watches_gifts,2024.8899999999999,laranjeiras do sul
957,auto,2022.26,governador valadares
958,watches_gifts,2020.6999999999998,cachoeiro de itapemirim
959,sports_leisure,2019.5699999999997,cascavel
960,office_furniture,2018.8000000000002,sao luis
961,toys,2018.4900000000002,uberlandia
962,auto,2017.47,tres rios
963,stationery,2016.8200000000002,sao bernardo do campo
964,garden_tools,2016.48,recife
965,housewares,2016.27,taubate
966,bed_bath_table,2015.0200000000004,joinville
967,health_beauty,2012.3000000000002,cariacica
968,computers_accessories,2010.9,barbacena
969,telephony,2010.3900000000003,sorocaba
970,garden_tools,2010.3100000000002,santo andre
971,sports_leisure,2009.68,petropolis
972,housewares,2008.69,nova friburgo
973,computers_accessories,2007.72,feira de santana
974,pet_shop,2007.71,uberlandia
975,watches_gifts,2005.9399999999998,cabo frio
976,office_furniture,2004.61,florianopolis
977,telephony,2004.2900000000004,goiania
978,auto,1999.99,sao pedro
979,small_appliances_home_oven_and_coffee,1999.0,ariquemes
980,computers_accessories,1999.0,trindade do sul
981,small_appliances_home_oven_and_coffee,1999.0,araguaina
982,toys,1997.42,volta redonda
983,musical_instruments,1997.0,cruzeiro do sul
984,musical_instruments,1997.0,catanduva
985,musical_instruments,1997.0,engenheiro navarro
986,baby,1995.99,arcos
987,kitchen_dining_laundry_garden_furniture,1994.29,curitiba
988,home_construction,1993.9,porto alegre
989,musical_instruments,1990.0,araujos
990,,1989.0,agrestina
991,,1989.0,catole do rocha
992,perfumery,1986.96,sao caetano do sul
993,computers_accessories,1986.9,vitoria
994,auto,1986.8300000000002,aracaju
995,garden_tools,1985.8500000000001,nova friburgo
996,luggage_accessories,1985.53,guarulhos
997,computers_accessories,1984.8700000000001,taubate
998,cool_stuff,1982.9,teresina
999,housewares,1981.3200000000002,campos dos goytacazes
1000,garden_tools,1980.88,manaus
1001,cool_stuff,1977.64,joinville
1002,health_beauty,1977.3300000000004,itapevi
1003,health_beauty,1974.24,sao joao de meriti
1004,consoles_games,1973.4800000000005,mogi das cruzes
1005,housewares,1973.2800000000002,sao caetano do sul
1006,sports_leisure,1972.44,suzano
1007,watches_gifts,1969.8000000000002,campo grande
1008,furniture_decor,1967.4700000000003,joinville
1009,market_place,1964.0,valente
1010,cool_stuff,1962.5200000000004,sao caetano do sul
1011,computers_accessories,1961.8200000000002,itajuba
1012,computers_accessories,1960.7400000000002,manaus
1013,small_appliances,1958.0,embu das artes
1014,small_appliances,1957.49,campinas
1015,health_beauty,1957.27,petrolina
1016,computers_accessories,1956.22,cotia
1017,garden_tools,1955.15,piracicaba
1018,baby,1954.78,palmas
1019,garden_tools,1952.8499999999997,osasco
1020,sports_leisure,1951.2400000000002,rio claro
1021,perfumery,1950.39,sao jose do rio preto
1022,musical_instruments,1949.9,cuiaba
1023,housewares,1949.2600000000002,contagem
1024,bed_bath_table,1948.7200000000003,americana
1025,bed_bath_table,1946.4700000000003,teresopolis
1026,bed_bath_table,1943.14,jandira
1027,bed_bath_table,1940.6600000000003,rio das ostras
1028,musical_instruments,1939.17,niteroi
1029,fashion_shoes,1935.7899999999997,sao paulo
1030,baby,1933.08,campo grande
1031,garden_tools,1932.89,campo grande
1032,cool_stuff,1932.37,santa maria
1033,cool_stuff,1930.8200000000002,cuiaba
1034,toys,1928.3400000000001,juiz de fora
1035,bed_bath_table,1925.4899999999998,arraial do cabo
1036,perfumery,1924.8199999999997,santos
1037,auto,1922.8,jandira
1038,computers_accessories,1921.82,anapolis
1039,electronics,1917.4200000000003,porto alegre
1040,luggage_accessories,1914.62,fortaleza
1041,cool_stuff,1914.42,taboao da serra
1042,cool_stuff,1912.63,ribeirao preto
1043,perfumery,1909.9699999999998,contagem
1044,pet_shop,1906.6700000000003,goiania
1045,auto,1905.3,cocal do sul
1046,sports_leisure,1905.04,ponta grossa
1047,office_furniture,1904.7100000000003,recife
1048,toys,1903.45,florianopolis
1049,sports_leisure,1902.6100000000001,araraquara
1050,watches_gifts,1900.4899999999998,hortolandia
1051,musical_instruments,1899.12,petrolina
1052,small_appliances,1899.05,mandaguari
1053,musical_instruments,1899.0,pereira barreto
1054,agro_industry_and_commerce,1899.0,vespasiano
1055,computers,1899.0,campinas
1056,auto,1898.5600000000002,petropolis
1057,baby,1898.0,birigui
1058,sports_leisure,1894.9,cerqueira cesar
1059,watches_gifts,1892.1999999999998,bauru
1060,musical_instruments,1890.0,braganca paulista
1061,musical_instruments,1890.0,fazenda rio grande
1062,small_appliances,1890.0,birigui
1063,food_drink,1889.13,rio de janeiro
1064,bed_bath_table,1888.4100000000003,araraquara
1065,health_beauty,1888.27,maringa
1066,watches_gifts,1887.99,itajuba
1067,consoles_games,1886.59,jundiai
1068,home_confort,1883.1900000000005,belo horizonte
1069,health_beauty,1881.3799999999999,franca
1070,health_beauty,1880.7800000000002,criciuma
1071,auto,1880.0,encantado
1072,auto,1880.0,guacui
1073,bed_bath_table,1878.6,ipatinga
1074,garden_tools,1875.8100000000004,sorocaba
1075,health_beauty,1875.62,hortolandia
1076,sports_leisure,1872.1999999999998,porto velho
1077,bed_bath_table,1871.7200000000003,itapevi
1078,health_beauty,1870.9499999999998,picos
1079,garden_tools,1870.49,salto
1080,watches_gifts,1868.7900000000002,araras
1081,furniture_decor,1866.85,sao luis
1082,home_appliances_2,1865.5300000000002,belo horizonte
1083,health_beauty,1865.3500000000001,sumare
1084,bed_bath_table,1864.9,castilho
1085,construction_tools_construction,1863.3,sao joao de meriti
1086,garden_tools,1862.97,artur nogueira
1087,garden_tools,1861.92,concordia
1088,office_furniture,1860.47,belem
1089,computers,1860.0,piracicaba
1090,computers,1859.97,anapolis
1091,computers,1859.97,serra negra
1092,consoles_games,1859.48,belem
1093,office_furniture,1858.65,taboao da serra
1094,perfumery,1858.06,maua
1095,computers_accessories,1857.9199999999996,paulinia
1096,furniture_decor,1857.7399999999998,sao goncalo
1097,electronics,1856.44,paranagua
1098,housewares,1853.2300000000002,bauru
1099,home_appliances,1853.1299999999999,curitiba
1100,health_beauty,1850.77,mogi-guacu
1101,fashion_bags_accessories,1850.3300000000002,porto alegre
1102,electronics,1850.0,sape
1103,auto,1849.48,mage
1104,watches_gifts,1848.8899999999999,tres rios
1105,watches_gifts,1848.79,pindamonhangaba
1106,housewares,1847.5599999999997,diadema
1107,luggage_accessories,1846.3500000000001,salvador
1108,bed_bath_table,1844.37,sao luis
1109,housewares,1844.29,joinville
1110,cool_stuff,1841.5800000000002,balneario camboriu
1111,garden_tools,1839.89,paracambi
1112,sports_leisure,1839.4,parnamirim
1113,toys,1837.8700000000001,cuiaba
1114,furniture_decor,1837.6799999999998,volta redonda
1115,,1836.42,curitiba
1116,sports_leisure,1836.38,feira de santana
1117,luggage_accessories,1833.1599999999999,campinas
1118,sports_leisure,1831.19,sete lagoas
1119,sports_leisure,1830.19,alvorada
1120,computers,1830.0,sao bernardo do campo
1121,garden_tools,1828.88,araraquara
1122,computers_accessories,1827.98,sao goncalo
1123,toys,1827.81,vila velha
1124,furniture_decor,1826.98,uberlandia
1125,health_beauty,1826.2599999999998,muriae
1126,watches_gifts,1824.5,arapiraca
1127,watches_gifts,1822.97,sao mateus
1128,office_furniture,1821.73,cicero dantas
1129,furniture_decor,1820.44,maua
1130,watches_gifts,1819.8500000000001,mesquita
1131,health_beauty,1818.8000000000002,tucurui
1132,sports_leisure,1817.82,caxias do sul
1133,computers_accessories,1814.6100000000001,duque de caxias
1134,toys,1814.09,marilia
1135,furniture_decor,1811.8700000000001,resende
1136,sports_leisure,1810.18,macae
1137,computers_accessories,1809.32,maceio
1138,computers_accessories,1806.61,jatai
1139,furniture_decor,1804.5299999999997,petropolis
1140,home_appliances,1802.43,brasilia
1141,watches_gifts,1802.0,governador valadares
1142,watches_gifts,1800.59,itaquaquecetuba
1143,health_beauty,1800.1000000000001,barra mansa
1144,toys,1800.0200000000002,mogi das cruzes
1145,sports_leisure,1799.71,carapicuiba
1146,small_appliances_home_oven_and_coffee,1799.0,mariental
1147,computers,1798.9,porto alegre
1148,small_appliances,1798.3000000000002,niteroi
1149,pet_shop,1798.0,arapiraca
1150,housewares,1793.9099999999999,londrina
1151,musical_instruments,1790.0,sobral
1152,office_furniture,1783.8000000000002,juiz de fora
1153,furniture_decor,1783.08,sao jose do rio preto
1154,small_appliances,1782.8500000000001,florianopolis
1155,baby,1781.59,itu
1156,watches_gifts,1779.9,luziania
1157,fashion_bags_accessories,1778.99,lagoa santa
1158,musical_instruments,1775.9,betim
1159,musical_instruments,1775.78,guarapari
1160,sports_leisure,1773.0100000000002,aracatuba
1161,housewares,1772.76,sao carlos
1162,cool_stuff,1770.43,macae
1163,computers_accessories,1768.8700000000003,valinhos
1164,cool_stuff,1765.2500000000002,serra
1165,sports_leisure,1764.64,governador valadares
1166,toys,1760.84,serra
1167,,1758.9,rio das ostras
1168,watches_gifts,1758.7,tatui
1169,bed_bath_table,1756.73,blumenau
1170,auto,1756.3899999999999,serra
1171,watches_gifts,1755.6100000000001,abaetetuba
1172,watches_gifts,1753.46,montes claros
1173,sports_leisure,1753.02,duque de caxias
1174,furniture_decor,1752.8700000000001,rio grande
1175,computers_accessories,1750.7799999999997,americana
1176,,1750.53,fortaleza
1177,office_furniture,1749.63,cajamar
1178,bed_bath_table,1748.9899999999998,caratinga
1179,audio,1748.79,curitiba
1180,sports_leisure,1747.89,petrolina
1181,furniture_decor,1747.6399999999999,maceio
1182,bed_bath_table,1745.8100000000002,belford roxo
1183,housewares,1745.1299999999999,vila velha
1184,toys,1745.06,nova iguacu
1185,pet_shop,1744.46,porto alegre
1186,bed_bath_table,1743.9,atibaia
1187,bed_bath_table,1740.9699999999998,criciuma
1188,musical_instruments,1737.9,pouso alegre
1189,garden_tools,1737.0,pires do rio
1190,home_construction,1736.8000000000002,campinas
1191,baby,1736.6699999999998,sao jose dos campos
1192,sports_leisure,1734.1200000000001,guaruja
1193,sports_leisure,1734.02,foz do iguacu
1194,furniture_decor,1733.3999999999999,campos dos goytacazes
1195,bed_bath_table,1732.02,marilia
1196,cool_stuff,1731.29,dourados
1197,construction_tools_construction,1729.26,maringa
1198,bed_bath_table,1729.0900000000001,sete lagoas
1199,bed_bath_table,1729.01,uberaba
1200,watches_gifts,1728.9,toledo
1201,furniture_decor,1728.5400000000004,araxa
1202,furniture_decor,1728.38,cotia
1203,computers_accessories,1727.83,praia grande
1204,garden_tools,1726.6399999999999,sao jose do rio preto
1205,auto,1726.2199999999998,limeira
1206,health_beauty,1722.35,carapicuiba
1207,housewares,1718.65,canoas
1208,furniture_decor,1717.41,duque de caxias
1209,sports_leisure,1716.35,sao miguel do oeste
1210,baby,1710.5900000000004,porto velho
1211,pet_shop,1710.51,guarulhos
1212,computers_accessories,1706.88,santa maria
1213,furniture_decor,1705.9899999999998,macae
1214,electronics,1705.3899999999999,paranavai
1215,computers_accessories,1703.65,cabo frio
1216,luggage_accessories,1703.02,uberlandia
1217,computers_accessories,1700.87,uberlandia
1218,housewares,1700.02,passo fundo
1219,computers,1700.0,aparecida de goiania
1220,industry_commerce_and_business,1699.99,quata
1221,bed_bath_table,1699.1799999999998,betim
1222,watches_gifts,1698.99,santa juliana
1223,sports_leisure,1698.99,missal
1224,home_appliances_2,1697.0,criciuma
1225,electronics,1693.99,guaxupe
1226,cool_stuff,1693.6800000000003,bauru
1227,housewares,1691.2,sao goncalo
1228,toys,1690.52,sorocaba
1229,computers_accessories,1690.3,primavera do leste
1230,watches_gifts,1689.6000000000001,sao jose
1231,garden_tools,1688.0,feliz
1232,auto,1687.6400000000003,juiz de fora
1233,computers_accessories,1687.5700000000002,chapeco
1234,bed_bath_table,1686.4799999999998,serra
1235,housewares,1684.3999999999999,assis
1236,luggage_accessories,1684.3,porto alegre
1237,telephony,1682.3400000000001,sao jose dos campos
1238,perfumery,1681.1899999999998,barra mansa
1239,health_beauty,1680.12,araguari
1240,musical_instruments,1679.6,timoteo
1241,small_appliances,1679.46,joao pessoa
1242,,1677.8799999999999,cascavel
1243,watches_gifts,1677.68,gravatai
1244,furniture_decor,1674.4299999999998,blumenau
1245,computers_accessories,1673.99,taboao da serra
1246,computers_accessories,1673.4599999999998,governador valadares
1247,health_beauty,1672.94,braganca paulista
1248,health_beauty,1672.0100000000002,guaratingueta
1249,health_beauty,1670.0,sanharo
1250,health_beauty,1670.0,escada
1251,health_beauty,1669.05,rio grande
1252,cool_stuff,1667.33,cascavel
1253,home_appliances,1666.1,santos
1254,baby,1665.79,cascavel
1255,furniture_decor,1663.81,jacarei
1256,sports_leisure,1663.78,ipatinga
1257,sports_leisure,1660.78,amparo
1258,office_furniture,1660.73,guarulhos
1259,musical_instruments,1660.0,juina
1260,watches_gifts,1659.8,beberibe
1261,construction_tools_safety,1658.83,vitoria da conquista
1262,health_beauty,1658.82,pirassununga
1263,bed_bath_table,1656.83,paracatu
1264,watches_gifts,1656.0,guaratingueta
1265,fixed_telephony,1655.99,itaperuna
1266,watches_gifts,1655.38,manaus
1267,health_beauty,1655.3700000000001,ponta grossa
1268,,1654.23,jundiai
1269,sports_leisure,1653.0,bom jesus da lapa
1270,housewares,1652.96,ipatinga
1271,health_beauty,1651.5600000000002,pocos de caldas
1272,auto,1650.99,mococa
1273,watches_gifts,1650.0,andradas
1274,consoles_games,1649.8000000000002,ferraz de vasconcelos
1275,furniture_decor,1649.7799999999997,taboao da serra
1276,sports_leisure,1649.2000000000003,cabo frio
1277,construction_tools_construction,1648.9,pouso alegre
1278,baby,1648.0,sao luiz gonzaga
1279,sports_leisure,1647.97,cotia
1280,housewares,1646.08,sao jose
1281,sports_leisure,1644.99,boa esperanca
1282,sports_leisure,1643.7000000000003,patos de minas
1283,toys,1640.85,nova friburgo
1284,garden_tools,1638.83,serra
1285,health_beauty,1637.26,ribeirao das neves
1286,health_beauty,1637.25,jacarei
1287,pet_shop,1636.7,campos dos goytacazes
1288,sports_leisure,1633.99,toledo
1289,computers_accessories,1632.35,pindamonhangaba
1290,health_beauty,1630.0,vila velha
1291,home_construction,1629.78,guarulhos
1292,housewares,1628.56,guaratingueta
1293,industry_commerce_and_business,1626.8000000000002,rio de janeiro
1294,health_beauty,1626.58,sao jose
1295,auto,1625.3,montes claros
1296,auto,1625.0,aparecida do taboado
1297,cool_stuff,1624.8899999999999,maua
1298,sports_leisure,1622.97,olinda
1299,sports_leisure,1622.49,taio
1300,housewares,1620.18,amparo
1301,computers,1619.99,teresina
1302,construction_tools_safety,1617.46,rio de janeiro
1303,construction_tools_lights,1616.0,santo andre
1304,stationery,1615.29,sorocaba
1305,housewares,1613.2800000000002,rio verde
1306,computers_accessories,1613.11,betim
1307,health_beauty,1611.15,serra
1308,fashion_bags_accessories,1611.06,sao luis
1309,telephony,1609.6,ribeirao das neves
1310,air_conditioning,1603.0,santo andre
1311,home_confort,1602.4800000000002,campinas
1312,computers,1599.99,loreto
1313,computers,1599.99,ipira
1314,computers,1599.99,londrina
1315,computers,1599.99,praia grande
1316,computers,1599.99,balneario camboriu
1317,computers,1599.99,nova iguacu
1318,computers,1599.99,embu-guacu
1319,health_beauty,1599.3799999999999,itaquaquecetuba
1320,air_conditioning,1599.0,rolandia
1321,fashion_bags_accessories,1598.9,betim
1322,baby,1598.8899999999999,pouso alegre
1323,stationery,1598.79,canoas
1324,luggage_accessories,1597.6,juiz de fora
1325,health_beauty,1597.35,maragogi
1326,auto,1596.0,buritizeiro
1327,office_furniture,1596.0,vitoria da conquista
1328,bed_bath_table,1594.8899999999999,hortolandia
1329,perfumery,1594.77,maceio
1330,consoles_games,1594.1799999999998,maceio
1331,stationery,1593.33,fortaleza
1332,housewares,1592.8300000000002,juiz de fora
1333,watches_gifts,1591.2,tailandia
1334,small_appliances,1590.0,barreiras
1335,auto,1589.77,duque de caxias
1336,small_appliances,1589.0,taio
1337,,1586.71,guarulhos
1338,baby,1584.18,fortaleza
1339,computers_accessories,1581.8700000000003,lavras
1340,luggage_accessories,1581.48,santos
1341,electronics,1580.27,belem
1342,computers,1580.0,paulo afonso
1343,perfumery,1579.5900000000001,uberaba
1344,sports_leisure,1578.6800000000003,palhoca
1345,computers_accessories,1578.06,guaruja
1346,bed_bath_table,1577.44,pouso alegre
1347,computers_accessories,1576.7200000000003,sao joao da boa vista
1348,furniture_living_room,1574.76,niteroi
1349,computers_accessories,1573.71,sao jose do rio preto
1350,telephony,1573.2500000000002,angra dos reis
1351,pet_shop,1573.06,santo andre
1352,telephony,1572.88,maceio
1353,art,1571.77,rio de janeiro
1354,bed_bath_table,1571.5800000000004,extrema
1355,computers_accessories,1570.75,sao joao de meriti
1356,computers_accessories,1570.2900000000002,blumenau
1357,auto,1569.66,carapicuiba
1358,perfumery,1567.9899999999998,pelotas
1359,office_furniture,1567.3600000000001,nova iguacu
1360,musical_instruments,1564.69,sorocaba
1361,health_beauty,1561.3899999999999,manaus
1362,home_appliances_2,1561.0,rio grande
1363,auto,1560.28,sao joao de meriti
1364,garden_tools,1558.9199999999998,pelotas
1365,home_appliances_2,1558.0,santa maria
1366,food,1556.2600000000002,rio de janeiro
1367,pet_shop,1555.5500000000002,niteroi
1368,bed_bath_table,1555.2500000000002,cabo frio
1369,auto,1554.79,pirapora do bom jesus
1370,housewares,1553.84,governador valadares
1371,baby,1553.69,serra
1372,baby,1553.1299999999999,natal
1373,watches_gifts,1551.99,nova friburgo
1374,computers,1549.99,rondonopolis
1375,computers,1549.99,petrolina
1376,health_beauty,1548.15,cascavel
1377,sports_leisure,1545.2999999999997,novo hamburgo
1378,small_appliances_home_oven_and_coffee,1545.0,santo andre
1379,telephony,1543.9099999999999,florianopolis
1380,auto,1541.37,praia grande
1381,furniture_decor,1540.0,bofete
1382,telephony,1538.8200000000002,belem
1383,housewares,1538.2100000000003,marilia
1384,consoles_games,1536.1399999999999,santos
1385,toys,1535.37,bauru
1386,housewares,1534.84,cuiaba
1387,watches_gifts,1531.8000000000002,chapeco
1388,housewares,1531.2199999999998,americana
1389,garden_tools,1529.3899999999999,canoas
1390,sports_leisure,1528.54,balneario camboriu
1391,watches_gifts,1528.4,caratinga
1392,perfumery,1522.21,campos dos goytacazes
1393,pet_shop,1521.66,sao bernardo do campo
1394,watches_gifts,1520.99,poa
1395,garden_tools,1520.9700000000003,caxias do sul
1396,computers,1520.0,belem
1397,sports_leisure,1518.99,cunha
1398,cool_stuff,1518.66,sao jose dos pinhais
1399,toys,1518.26,joinville
1400,perfumery,1516.53,londrina
1401,small_appliances,1514.3,timbo
1402,auto,1514.03,linhares
1403,pet_shop,1511.48,belem
1404,computers_accessories,1510.9000000000003,rio grande
1405,baby,1508.9,itapeva
1406,telephony,1508.4500000000003,teresina
1407,stationery,1508.4299999999998,osasco
1408,,1508.3,carapicuiba
1409,garden_tools,1506.37,contagem
1410,baby,1505.8600000000001,dourados
1411,housewares,1505.08,guaruja
1412,health_beauty,1504.74,jau
1413,health_beauty,1503.73,sao joao del rei
1414,watches_gifts,1502.6999999999998,guaruja
1415,furniture_decor,1501.5,taiobeiras
1416,cool_stuff,1499.05,embu das artes
1417,small_appliances_home_oven_and_coffee,1499.0,vicosa
1418,sports_leisure,1498.21,assis
1419,cool_stuff,1497.19,uberlandia
1420,watches_gifts,1497.0,queimadas
1421,garden_tools,1495.9,lajeado
1422,health_beauty,1494.22,atibaia
1423,computers_accessories,1494.12,botucatu
1424,sports_leisure,1492.67,presidente prudente
1425,health_beauty,1492.1799999999998,alfenas
1426,bed_bath_table,1490.1699999999998,barra mansa
1427,auto,1489.9500000000003,embu das artes
1428,furniture_decor,1489.4099999999999,balneario camboriu
1429,cool_stuff,1486.54,sao jose do rio preto
1430,cool_stuff,1486.0200000000002,caxias do sul
1431,computers_accessories,1484.97,pirapora
1432,watches_gifts,1483.64,amparo
1433,furniture_decor,1483.6,santa maria
1434,cool_stuff,1482.85,passo fundo
1435,health_beauty,1482.67,caxias do sul
1436,auto,1482.28,vitoria
1437,fashion_bags_accessories,1481.65,fortaleza
1438,housewares,1481.1999999999998,indaiatuba
1439,watches_gifts,1480.9,linhares
1440,garden_tools,1480.1499999999999,campos dos goytacazes
1441,health_beauty,1478.73,mogi mirim
1442,agro_industry_and_commerce,1476.3,maceio
1443,watches_gifts,1475.26,pelotas
1444,computers_accessories,1473.3100000000002,criciuma
1445,bed_bath_table,1471.3799999999999,rio grande
1446,bed_bath_table,1469.0,patos de minas
1447,cool_stuff,1468.8899999999999,uniao da vitoria
1448,watches_gifts,1468.4899999999998,aracaju
1449,cool_stuff,1468.17,carapicuiba
1450,auto,1467.6999999999998,avare
1451,health_beauty,1467.6200000000001,sao vicente
1452,health_beauty,1463.96,presidente prudente
1453,perfumery,1462.3799999999997,carapicuiba
1454,furniture_decor,1457.6999999999998,guarapuava
1455,watches_gifts,1456.7000000000003,passo fundo
1456,fashion_male_clothing,1456.1999999999998,sao paulo
1457,auto,1456.0400000000002,sao jose
1458,health_beauty,1455.73,colatina
1459,health_beauty,1455.27,itatiba
1460,housewares,1453.5800000000004,lauro de freitas
1461,toys,1452.8000000000004,americana
1462,health_beauty,1452.69,tres lagoas
1463,cool_stuff,1452.29,barra mansa
1464,office_furniture,1450.8400000000001,sao goncalo
1465,garden_tools,1450.0,ibitita
1466,watches_gifts,1448.6,rio branco
1467,watches_gifts,1447.67,sao caetano do sul
1468,consoles_games,1447.07,sorocaba
1469,cool_stuff,1446.6399999999999,diadema
1470,furniture_decor,1446.4299999999998,diadema
1471,perfumery,1446.3799999999997,natal
1472,housewares,1445.76,jacarei
1473,consoles_games,1444.98,itaquaquecetuba
1474,auto,1443.21,guaruja
1475,perfumery,1442.9,vitoria
1476,bed_bath_table,1442.7399999999998,foz do iguacu
1477,home_appliances_2,1439.9,natal
1478,sports_leisure,1439.79,nova friburgo
1479,watches_gifts,1438.3200000000002,palmas
1480,home_construction,1437.74,marilia
1481,computers,1437.0,antonina
1482,computers,1437.0,ibirite
1483,computers,1437.0,patos de minas
1484,computers,1437.0,periquito
1485,computers,1437.0,almenara
1486,computers,1437.0,ipatinga
1487,computers,1437.0,vicosa
1488,computers,1437.0,juazeiro do norte
1489,computers,1437.0,bacabal
1490,computers,1437.0,macapa
1491,computers,1437.0,niteroi
1492,air_conditioning,1436.8400000000001,belo horizonte
1493,sports_leisure,1434.38,quissama
1494,watches_gifts,1433.9,valenca
1495,construction_tools_construction,1433.78,recife
1496,books_general_interest,1433.75,rio de janeiro
1497,furniture_decor,1433.5200000000002,cariacica
1498,bed_bath_table,1431.85,botucatu
1499,sports_leisure,1431.6499999999999,lorena
1500,watches_gifts,1431.59,sao sebastiao
1501,health_beauty,1429.9,costa marques
1502,toys,1428.9,santana do livramento
1503,bed_bath_table,1428.27,jaguariuna
1504,cool_stuff,1426.92,uberaba
1505,bed_bath_table,1426.5500000000002,francisco morato
1506,health_beauty,1425.24,duque de caxias
1507,garden_tools,1424.5400000000002,jacobina
1508,musical_instruments,1424.0,aracatuba
1509,luggage_accessories,1424.0,cascavel
1510,home_construction,1423.75,santos
1511,computers_accessories,1423.7299999999998,franca
1512,bed_bath_table,1423.4099999999999,franco da rocha
1513,bed_bath_table,1422.08,nova friburgo
1514,computers_accessories,1421.8000000000002,pouso alegre
1515,bed_bath_table,1421.46,barbacena
1516,audio,1421.1899999999998,belo horizonte
1517,health_beauty,1420.85,blumenau
1518,dvds_blu_ray,1420.0,sao vicente
1519,consoles_games,1418.99,aracaju
1520,health_beauty,1418.89,ponte nova
1521,telephony,1417.77,ponta grossa
1522,small_appliances,1417.7,aracaju
1523,telephony,1417.3899999999999,maua
1524,computers_accessories,1416.45,jaboatao dos guararapes
1525,construction_tools_construction,1414.38,niteroi
1526,telephony,1413.78,cuiaba
1527,health_beauty,1413.7600000000002,rondonopolis
1528,watches_gifts,1412.9,macapa
1529,home_construction,1411.89,sorocaba
1530,housewares,1411.3000000000002,nova lima
1531,bed_bath_table,1411.2400000000002,guarapari
1532,housewares,1410.37,sao luis
1533,auto,1410.13,barueri
1534,bed_bath_table,1410.02,jacarei
1535,electronics,1409.8999999999999,blumenau
1536,furniture_decor,1409.88,serra
1537,cool_stuff,1408.98,paranagua
1538,telephony,1407.98,ananindeua
1539,furniture_living_room,1405.6599999999999,brasilia
1540,telephony,1404.74,indaiatuba
1541,health_beauty,1404.27,paulinia
1542,watches_gifts,1403.9,jacarei
1543,consoles_games,1403.7900000000002,teresina
1544,books_imported,1402.83,sao paulo
1545,office_furniture,1402.49,vila velha
1546,perfumery,1402.1499999999996,cabo frio
1547,health_beauty,1401.48,rio branco
1548,home_appliances_2,1399.99,santo antonio da patrulha
1549,cool_stuff,1399.96,palhoca
1550,computers,1399.9,sobral
1551,home_confort,1399.6,porto alegre
1552,computers_accessories,1397.32,salinas
1553,garden_tools,1397.2800000000002,praia grande
1554,health_beauty,1396.45,lins
1555,housewares,1395.0,conceicao das alagoas
1556,auto,1393.93,joinville
1557,housewares,1392.6,teresina
1558,agro_industry_and_commerce,1390.0,sao jose dos pinhais
1559,garden_tools,1390.0,crissiumal
1560,home_appliances_2,1389.99,gravatai
1561,bed_bath_table,1389.4699999999998,itatiba
1562,bed_bath_table,1387.82,itu
1563,cool_stuff,1387.8,jaragua do sul
1564,computers_accessories,1387.1699999999998,presidente prudente
1565,baby,1386.79,nova friburgo
1566,health_beauty,1386.3400000000001,tatui
1567,home_appliances,1384.75,barueri
1568,bed_bath_table,1384.69,sao joao da boa vista
1569,cool_stuff,1384.18,guaratingueta
1570,construction_tools_construction,1384.0,januaria
1571,stationery,1383.3899999999999,nova iguacu
1572,air_conditioning,1382.4,pindamonhangaba
1573,furniture_decor,1380.9899999999998,carapicuiba
1574,bed_bath_table,1380.29,balneario camboriu
1575,sports_leisure,1380.05,londrina
1576,fixed_telephony,1380.0,campina grande
1577,furniture_living_room,1380.0,balsas
1578,fixed_telephony,1380.0,canoinhas
1579,fixed_telephony,1380.0,palmas
1580,sports_leisure,1378.6000000000001,itajai
1581,bed_bath_table,1378.1399999999999,peruibe
1582,computers_accessories,1377.77,toledo
1583,sports_leisure,1377.2,curitibanos
1584,electronics,1375.9300000000005,vitoria
1585,watches_gifts,1375.9,assis
1586,watches_gifts,1374.25,ferraz de vasconcelos
1587,auto,1373.57,suzano
1588,bed_bath_table,1372.6700000000005,montes claros
1589,telephony,1372.56,macae
1590,furniture_decor,1371.3500000000001,uniao da vitoria
1591,watches_gifts,1371.0500000000002,sete lagoas
1592,computers_accessories,1370.69,maua
1593,watches_gifts,1368.9900000000002,erechim
1594,health_beauty,1366.91,ananindeua
1595,perfumery,1366.7599999999998,mogi das cruzes
1596,construction_tools_construction,1365.77,limeira
1597,watches_gifts,1364.9,ilheus
1598,cool_stuff,1363.95,vitoria
1599,stationery,1362.6299999999999,florianopolis
1600,sports_leisure,1362.6000000000001,manaus
1601,auto,1362.47,betim
1602,sports_leisure,1362.0900000000001,rio grande
1603,housewares,1361.7599999999998,itaquaquecetuba
1604,health_beauty,1361.4899999999998,sorriso
1605,perfumery,1361.36,cotia
1606,watches_gifts,1360.69,atibaia
1607,health_beauty,1359.9,santana do jacare
1608,construction_tools_construction,1359.9,vitoria
1609,health_beauty,1359.9,bonfinopolis de minas
1610,telephony,1355.97,volta redonda
1611,home_appliances,1355.77,porto alegre
1612,auto,1355.07,cabo frio
1613,auto,1354.79,mogi das cruzes
1614,perfumery,1354.56,barueri
1615,computers_accessories,1354.54,uba
1616,toys,1350.0,bariri
1617,computers,1349.99,xanxere
1618,computers,1349.99,codo
1619,costruction_tools_garden,1349.9,russas
1620,office_furniture,1349.46,santa barbara d'oeste
1621,bed_bath_table,1349.3600000000001,cachoeiro de itapemirim
1622,pet_shop,1346.04,presidente prudente
1623,bed_bath_table,1345.7599999999998,ribeirao das neves
1624,health_beauty,1344.18,salinas
1625,watches_gifts,1343.6000000000001,santa barbara d'oeste
1626,computers_accessories,1343.0700000000002,carapicuiba
1627,cool_stuff,1342.5700000000002,marilia
1628,perfumery,1341.73,diadema
1629,auto,1341.6399999999999,pindamonhangaba
1630,watches_gifts,1341.5900000000001,sao vicente
1631,sports_leisure,1341.1299999999999,rio branco
1632,office_furniture,1340.77,mogi das cruzes
1633,computers,1340.0,petropolis
1634,computers,1340.0,chapeco
1635,computers,1340.0,pirpirituba
1636,computers,1340.0,manaus
1637,computers,1340.0,paranaita
1638,computers,1340.0,pacatuba
1639,housewares,1339.88,embu das artes
1640,garden_tools,1339.7999999999997,barueri
1641,furniture_decor,1339.36,sumare
1642,bed_bath_table,1337.83,itajai
1643,toys,1337.69,tubarao
1644,pet_shop,1335.38,contagem
1645,office_furniture,1334.51,diadema
1646,toys,1334.18,sao jose dos pinhais
1647,air_conditioning,1333.7,jundiai
1648,furniture_decor,1333.22,paulinia
1649,auto,1332.5,bage
1650,consoles_games,1331.95,valenca
1651,telephony,1331.59,montes claros
1652,air_conditioning,1330.0,valinhos
1653,office_furniture,1328.99,cascavel
1654,sports_leisure,1327.5,rio negro
1655,office_furniture,1326.5,itabira
1656,bed_bath_table,1326.06,conselheiro lafaiete
1657,telephony,1325.9,linhares
1658,cool_stuff,1325.05,jacarei
1659,fixed_telephony,1324.99,piracicaba
1660,garden_tools,1324.9,santarem
1661,kitchen_dining_laundry_garden_furniture,1323.8,brasilia
1662,watches_gifts,1323.0,campestre da serra
1663,agro_industry_and_commerce,1323.0,goiania
1664,auto,1322.95,tremembe
1665,cool_stuff,1320.06,piracicaba
1666,bed_bath_table,1319.8000000000002,sao jose
1667,auto,1319.8000000000002,paracambi
1668,bed_bath_table,1318.1899999999998,sao sebastiao
1669,sports_leisure,1317.78,taubate
1670,cool_stuff,1316.5900000000001,taubate
1671,furniture_decor,1316.4399999999998,rio branco
1672,electronics,1316.1299999999999,nova iguacu
1673,auto,1316.0,nova olinda
1674,health_beauty,1315.52,novo hamburgo
1675,sports_leisure,1314.76,chapeco
1676,stationery,1314.1999999999998,joao pessoa
1677,auto,1313.8,cruz alta
1678,health_beauty,1312.9699999999998,manhuacu
1679,toys,1312.52,votorantim
1680,consoles_games,1312.47,sao bernardo do campo
1681,housewares,1310.48,natal
1682,small_appliances,1310.0,cambe
1683,housewares,1308.94,santana de parnaiba
1684,computers_accessories,1308.4,sete lagoas
1685,computers_accessories,1307.2099999999998,teresopolis
1686,small_appliances,1305.99,aparecida
1687,computers_accessories,1305.9099999999999,marilia
1688,bed_bath_table,1305.57,vicosa
1689,perfumery,1305.18,limeira
1690,furniture_decor,1304.6399999999999,passo fundo
1691,cool_stuff,1302.56,canoas
1692,consoles_games,1302.46,santo andre
1693,musical_instruments,1301.69,feira de santana
1694,cool_stuff,1300.78,pocos de caldas
1695,home_appliances_2,1300.5,timbo
1696,bed_bath_table,1300.15,mogi-guacu
1697,computers,1300.0,barao ataliba nogueira
1698,computers,1300.0,esteio
1699,computers,1300.0,itabirito
1700,computers,1300.0,leme
1701,computers,1300.0,barra longa
1702,computers,1300.0,aracaju
1703,construction_tools_construction,1299.99,mucuri
1704,computers,1299.9,santos
1705,computers,1299.9,porto velho
1706,health_beauty,1299.9,joao camara
1707,computers,1299.9,itapaje
1708,health_beauty,1299.9,itaguacu
1709,perfumery,1299.19,caxias do sul
1710,pet_shop,1299.08,campo grande
1711,construction_tools_construction,1299.0,alta floresta
1712,watches_gifts,1299.0,santa fe de goias
1713,sports_leisure,1298.7,jaboticabal
1714,health_beauty,1297.99,russas
1715,baby,1297.99,promissao
1716,sports_leisure,1297.66,volta redonda
1717,computers_accessories,1297.3000000000002,taquaritinga
1718,musical_instruments,1297.25,itatinga
1719,housewares,1296.9,jaboatao dos guararapes
1720,luggage_accessories,1296.19,curitiba
1721,fixed_telephony,1295.0,volta redonda
1722,perfumery,1293.37,bauru
1723,health_beauty,1292.25,gravatai
1724,cool_stuff,1291.17,maceio
1725,watches_gifts,1290.8000000000002,araguari
1726,cool_stuff,1289.17,contagem
1727,,1289.0,ponte nova
1728,furniture_decor,1287.9,chapeco
1729,sports_leisure,1287.05,aracaju
1730,toys,1285.75,taboao da serra
1731,watches_gifts,1285.7,lajeado
1732,musical_instruments,1284.9,aracaju
1733,sports_leisure,1284.8,itajuba
1734,small_appliances,1283.77,guarulhos
1735,stationery,1283.3,tatui
1736,sports_leisure,1282.74,conselheiro lafaiete
1737,toys,1281.77,araraquara
1738,health_beauty,1280.52,caratinga
1739,watches_gifts,1280.5,blumenau
1740,health_beauty,1280.0,parauapebas
1741,auto,1280.0,ipira
1742,perfumery,1279.59,suzano
1743,bed_bath_table,1278.8600000000001,canoas
1744,furniture_decor,1278.04,teresopolis
1745,sports_leisure,1277.98,campo mourao
1746,luggage_accessories,1276.29,sao bernardo do campo
1747,auto,1275.29,angra dos reis
1748,housewares,1275.2,vicosa
1749,watches_gifts,1275.0,sao joao da boa vista
1750,watches_gifts,1272.9,araraquara
1751,watches_gifts,1272.8899999999999,armacao dos buzios
1752,industry_commerce_and_business,1272.0,brasilia
1753,furniture_decor,1270.9099999999999,novo hamburgo
1754,construction_tools_safety,1270.88,bauru
1755,health_beauty,1270.37,brusque
1756,watches_gifts,1269.89,mococa
1757,cool_stuff,1269.88,itajai
1758,auto,1269.09,jacarei
1759,fashion_underwear_beach,1268.95,sao paulo
1760,watches_gifts,1268.93,itanhaem
1761,baby,1268.9,leme
1762,cool_stuff,1268.88,nova friburgo
1763,baby,1268.7900000000002,mogi-guacu
1764,health_beauty,1268.6399999999999,patos de minas
1765,cool_stuff,1268.5300000000002,campos dos goytacazes
1766,auto,1268.32,vila velha
1767,health_beauty,1267.6200000000001,teresopolis
1768,cool_stuff,1266.8600000000001,betim
1769,bed_bath_table,1265.0,aparecida de goiania
1770,pet_shop,1262.7799999999997,teresina
1771,baby,1261.63,erechim
1772,fashion_bags_accessories,1261.5899999999997,santo andre
1773,cool_stuff,1261.26,petropolis
1774,agro_industry_and_commerce,1261.0,salvador
1775,sports_leisure,1260.6999999999998,boa vista
1776,sports_leisure,1259.59,ribeirao das neves
1777,toys,1259.28,mage
1778,housewares,1258.3,duque de caxias
1779,cool_stuff,1256.0700000000002,indaiatuba
1780,watches_gifts,1255.79,catanduva
1781,bed_bath_table,1255.6299999999999,itupeva
1782,furniture_decor,1253.97,palhoca
1783,baby,1252.9699999999998,carapicuiba
1784,bed_bath_table,1252.47,timoteo
1785,health_beauty,1252.23,tremembe
1786,toys,1251.73,jacarei
1787,bed_bath_table,1251.01,nilopolis
1788,perfumery,1250.49,taboao da serra
1789,health_beauty,1250.05,ribeirao pires
1790,garden_tools,1250.0,bom retiro do sul
1791,garden_tools,1250.0,altinopolis
1792,toys,1249.97,guaruja
1793,bed_bath_table,1249.76,cariacica
1794,watches_gifts,1249.49,ipueiras
1795,housewares,1248.95,itatiba
1796,health_beauty,1248.65,guarapuava
1797,furniture_decor,1248.56,rio claro
1798,baby,1248.48,uberlandia
1799,watches_gifts,1248.44,novo hamburgo
1800,toys,1247.1599999999999,canoas
1801,watches_gifts,1246.8000000000002,americana
1802,garden_tools,1246.5000000000002,botucatu
1803,baby,1246.38,varginha
1804,books_general_interest,1245.89,brasilia
1805,furniture_decor,1245.52,itanhaem
1806,furniture_decor,1244.28,limeira
1807,musical_instruments,1244.0,carapicuiba
1808,small_appliances,1243.69,ribeirao preto
1809,bed_bath_table,1243.46,itaquaquecetuba
1810,baby,1242.8,carangola
1811,health_beauty,1240.63,birigui
1812,health_beauty,1240.3700000000001,joacaba
1813,bed_bath_table,1240.1799999999998,sertaozinho
1814,toys,1239.56,campo grande
1815,computers_accessories,1239.0100000000002,montes claros
1816,watches_gifts,1239.0,caruaru
1817,garden_tools,1238.4000000000003,itapolis
1818,bed_bath_table,1237.0099999999998,santa barbara d'oeste
1819,stationery,1236.77,goiania
1820,office_furniture,1236.68,ribeirao preto
1821,computers_accessories,1236.37,natal
1822,health_beauty,1236.2099999999998,itajai
1823,sports_leisure,1236.05,vinhedo
1824,watches_gifts,1235.8899999999999,itapecerica da serra
1825,office_furniture,1235.3600000000001,colombo
1826,furniture_decor,1235.3,itajai
1827,agro_industry_and_commerce,1234.0,tapiratiba
1828,watches_gifts,1233.8,bage
1829,baby,1233.3000000000002,pocos de caldas
1830,cool_stuff,1232.29,guarapari
1831,market_place,1232.1799999999998,rio de janeiro
1832,bed_bath_table,1232.0,unai
1833,auto,1231.33,criciuma
1834,telephony,1230.99,tucurui
1835,computers_accessories,1230.78,rio branco
1836,computers_accessories,1230.77,nova lima
1837,garden_tools,1229.95,natal
1838,office_furniture,1229.2799999999997,cuiaba
1839,bed_bath_table,1228.7,varzea paulista
1840,garden_tools,1228.67,suzano
1841,home_construction,1228.5,osorio
1842,computers_accessories,1228.2599999999998,santa barbara d'oeste
1843,consoles_games,1226.8899999999999,caxias do sul
1844,cool_stuff,1225.9,itauna
1845,baby,1225.82,caraguatatuba
1846,telephony,1224.99,chapada
1847,bed_bath_table,1224.24,uba
1848,furniture_decor,1222.8799999999999,natal
1849,electronics,1222.74,teresina
1850,perfumery,1222.6999999999998,caraguatatuba
1851,sports_leisure,1221.56,nilopolis
1852,computers_accessories,1220.9,assis
1853,furniture_decor,1220.4699999999998,criciuma
1854,telephony,1220.02,osasco
1855,office_furniture,1219.77,sao jose do rio preto
1856,health_beauty,1219.6999999999998,santa barbara
1857,cool_stuff,1218.87,itapevi
1858,garden_tools,1218.85,sao joao de meriti
1859,sports_leisure,1217.99,francisco beltrao
1860,health_beauty,1217.25,espirito santo do pinhal
1861,sports_leisure,1216.58,valinhos
1862,auto,1216.3899999999999,macapa
1863,pet_shop,1215.9,divinopolis
1864,perfumery,1215.6599999999999,sao goncalo
1865,health_beauty,1215.58,rio verde
1866,garden_tools,1215.1599999999999,uberlandia
1867,computers_accessories,1215.15,lauro de freitas
1868,telephony,1214.99,bom conselho
1869,home_construction,1214.1,campo grande
1870,stationery,1213.49,jundiai
1871,consoles_games,1212.25,guarulhos
1872,watches_gifts,1211.9,trindade
1873,bed_bath_table,1209.9,joao pessoa
1874,baby,1209.77,rio das ostras
1875,computers_accessories,1207.98,nilopolis
1876,sports_leisure,1206.4,caieiras
1877,kitchen_dining_laundry_garden_furniture,1205.6999999999998,porto alegre
1878,toys,1205.5900000000001,petropolis
1879,bed_bath_table,1205.49,birigui
1880,pet_shop,1205.3999999999999,osasco
1881,baby,1204.79,altamira
1882,consoles_games,1203.93,salvador
1883,home_construction,1203.5,serra
1884,electronics,1203.37,sao jose dos campos
1885,sports_leisure,1202.9299999999998,braganca paulista
1886,sports_leisure,1202.73,joinville
1887,cool_stuff,1202.44,campina grande
1888,cool_stuff,1201.8600000000001,teresopolis
1889,bed_bath_table,1201.49,valenca
1890,baby,1200.29,hortolandia
1891,computers,1200.0,sao lourenco do sul
1892,computers,1200.0,bertioga
1893,computers,1200.0,camanducaia
1894,computers,1200.0,sao luis
1895,computers,1200.0,palmas
1896,computers,1200.0,porto uniao
1897,computers,1200.0,nova olinda do maranhao
1898,computers,1200.0,cedro de sao joao
1899,computers,1200.0,rio branco
1900,computers,1200.0,capivari
1901,computers,1200.0,alto paraiso
1902,computers,1200.0,pacaja
1903,watches_gifts,1200.0,pacaja
1904,furniture_decor,1199.95,panambi
1905,auto,1199.9,bom jesus do araguaia
1906,health_beauty,1199.9,colider
1907,,1199.6999999999998,maracanau
1908,small_appliances,1199.0,paulinia
1909,health_beauty,1199.0,tapiramuta
1910,electronics,1199.0,vargem grande paulista
1911,sports_leisure,1199.0,reginopolis
1912,small_appliances,1199.0,sao caetano do sul
1913,garden_tools,1199.0,passagem
1914,computers_accessories,1199.0,auriflama
1915,computers,1198.0,barra mansa
1916,computers,1198.0,santa cruz do capibaribe
1917,luggage_accessories,1197.9,imbuia
1918,construction_tools_construction,1195.0,maceio
1919,health_beauty,1194.78,aruja
1920,computers_accessories,1192.3000000000002,cariacica
1921,garden_tools,1191.7600000000002,ubatuba
1922,health_beauty,1190.65,coari
1923,home_appliances,1190.0,campos sales
1924,health_beauty,1189.9900000000002,volta redonda
1925,fixed_telephony,1189.98,santa maria
1926,fashion_bags_accessories,1189.3,contagem
1927,watches_gifts,1189.28,ipatinga
1928,health_beauty,1188.99,ji-parana
1929,toys,1188.4299999999998,sao caetano do sul
1930,housewares,1187.4899999999998,aracaju
1931,garden_tools,1186.0,ampere
1932,sports_leisure,1185.88,piratininga
1933,electronics,1185.5799999999997,guarulhos
1934,small_appliances,1184.5700000000002,salvador
1935,toys,1184.46,betim
1936,perfumery,1184.1799999999998,sao carlos
1937,computers_accessories,1184.17,pocos de caldas
1938,auto,1183.93,lages
1939,furniture_decor,1182.1,ananindeua
1940,furniture_decor,1181.73,sao jose dos pinhais
1941,furniture_decor,1181.68,ribeirao pires
1942,health_beauty,1181.49,boituva
1943,furniture_decor,1181.4,itaborai
1944,garden_tools,1180.58,cachoeirinha
1945,cool_stuff,1180.06,ipatinga
1946,furniture_decor,1178.3999999999999,pouso alegre
1947,toys,1177.77,duque de caxias
1948,consoles_games,1177.5900000000001,barueri
1949,pet_shop,1176.9,oliveira
1950,toys,1175.4599999999998,sao carlos
1951,housewares,1174.8100000000002,joao pessoa
1952,construction_tools_construction,1173.9,belford roxo
1953,computers_accessories,1173.29,passo fundo
1954,furniture_living_room,1173.2400000000002,petropolis
1955,furniture_decor,1171.8000000000002,macatuba
1956,baby,1171.67,guaruja
1957,housewares,1171.6,mococa
1958,furniture_decor,1171.1,petrolina
1959,housewares,1170.0,sao joao nepomuceno
1960,office_furniture,1169.95,peruibe
1961,watches_gifts,1169.44,novo progresso
1962,health_beauty,1168.3600000000001,juazeiro do norte
1963,fashion_bags_accessories,1168.29,americana
1964,perfumery,1168.08,nova iguacu
1965,cool_stuff,1167.8600000000001,marica
1966,computers_accessories,1166.8700000000001,umuarama
1967,furniture_decor,1166.6999999999998,palmas
1968,consoles_games,1166.0,jaboatao dos guararapes
1969,music,1165.97,goiatuba
1970,cool_stuff,1165.8000000000002,praia grande
1971,housewares,1165.46,aracatuba
1972,air_conditioning,1164.89,guarulhos
1973,stationery,1162.6,vila velha
1974,computers_accessories,1161.3600000000001,suzano
1975,garden_tools,1160.0,brejo do cruz
1976,garden_tools,1160.0,tres lagoas
1977,telephony,1159.6200000000001,juiz de fora
1978,,1159.0,barra de sao joao
1979,computers_accessories,1158.25,pinhalao
1980,health_beauty,1158.1999999999998,sao roque
1981,fashion_bags_accessories,1158.07,recife
1982,home_appliances,1158.0,canoas
1983,health_beauty,1157.48,chapeco
1984,housewares,1157.31,valinhos
1985,bed_bath_table,1156.29,caieiras
1986,computers_accessories,1155.65,sao jose
1987,consoles_games,1155.6000000000001,serra
1988,signaling_and_security,1154.1499999999999,rio de janeiro
1989,home_appliances,1152.6,sao jose do rio preto
1990,computers_accessories,1150.4800000000002,atibaia
1991,health_beauty,1150.0,americo brasiliense
1992,computers_accessories,1149.8700000000001,abaetetuba
1993,cool_stuff,1149.8200000000002,feira de santana
1994,construction_tools_safety,1149.28,uberaba
1995,housewares,1149.0,campos do jordao
1996,bed_bath_table,1148.99,trindade do sul
1997,housewares,1148.29,carapicuiba
1998,garden_tools,1148.1799999999998,limeira
1999,home_appliances_2,1148.0,garuva
2000,telephony,1146.99,taboao da serra
2001,toys,1146.0000000000002,sao luis
2002,health_beauty,1145.6799999999998,trindade
2003,pet_shop,1145.39,petropolis
2004,sports_leisure,1145.3899999999999,bento goncalves
2005,health_beauty,1143.78,natividade
2006,toys,1143.6899999999998,votuporanga
2007,garden_tools,1143.4899999999998,santa maria
2008,housewares,1142.7799999999997,pocos de caldas
2009,office_furniture,1142.77,indaiatuba
2010,auto,1142.37,sao vicente
2011,watches_gifts,1142.0,valparaiso de goias
2012,sports_leisure,1141.6,itanhaem
2013,bed_bath_table,1141.43,sao jose dos pinhais
2014,,1141.22,sao jose dos campos
2015,housewares,1140.99,mariana
2016,housewares,1140.8899999999999,volta redonda
2017,cine_photo,1140.52,sao paulo
2018,computers_accessories,1139.0,fatima do sul
2019,construction_tools_construction,1138.3,ipua
2020,sports_leisure,1138.0,araripina
2021,cool_stuff,1137.9,carmo do paranaiba
2022,computers_accessories,1137.8,rio das ostras
2023,bed_bath_table,1137.8,orlandia
2024,sports_leisure,1136.49,aparecida de goiania
2025,pet_shop,1135.79,santo antonio do monte
2026,telephony,1135.6799999999998,simoes filho
2027,watches_gifts,1135.52,itapira
2028,perfumery,1135.17,sumare
2029,health_beauty,1135.0,guarani
2030,furniture_decor,1134.94,linhares
2031,watches_gifts,1134.37,sao sebastiao do paraiso
2032,baby,1133.37,joao pessoa
2033,music,1133.2800000000002,sao paulo
2034,telephony,1133.28,barueri
2035,sports_leisure,1133.08,guarapari
2036,health_beauty,1133.05,conselheiro lafaiete
2037,baby,1131.98,rondonopolis
2038,auto,1130.96,uberlandia
2039,luggage_accessories,1130.7,macae
2040,watches_gifts,1128.8,mage
2041,kitchen_dining_laundry_garden_furniture,1128.0,apucarana
2042,computers_accessories,1127.77,canoas
2043,bed_bath_table,1127.62,cajamar
2044,cool_stuff,1126.85,volta redonda
2045,cool_stuff,1126.48,ponta grossa
2046,telephony,1126.3000000000002,nova iguacu
2047,musical_instruments,1125.9,araruama
2048,musical_instruments,1125.89,itatiba
2049,watches_gifts,1124.9,ananindeua
2050,toys,1124.6799999999998,divinopolis
2051,perfumery,1124.37,feira de santana
2052,construction_tools_construction,1123.0,volta redonda
2053,cool_stuff,1122.99,santa vitoria
2054,watches_gifts,1122.9799999999998,caxias do sul
2055,health_beauty,1122.74,cubatao
2056,housewares,1122.63,betim
2057,musical_instruments,1122.0,vitorino freire
2058,cool_stuff,1121.66,guaruja
2059,telephony,1120.99,esperanca
2060,cool_stuff,1119.95,itapira
2061,books_technical,1119.9,rio de janeiro
2062,health_beauty,1119.73,pindamonhangaba
2063,health_beauty,1118.95,pelotas
2064,watches_gifts,1117.92,pinhais
2065,home_appliances_2,1117.9,resende
2066,,1117.8,apiuna
2067,office_furniture,1117.8,jandaia do sul
2068,bed_bath_table,1117.0,bom despacho
2069,toys,1116.28,guaratingueta
2070,furniture_decor,1115.8899999999999,avare
2071,bed_bath_table,1115.76,adamantina
2072,housewares,1115.1499999999999,macae
2073,garden_tools,1115.1200000000001,sao carlos
2074,costruction_tools_garden,1114.95,niteroi
2075,office_furniture,1114.8700000000001,franca
2076,auto,1114.8,caratinga
2077,watches_gifts,1114.8,jau
2078,watches_gifts,1112.7,biguacu
2079,watches_gifts,1112.5,francisco morato
2080,cool_stuff,1110.88,vitoria da conquista
2081,watches_gifts,1109.89,crateus
2082,health_beauty,1109.3600000000001,sobral
2083,furniture_decor,1108.9,irece
2084,garden_tools,1108.85,vila velha
2085,bed_bath_table,1108.3899999999999,esteio
2086,fashion_bags_accessories,1108.29,florianopolis
2087,perfumery,1107.88,praia grande
2088,construction_tools_safety,1107.07,santo andre
2089,baby,1106.99,nova roma do sul
2090,cool_stuff,1106.87,olinda
2091,baby,1106.82,blumenau
2092,computers_accessories,1106.5,tupa
2093,sports_leisure,1105.8899999999999,campos dos goytacazes
2094,computers_accessories,1105.88,arapiraca
2095,watches_gifts,1105.0,esplanada
2096,sports_leisure,1104.27,gravatai
2097,auto,1103.96,sao jose do rio preto
2098,watches_gifts,1102.57,guarapari
2099,auto,1102.24,sao caetano do sul
2100,cool_stuff,1101.8600000000001,camacari
2101,consoles_games,1101.69,sete lagoas
2102,sports_leisure,1100.1899999999998,vicosa
2103,computers,1100.0,cataguases
2104,computers,1100.0,amparo
2105,computers,1100.0,osasco
2106,watches_gifts,1099.99,cacapava
2107,small_appliances,1099.89,pocos de caldas
2108,furniture_living_room,1099.7,jaguariuna
2109,small_appliances,1099.0,bom jardim
2110,garden_tools,1099.0,fronteiras
2111,telephony,1099.0,marataizes
2112,telephony,1099.0,santo antonio do aracangua
2113,telephony,1099.0,santo antonio de padua
2114,telephony,1099.0,caicara do norte
2115,watches_gifts,1099.0,querencia
2116,health_beauty,1099.0,sao joao do piaui
2117,computers_accessories,1098.98,rio claro
2118,computers_accessories,1098.9,morro agudo
2119,perfumery,1098.48,araraquara
2120,small_appliances,1098.0,guaiba
2121,health_beauty,1097.67,sao bento do sul
2122,fashion_bags_accessories,1097.48,ribeirao preto
2123,sports_leisure,1097.2900000000002,santa fe do sul
2124,small_appliances,1096.0,itajai
2125,,1095.78,volta redonda
2126,auto,1095.3899999999999,pelotas
2127,sports_leisure,1095.07,itatiba
2128,housewares,1093.8799999999999,araguari
2129,toys,1093.87,mairipora
2130,health_beauty,1093.41,rio das ostras
2131,health_beauty,1093.31,belford roxo
2132,watches_gifts,1092.9,unai
2133,toys,1091.24,praia grande
2134,sports_leisure,1090.0,pau dos ferros
2135,cool_stuff,1089.59,maringa
2136,office_furniture,1089.43,goiania
2137,garden_tools,1088.88,betim
2138,cool_stuff,1088.67,americana
2139,health_beauty,1088.3899999999999,jequie
2140,garden_tools,1088.01,carapicuiba
2141,,1087.8700000000001,florianopolis
2142,watches_gifts,1086.6,lavras
2143,construction_tools_construction,1085.94,brasilia
2144,computers_accessories,1085.24,foz do iguacu
2145,toys,1085.17,vassouras
2146,construction_tools_construction,1084.94,osasco
2147,housewares,1083.18,franca
2148,furniture_decor,1082.6,aparecida de goiania
2149,computers_accessories,1081.58,ituiutaba
2150,health_beauty,1080.9,bom despacho
2151,luggage_accessories,1080.8899999999999,vila velha
2152,baby,1080.57,canoas
2153,office_furniture,1079.99,biguacu
2154,stationery,1079.92,sao jose dos campos
2155,home_appliances_2,1079.9,nucleo residencial pilar
2156,baby,1079.9,alta floresta
2157,sports_leisure,1079.28,marica
2158,watches_gifts,1079.0,rio bonito
2159,watches_gifts,1078.6,queimados
2160,auto,1077.42,atibaia
2161,computers_accessories,1076.97,santo amaro da imperatriz
2162,cool_stuff,1076.33,catalao
2163,bed_bath_table,1076.28,garopaba
2164,cool_stuff,1075.79,presidente prudente
2165,computers_accessories,1074.9,nova friburgo
2166,watches_gifts,1073.99,joacaba
2167,garden_tools,1073.6,rio verde
2168,baby,1073.37,braganca paulista
2169,telephony,1073.07,serra
2170,garden_tools,1072.9,vitoria da conquista
2171,watches_gifts,1072.57,embu das artes
2172,housewares,1072.25,pouso alegre
2173,sports_leisure,1072.18,frutal
2174,furniture_decor,1071.04,ipatinga
2175,,1071.0200000000002,santo andre
2176,toys,1070.78,cotia
2177,pet_shop,1069.0,ceres
2178,garden_tools,1069.0,juina
2179,health_beauty,1068.0,alto do rodrigues
2180,toys,1067.8999999999999,indaiatuba
2181,stationery,1067.6999999999998,uberlandia
2182,sports_leisure,1066.67,sao jose dos pinhais
2183,computers_accessories,1066.1699999999998,embu das artes
2184,watches_gifts,1066.0,itu
2185,pet_shop,1065.93,ribeirao preto
2186,watches_gifts,1065.77,louveira
2187,housewares,1065.6,sao joao del rei
2188,garden_tools,1065.5,cotia
2189,auto,1064.49,varzea paulista
2190,furniture_decor,1064.22,franco da rocha
2191,toys,1062.74,santa maria
2192,bed_bath_table,1062.72,mage
2193,watches_gifts,1062.53,ribeirao das neves
2194,watches_gifts,1061.99,almirante tamandare
2195,construction_tools_lights,1061.29,belo horizonte
2196,home_appliances,1060.9,bage
2197,industry_commerce_and_business,1060.79,itumbiara
2198,cool_stuff,1060.6,varginha
2199,stationery,1060.1999999999998,paulinia
2200,watches_gifts,1058.99,barra do garcas
2201,cool_stuff,1058.96,pouso alegre
2202,auto,1058.37,franca
2203,musical_instruments,1058.0,araraquara
2204,watches_gifts,1057.9099999999999,aruja
2205,pet_shop,1057.8,natal
2206,stationery,1057.6999999999998,volta redonda
2207,health_beauty,1057.53,fernandopolis
2208,luggage_accessories,1057.4,belem
2209,cool_stuff,1057.26,cariacica
2210,housewares,1056.82,cascavel
2211,furniture_decor,1056.79,mossoro
2212,health_beauty,1056.78,marica
2213,watches_gifts,1056.52,nova lima
2214,fashion_bags_accessories,1055.97,belem
2215,baby,1055.9,ituporanga
2216,sports_leisure,1055.8899999999999,diadema
2217,watches_gifts,1055.78,rio grande
2218,home_construction,1054.81,curitiba
2219,home_appliances,1054.0,santo antonio do pinhal
2220,home_appliances,1054.0,palmeira
2221,home_appliances_2,1054.0,piracicaba
2222,bed_bath_table,1053.9,feira de santana
2223,books_general_interest,1053.69,santos
2224,garden_tools,1053.18,maringa
2225,sports_leisure,1052.98,resende
2226,health_beauty,1052.6699999999998,araraquara
2227,office_furniture,1052.6599999999999,barueri
2228,fashion_bags_accessories,1052.57,osasco
2229,housewares,1051.76,botucatu
2230,housewares,1051.4399999999998,limeira
2231,health_beauty,1050.6099999999997,boa vista
2232,toys,1050.3400000000001,natal
2233,telephony,1050.02,santana de parnaiba
2234,signaling_and_security,1050.0,campina grande
2235,health_beauty,1050.0,navirai
2236,cool_stuff,1049.95,ananindeua
2237,office_furniture,1049.58,palmas
2238,telephony,1049.53,sao vicente
2239,housewares,1049.11,caxias do sul
2240,cool_stuff,1049.0,godoy moreira
2241,cool_stuff,1048.98,barra do pirai
2242,auto,1048.7,paulista
2243,sports_leisure,1048.09,itapecerica da serra
2244,musical_instruments,1048.0,pirapora
2245,watches_gifts,1047.8,tiete
2246,air_conditioning,1047.6,porto alegre
2247,bed_bath_table,1047.09,aracatuba
2248,pet_shop,1046.77,indaiatuba
2249,small_appliances,1045.9,teresopolis
2250,computers_accessories,1045.13,barretos
2251,watches_gifts,1044.8,sinop
2252,watches_gifts,1043.71,santana de parnaiba
2253,furniture_decor,1042.04,muriae
2254,watches_gifts,1040.9,sumare
2255,cool_stuff,1040.07,atibaia
2256,musical_instruments,1039.97,cachoeira do sul
2257,watches_gifts,1039.9,mirassol d'oeste
2258,bed_bath_table,1039.1899999999998,itajuba
2259,sports_leisure,1038.99,ibirite
2260,musical_instruments,1038.0,aguai
2261,construction_tools_lights,1038.0,petropolis
2262,health_beauty,1037.79,rio claro
2263,furniture_decor,1037.4,americana
2264,auto,1037.0,alhandra
2265,furniture_decor,1036.35,sao joao de meriti
2266,cool_stuff,1034.98,taquarituba
2267,luggage_accessories,1034.09,ipatinga
2268,furniture_decor,1034.0,pinhais
2269,garden_tools,1033.9,nova serrana
2270,sports_leisure,1033.69,paulista
2271,perfumery,1032.87,sao leopoldo
2272,food_drink,1032.46,belo horizonte
2273,stationery,1032.0900000000001,sao luis
2274,bed_bath_table,1031.97,angra dos reis
2275,telephony,1031.67,formiga
2276,bed_bath_table,1031.6,nova lima
2277,telephony,1029.99,ibirite
2278,watches_gifts,1029.99,rancharia
2279,office_furniture,1029.62,teresina
2280,small_appliances,1028.9,sao goncalo
2281,garden_tools,1028.9,sao sebastiao
2282,garden_tools,1028.6,nova lima
2283,bed_bath_table,1028.59,artur nogueira
2284,watches_gifts,1027.8,santo antonio de padua
2285,watches_gifts,1027.42,parati
2286,construction_tools_lights,1026.89,jundiai
2287,toys,1026.54,piracicaba
2288,garden_tools,1025.97,londrina
2289,furniture_decor,1025.9399999999998,marilia
2290,bed_bath_table,1025.81,resende
2291,sports_leisure,1022.98,francisco morato
2292,fashion_bags_accessories,1022.9,patrocinio
2293,garden_tools,1022.09,joinville
2294,baby,1021.0899999999999,embu das artes
2295,computers_accessories,1019.96,sumare
2296,musical_instruments,1019.9,santos
2297,construction_tools_lights,1019.74,rio de janeiro
2298,garden_tools,1019.52,hortolandia
2299,baby,1019.0799999999999,americana
2300,computers_accessories,1018.6600000000001,paranavai
2301,watches_gifts,1018.0,simoes filho
2302,construction_tools_safety,1017.84,belo horizonte
2303,furniture_decor,1017.78,lins
2304,housewares,1017.67,barra mansa
2305,auto,1017.04,cotia
2306,telephony,1016.97,itapetininga
2307,auto,1016.0,paty do alferes
2308,baby,1015.6500000000001,duque de caxias
2309,books_general_interest,1014.9,goiania
2310,books_general_interest,1014.5,serra
2311,fashion_bags_accessories,1014.2899999999998,sao jose dos campos
2312,housewares,1014.0,ubajara
2313,health_beauty,1012.3699999999999,petropolis
2314,auto,1011.98,campos dos goytacazes
2315,watches_gifts,1011.9,patos
2316,watches_gifts,1011.48,sao joao de meriti
2317,computers_accessories,1011.46,bento goncalves
2318,watches_gifts,1010.5799999999999,barbacena
2319,sports_leisure,1009.99,itapema
2320,garden_tools,1009.9,santo amaro da imperatriz
2321,office_furniture,1009.8400000000001,maceio
2322,furniture_decor,1009.58,votuporanga
2323,sports_leisure,1009.4200000000001,mesquita
2324,furniture_living_room,1009.3699999999998,guarulhos
2325,sports_leisure,1009.3499999999999,itabuna
2326,baby,1009.0,pacaembu
2327,health_beauty,1008.9,sao joaquim de bicas
2328,watches_gifts,1008.0,itapevi
2329,computers_accessories,1007.82,aracatuba
2330,garden_tools,1007.49,cascavel
2331,health_beauty,1007.36,dourados
2332,telephony,1005.55,coruripe
2333,consoles_games,1004.99,sao bento do una
2334,toys,1004.88,botucatu
2335,watches_gifts,1003.98,teofilo otoni
2336,computers_accessories,1003.39,caraguatatuba
2337,telephony,1003.2400000000001,santo andre
2338,,1003.2299999999999,recife
2339,electronics,1002.8499999999999,osasco
2340,auto,1001.52,nova iguacu
2341,small_appliances,999.99,ananindeua
2342,watches_gifts,999.9,alto do rodrigues
2343,watches_gifts,999.9,catole do rocha
2344,small_appliances,999.9,jacunda
2345,computers_accessories,999.9,iguatu
2346,bed_bath_table,999.4899999999999,novo hamburgo
2347,garden_tools,999.0,nova xavantina
2348,cool_stuff,998.99,espera feliz
2349,health_beauty,998.98,crato
2350,stationery,998.9,sao joao batista
2351,housewares,998.9,chapeco
2352,sports_leisure,998.9,dracena
2353,cool_stuff,998.9,toledo
2354,watches_gifts,998.9,matias barbosa
2355,watches_gifts,998.9,conselheiro lafaiete
2356,musical_instruments,997.8399999999999,jundiai
2357,bed_bath_table,997.5,formosa
2358,housewares,997.42,balneario camboriu
2359,furniture_decor,997.28,apucarana
2360,agro_industry_and_commerce,996.0,catu de abrantes
2361,auto,995.79,ibitinga
2362,sports_leisure,995.6999999999999,araxa
2363,construction_tools_construction,995.5,porto velho
2364,furniture_living_room,993.79,florianopolis
2365,toys,993.63,belem
2366,furniture_decor,992.8,caratinga
2367,electronics,992.74,mogi das cruzes
2368,toys,992.4899999999999,itajuba
2369,perfumery,992.48,maringa
2370,bed_bath_table,992.47,alegrete
2371,cool_stuff,991.86,barretos
2372,baby,991.45,juiz de fora
2373,pet_shop,990.74,barueri
2374,health_beauty,990.0,patrocinio paulista
2375,health_beauty,990.0,pombal
2376,toys,989.89,bom jesus
2377,auto,989.74,vazante
2378,computers_accessories,989.3899999999999,sao lourenco
2379,telephony,989.0,buerarema
2380,health_beauty,988.9,guapimirim
2381,baby,988.87,boa vista
2382,garden_tools,988.8,sao miguel do oeste
2383,baby,988.77,itaquaquecetuba
2384,electronics,988.4799999999999,sao bernardo do campo
2385,bed_bath_table,988.35,vargem grande paulista
2386,bed_bath_table,988.3,araruama
2387,housewares,987.69,santa barbara d'oeste
2388,baby,987.0,tiangua
2389,garden_tools,985.84,barra do garcas
2390,sports_leisure,985.67,pirapora
2391,baby,983.95,cristalina
2392,housewares,982.48,atibaia
2393,health_beauty,981.8499999999999,cotia
2394,perfumery,981.4599999999999,macae
2395,industry_commerce_and_business,980.9,camaragibe
2396,industry_commerce_and_business,980.9,itaporanga
2397,bed_bath_table,979.6999999999999,araras
2398,perfumery,979.67,cachoeiro de itapemirim
2399,perfumery,979.64,volta redonda
2400,musical_instruments,979.0,pato branco
2401,baby,979.0,sao raimundo nonato
2402,watches_gifts,978.99,castanhal
2403,health_beauty,978.6899999999999,linhares
2404,garden_tools,978.6,americana
2405,musical_instruments,977.3000000000001,vila velha
2406,computers_accessories,976.9799999999999,balneario camboriu
2407,baby,976.5600000000001,contagem
2408,cool_stuff,975.37,porto velho
2409,perfumery,975.0899999999999,catanduva
2410,auto,975.0,canaa dos carajas
2411,health_beauty,974.79,vassouras
2412,health_beauty,973.97,arapiraca
2413,sports_leisure,973.77,santa maria
2414,electronics,973.2599999999999,santa maria
2415,bed_bath_table,973.03,bertioga
2416,construction_tools_lights,971.9,curitiba
2417,watches_gifts,971.9,santa luzia
2418,computers_accessories,971.6899999999999,campo mourao
2419,furniture_decor,971.45,sao jose
2420,cool_stuff,970.0,viamao
2421,health_beauty,969.99,lagoa dos gatos
2422,baby,969.86,sao carlos
2423,pet_shop,969.7,nova friburgo
2424,housewares,968.9599999999998,marica
2425,watches_gifts,968.9,paraguacu paulista
2426,sports_leisure,968.6,vera cruz
2427,toys,968.16,feira de santana
2428,cool_stuff,967.99,afonso claudio
2429,office_furniture,967.8900000000001,bauru
2430,telephony,966.9,riacho de santana
2431,cool_stuff,966.7,limeira
2432,perfumery,966.65,cuiaba
2433,bed_bath_table,966.53,embu-guacu
2434,consoles_games,965.0699999999999,natal
2435,sports_leisure,964.98,venancio aires
2436,bed_bath_table,964.7299999999999,mogi mirim
2437,sports_leisure,963.9399999999999,itu
2438,housewares,963.4599999999999,blumenau
2439,small_appliances,963.0799999999999,osasco
2440,health_beauty,962.88,sinop
2441,watches_gifts,962.73,ribeirao pires
2442,cool_stuff,962.33,sao roque
2443,furniture_decor,961.5,ibiruba
2444,sports_leisure,960.6899999999999,jaragua do sul
2445,auto,959.97,lavras
2446,sports_leisure,959.89,panambi
2447,sports_leisure,959.4899999999999,paulinia
2448,auto,959.3399999999999,ouro preto
2449,health_beauty,959.31,sertaozinho
2450,health_beauty,959.28,itu
2451,housewares,958.97,arroio do meio
2452,cool_stuff,958.9,novo gama
2453,baby,958.7999999999998,celso ramos
2454,computers_accessories,958.5999999999999,santo angelo
2455,toys,958.4899999999999,cachoeirinha
2456,fashion_bags_accessories,958.1899999999999,barueri
2457,toys,958.06,maua
2458,health_beauty,957.9099999999999,araras
2459,watches_gifts,957.0,jacutinga
2460,watches_gifts,955.71,eunapolis
2461,computers_accessories,955.3299999999999,ribeirao pires
2462,home_appliances,954.1800000000001,boa vista
2463,garden_tools,954.1399999999999,itabira
2464,watches_gifts,953.9,campina grande
2465,musical_instruments,953.9,campina grande
2466,bed_bath_table,953.28,itaborai
2467,sports_leisure,952.6,sao sebastiao
2468,auto,951.7700000000001,ponta grossa
2469,watches_gifts,951.64,cascavel
2470,garden_tools,951.49,corumba
2471,auto,951.1099999999999,ribeirao preto
2472,housewares,951.0999999999999,nova iguacu
2473,bed_bath_table,951.04,vitoria da conquista
2474,musical_instruments,950.9,campos dos goytacazes
2475,watches_gifts,950.8,paranagua
2476,health_beauty,950.6899999999999,santo antonio de jesus
2477,bed_bath_table,950.54,itabira
2478,health_beauty,950.1999999999999,pouso alegre
2479,small_appliances,950.0,valinhos
2480,cool_stuff,950.0,ipero
2481,cool_stuff,950.0,sao borja
2482,small_appliances,950.0,joao monlevade
2483,small_appliances,949.99,cosmopolis
2484,consoles_games,949.99,santo antonio da patrulha
2485,small_appliances,949.99,abadiania
2486,luggage_accessories,949.99,recife
2487,baby,949.9,barreiras
2488,baby,949.9,alegre
2489,stationery,949.8,sao caetano do sul
2490,electronics,949.5799999999999,recife
2491,housewares,949.42,taboao da serra
2492,perfumery,949.1800000000001,joinville
2493,fashion_bags_accessories,949.0,natal
2494,housewares,949.0,coaraci
2495,garden_tools,948.29,taubate
2496,housewares,947.01,manhuacu
2497,computers_accessories,947.01,pelotas
2498,toys,946.3,nova lima
2499,cool_stuff,945.87,jaboatao dos guararapes
2500,furniture_decor,945.42,rio das ostras
2501,auto,945.3899999999999,presidente prudente
2502,furniture_decor,945.0,janauba
2503,watches_gifts,944.9,medianeira
2504,cool_stuff,944.8,cubatao
2505,fashion_shoes,944.59,brasilia
2506,health_beauty,943.4,francisco beltrao
2507,pet_shop,943.3999999999999,campo mourao
2508,auto,943.0999999999999,boa esperanca
2509,watches_gifts,942.81,colombo
2510,furniture_decor,942.5299999999999,sao leopoldo
2511,garden_tools,942.39,sao luis
2512,computers_accessories,941.6899999999999,seropedica
2513,toys,941.68,cacapava
2514,furniture_decor,941.66,itaquaquecetuba
2515,health_beauty,941.66,guanambi
2516,furniture_decor,941.03,bento goncalves
2517,watches_gifts,940.99,telemaco borba
2518,auto,940.8599999999999,uberaba
2519,telephony,940.64,caxias do sul
2520,agro_industry_and_commerce,940.5,triunfo
2521,agro_industry_and_commerce,940.5,lavras
2522,toys,939.79,itaperuna
2523,sports_leisure,939.56,santa barbara d'oeste
2524,musical_instruments,939.0,diadema
2525,office_furniture,938.8399999999999,limeira
2526,watches_gifts,938.6999999999999,sao jose dos pinhais
2527,sports_leisure,938.56,pocos de caldas
2528,bed_bath_table,937.8199999999999,catanduva
2529,sports_leisure,937.1199999999999,barretos
2530,auto,936.8,mairipora
2531,baby,936.5999999999999,sumare
2532,pet_shop,936.48,sao carlos
2533,health_beauty,936.39,pereira barreto
2534,computers_accessories,936.1,novo hamburgo
2535,signaling_and_security,935.9,niteroi
2536,watches_gifts,935.87,ipora
2537,health_beauty,935.79,angra dos reis
2538,office_furniture,935.5300000000001,santa maria
2539,electronics,934.9499999999999,florianopolis
2540,agro_industry_and_commerce,934.94,carpina
2541,baby,934.9,dois irmaos
2542,health_beauty,934.6999999999999,picarra
2543,small_appliances,934.08,nova iguacu
2544,computers_accessories,933.5699999999999,barra mansa
2545,books_general_interest,932.9,natal
2546,health_beauty,932.65,araxa
2547,furniture_decor,932.4000000000001,betim
2548,furniture_decor,932.14,foz do iguacu
2549,stationery,932.0,sao jose
2550,telephony,931.94,betim
2551,auto,930.35,itatiba
2552,health_beauty,930.28,belo jardim
2553,health_beauty,929.68,cacapava
2554,perfumery,928.9599999999999,piracicaba
2555,watches_gifts,928.89,cajamar
2556,health_beauty,928.7,braco do norte
2557,toys,927.24,andradina
2558,garden_tools,926.9999999999999,uberaba
2559,office_furniture,926.69,angra dos reis
2560,computers_accessories,925.77,mogi-guacu
2561,bed_bath_table,925.5999999999999,porto feliz
2562,perfumery,925.56,guaruja
2563,watches_gifts,925.49,caraguatatuba
2564,luggage_accessories,924.84,campo grande
2565,baby,924.1800000000001,nova serrana
2566,stationery,924.01,belem
2567,auto,923.78,sao goncalo
2568,toys,923.65,rio claro
2569,health_beauty,923.2399999999999,varzea grande
2570,sports_leisure,922.0899999999999,salto
2571,bed_bath_table,921.5899999999999,ferraz de vasconcelos
2572,garden_tools,921.1699999999998,belford roxo
2573,health_beauty,919.5799999999999,limeira
2574,sports_leisure,919.45,criciuma
2575,auto,918.24,canoas
2576,health_beauty,918.03,araruama
2577,office_furniture,917.92,poa
2578,health_beauty,917.9,gravata
2579,baby,917.2,maua
2580,health_beauty,917.2,camamu
2581,bed_bath_table,916.79,montenegro
2582,computers_accessories,916.72,viana
2583,garden_tools,916.4499999999999,rio das ostras
2584,furniture_decor,916.15,cachoeiro de itapemirim
2585,toys,915.19,maceio
2586,musical_instruments,915.0,cedral
2587,housewares,914.9,araruama
2588,furniture_decor,914.87,pocos de caldas
2589,office_furniture,913.8800000000001,sao jose dos campos
2590,health_beauty,913.37,aparecida de goiania
2591,cool_stuff,913.29,blumenau
2592,toys,912.8199999999999,braganca paulista
2593,telephony,912.72,olinda
2594,auto,912.0999999999999,jaragua do sul
2595,computers_accessories,911.4,cachoeirinha
2596,sports_leisure,910.39,rio das ostras
2597,toys,909.8,irati
2598,bed_bath_table,909.4699999999999,maceio
2599,computers_accessories,909.3999999999999,limeira
2600,cool_stuff,908.89,itapaje
2601,computers_accessories,908.7,sao leopoldo
2602,sports_leisure,908.47,cariacica
2603,baby,907.9,jacobina
2604,auto,907.8900000000001,teofilo otoni
2605,health_beauty,907.74,sao leopoldo
2606,health_beauty,906.77,caucaia
2607,auto,905.9,jau
2608,perfumery,905.86,petrolina
2609,pet_shop,904.94,itanhaem
2610,toys,904.88,piumhii
2611,electronics,904.8299999999999,serra
2612,furniture_decor,904.0799999999999,governador valadares
2613,watches_gifts,903.82,angra dos reis
2614,watches_gifts,903.8,vitoria da conquista
2615,perfumery,903.67,americana
2616,baby,903.0,paraibuna
2617,furniture_decor,902.92,anapolis
2618,office_furniture,902.57,pelotas
2619,computers_accessories,902.56,itajai
2620,sports_leisure,902.2,redencao
2621,computers_accessories,901.8,maracanau
2622,toys,901.78,santa barbara d'oeste
2623,health_beauty,901.29,lagoa santa
2624,electronics,901.05,dourados
2625,furniture_decor,900.7800000000001,suzano
2626,toys,900.1100000000001,campos dos goytacazes
2627,housewares,900.0,candido godoi
2628,watches_gifts,899.99,mata verde
2629,stationery,899.8,barueri
2630,furniture_decor,899.8,estancia
2631,computers_accessories,899.67,aparecida de goiania
2632,computers_accessories,899.4599999999999,guapore
2633,sports_leisure,899.15,sao joao de meriti
2634,pet_shop,899.0,lagoa grande
2635,small_appliances_home_oven_and_coffee,899.0,guarulhos
2636,watches_gifts,899.0,maracaju
2637,small_appliances_home_oven_and_coffee,899.0,joinville
2638,small_appliances_home_oven_and_coffee,899.0,valinhos
2639,watches_gifts,899.0,sapiranga
2640,watches_gifts,899.0,mostardas
2641,toys,899.0,santana do acarau
2642,watches_gifts,899.0,divinolandia
2643,watches_gifts,899.0,formosa do rio preto
2644,toys,899.0,joao pinheiro
2645,cool_stuff,899.0,sabara
2646,watches_gifts,898.9,carmopolis de minas
2647,sports_leisure,898.49,leme
2648,watches_gifts,898.0,farroupilha
2649,garden_tools,896.6699999999998,taboao da serra
2650,baby,896.5899999999999,londrina
2651,perfumery,896.39,botucatu
2652,health_beauty,895.65,caarapo
2653,small_appliances,895.0,paracatu
2654,small_appliances,895.0,entre rios de minas
2655,small_appliances,895.0,umuarama
2656,bed_bath_table,894.89,videira
2657,health_beauty,894.78,macapa
2658,office_furniture,894.7,foz do iguacu
2659,furniture_decor,894.39,ponta grossa
2660,pet_shop,893.99,caraguatatuba
2661,kitchen_dining_laundry_garden_furniture,893.6,santana de parnaiba
2662,perfumery,893.27,jundiai
2663,cool_stuff,893.1800000000001,cachoeirinha
2664,toys,892.79,pedreiras
2665,stationery,892.77,petropolis
2666,sports_leisure,892.6999999999999,lagoa santa
2667,stationery,890.8899999999999,juiz de fora
2668,auto,890.76,cuiaba
2669,telephony,890.0,juru
2670,small_appliances,890.0,nova russas
2671,health_beauty,890.0,capao do leao
2672,construction_tools_lights,890.0,americana
2673,tablets_printing_image,889.99,cariacica
2674,musical_instruments,889.9,juazeiro do norte
2675,computers_accessories,889.51,marica
2676,computers_accessories,889.29,boituva
2677,sports_leisure,888.3999999999999,santo angelo
2678,sports_leisure,887.89,sao leopoldo
2679,sports_leisure,887.8,extrema
2680,garden_tools,887.5699999999999,sao caetano do sul
2681,sports_leisure,887.05,ananindeua
2682,baby,887.0,lutecia
2683,baby,887.0,campinas do sul
2684,baby,887.0,itaguari
2685,cool_stuff,886.99,itapetinga
2686,furniture_decor,886.6899999999999,lajeado
2687,bed_bath_table,886.0999999999999,guaxupe
2688,garden_tools,885.9799999999999,marilia
2689,health_beauty,884.88,lagarto
2690,health_beauty,884.54,santana do paraiso
2691,baby,884.5100000000001,montes claros
2692,cool_stuff,883.95,sao joao de meriti
2693,bed_bath_table,883.78,palmas
2694,auto,883.7,caceres
2695,watches_gifts,883.57,oriente
2696,consoles_games,883.27,vila velha
2697,baby,883.22,campos dos goytacazes
2698,health_beauty,883.0,ariquemes
2699,furniture_decor,882.8899999999999,santana de parnaiba
2700,office_furniture,881.6400000000001,araucaria
2701,telephony,880.95,uberaba
2702,computers_accessories,880.4,piranguinho
2703,computers_accessories,880.29,poa
2704,bed_bath_table,880.0,taquaritinga do norte
2705,watches_gifts,879.99,ourilandia do norte
2706,baby,879.89,nova lima
2707,auto,879.77,santa luzia
2708,auto,879.3800000000001,mogi-guacu
2709,home_appliances,879.1999999999999,guaruja
2710,watches_gifts,879.0,manhumirim
2711,toys,878.87,resende
2712,telephony,878.8000000000001,caruaru
2713,office_furniture,878.7900000000001,osasco
2714,toys,878.79,santa cruz do sul
2715,cool_stuff,878.57,sao leopoldo
2716,perfumery,878.49,joao pessoa
2717,bed_bath_table,878.33,lavras
2718,furniture_decor,878.04,cajamar
2719,watches_gifts,878.0,canela
2720,watches_gifts,877.0,monte mor
2721,baby,876.9,guarapari
2722,telephony,876.88,alegrete
2723,health_beauty,876.6800000000001,cabo frio
2724,musical_instruments,876.4499999999999,sao luis
2725,telephony,875.76,rio das ostras
2726,cool_stuff,875.27,franca
2727,home_construction,875.0,caruaru
2728,cine_photo,873.99,morro da fumaca
2729,sports_leisure,873.96,araras
2730,cool_stuff,873.9,cabo de santo agostinho
2731,fashion_bags_accessories,873.3899999999999,guarulhos
2732,garden_tools,873.2799999999999,franca
2733,garden_tools,872.9999999999999,ipatinga
2734,small_appliances,872.3,acreuna
2735,sports_leisure,871.59,varzea paulista
2736,telephony,870.0,taio
2737,cool_stuff,869.99,poa
2738,telephony,869.98,tupa
2739,agro_industry_and_commerce,869.97,maringa
2740,cool_stuff,869.9,joacaba
2741,auto,869.8,santa maria
2742,perfumery,869.6899999999999,anapolis
2743,small_appliances,869.59,rio das ostras
2744,garden_tools,869.1999999999998,indaiatuba
2745,watches_gifts,869.0,dormentes
2746,health_beauty,868.41,carmo do paranaiba
2747,baby,867.9599999999999,maringa
2748,health_beauty,867.8,votuporanga
2749,garden_tools,867.79,governador valadares
2750,auto,867.2499999999999,sete lagoas
2751,housewares,866.89,mogi mirim
2752,books_general_interest,866.8,porto alegre
2753,baby,866.6899999999999,luis eduardo magalhaes
2754,perfumery,865.88,salto
2755,watches_gifts,864.9,lambari
2756,telephony,864.6400000000001,santos
2757,cool_stuff,863.99,sao jose do rio pardo
2758,construction_tools_safety,862.9,brusque
2759,bed_bath_table,862.79,marica
2760,housewares,862.6299999999999,sumare
2761,musical_instruments,862.05,joinville
2762,toys,861.78,jaboatao dos guararapes
2763,cool_stuff,860.78,bage
2764,perfumery,860.5899999999999,teresopolis
2765,toys,860.5799999999999,lorena
2766,health_beauty,859.9999999999999,itanhaem
2767,office_furniture,859.66,japeri
2768,small_appliances_home_oven_and_coffee,858.9,sao jose
2769,furniture_mattress_and_upholstery,858.49,rio de janeiro
2770,sports_leisure,858.32,paulo afonso
2771,health_beauty,858.28,xaxim
2772,health_beauty,858.25,ubatuba
2773,furniture_decor,858.0,itapejara d'oeste
2774,housewares,857.71,itaborai
2775,baby,856.9300000000001,sao goncalo
2776,office_furniture,856.1400000000001,sao caetano do sul
2777,bed_bath_table,855.37,cambui
2778,cool_stuff,854.9200000000001,santa luzia
2779,perfumery,854.79,porto velho
2780,pet_shop,854.1899999999999,sao jose dos campos
2781,watches_gifts,854.0,canelinha
2782,housewares,853.83,pelotas
2783,air_conditioning,853.75,volta redonda
2784,computers_accessories,853.28,birigui
2785,pet_shop,853.25,suzano
2786,health_beauty,853.0899999999999,pato branco
2787,telephony,852.98,balneario camboriu
2788,garden_tools,852.67,patrocinio
2789,baby,852.0699999999999,volta redonda
2790,housewares,851.9999999999999,caraguatatuba
2791,computers_accessories,851.9899999999999,itaquaquecetuba
2792,auto,851.9899999999999,braganca paulista
2793,telephony,851.98,cruzeiro do sul
2794,computers_accessories,851.98,itu
2795,health_beauty,850.99,osorio
2796,pet_shop,850.78,londrina
2797,furniture_decor,850.6800000000001,mage
2798,computers,850.0,santo amaro
2799,computers,850.0,venturosa
2800,computers,850.0,toropi
2801,computers,850.0,itauna
2802,computers,849.99,aracati
2803,computers,849.99,sao goncalo
2804,computers,849.99,barrinha
2805,computers,849.99,santo amaro de campos
2806,auto,849.99,miguel pereira
2807,agro_industry_and_commerce,849.98,ouricuri
2808,toys,849.89,valenca
2809,housewares,849.79,foz do iguacu
2810,kitchen_dining_laundry_garden_furniture,849.5,presidente prudente
2811,perfumery,849.3899999999999,jacarei
2812,small_appliances,849.0,botucatu
2813,pet_shop,849.0,upanema
2814,small_appliances,849.0,sao manuel
2815,small_appliances,849.0,rondonopolis
2816,cool_stuff,849.0,inhumas
2817,luggage_accessories,848.69,mogi das cruzes
2818,sports_leisure,848.58,lencois paulista
2819,toys,848.46,valinhos
2820,computers_accessories,848.1400000000001,cacapava
2821,furniture_decor,847.94,ilheus
2822,electronics,847.9399999999999,santo andre
2823,watches_gifts,847.9,tupa
2824,luggage_accessories,847.78,sumare
2825,health_beauty,847.69,capelinha
2826,construction_tools_construction,847.0699999999999,porto alegre
2827,housewares,846.92,tatui
2828,fashion_bags_accessories,846.67,marilia
2829,cool_stuff,845.92,ourinhos
2830,sports_leisure,845.5,tatui
2831,small_appliances,845.0,hortolandia
2832,small_appliances,845.0,campo largo
2833,bed_bath_table,844.87,embu das artes
2834,telephony,844.58,nilopolis
2835,sports_leisure,843.89,simonesia
2836,baby,843.84,suzano
2837,bed_bath_table,843.84,ribeirao pires
2838,agro_industry_and_commerce,843.5,atibaia
2839,housewares,842.89,presidente venceslau
2840,construction_tools_construction,842.49,taboao da serra
2841,sports_leisure,842.06,paranagua
2842,telephony,841.97,novo progresso
2843,bed_bath_table,841.79,caetite
2844,toys,841.6899999999999,novo hamburgo
2845,perfumery,841.4999999999999,blumenau
2846,sports_leisure,841.4899999999999,paranavai
2847,garden_tools,841.3799999999999,marica
2848,fashion_shoes,841.2999999999998,rio de janeiro
2849,bed_bath_table,840.5899999999999,votorantim
2850,small_appliances,839.0,mogi-guacu
2851,pet_shop,838.9,patos de minas
2852,watches_gifts,838.89,paracambi
2853,cool_stuff,838.89,lins
2854,toys,837.8,adamantina
2855,computers_accessories,837.13,guaratingueta
2856,sports_leisure,836.99,sao sebastiao da grama
2857,cool_stuff,836.88,tangara da serra
2858,furniture_decor,836.53,lavras
2859,perfumery,836.26,serra
2860,health_beauty,836.06,garanhuns
2861,computers_accessories,835.8,ipatinga
2862,bed_bath_table,835.21,viamao
2863,health_beauty,834.99,ouricuri
2864,health_beauty,834.16,uruguaiana
2865,costruction_tools_tools,834.0,sorocaba
2866,bed_bath_table,833.81,caraguatatuba
2867,sports_leisure,832.8199999999999,cachoeiro de itapemirim
2868,health_beauty,832.4999999999999,mesquita
2869,electronics,831.98,balsamo
2870,books_general_interest,831.12,uberlandia
2871,auto,831.0899999999999,caxias do sul
2872,sports_leisure,830.98,itapira
2873,garden_tools,830.92,itaquaquecetuba
2874,sports_leisure,830.89,santa luzia
2875,musical_instruments,830.0,barreiras
2876,musical_instruments,829.9,teresina
2877,sports_leisure,829.89,matinhos
2878,auto,829.89,goias
2879,computers_accessories,829.4200000000001,jacarei
2880,perfumery,828.98,fernandopolis
2881,furniture_decor,828.9200000000001,itupeva
2882,furniture_decor,828.5,feira de santana
2883,computers_accessories,828.4000000000001,patos de minas
2884,home_construction,827.99,sao vicente
2885,telephony,827.9100000000001,campo grande
2886,telephony,827.9,japeri
2887,home_construction,827.9,fernandopolis
2888,toys,827.89,vitoria da conquista
2889,sports_leisure,827.87,ferraz de vasconcelos
2890,furniture_decor,827.4000000000001,alfenas
2891,toys,827.39,cachoeiro de itapemirim
2892,perfumery,826.97,cascavel
2893,perfumery,826.8,sobral
2894,sports_leisure,826.46,franca
2895,garden_tools,826.02,valinhos
2896,perfumery,825.89,pouso alegre
2897,stationery,825.89,ribeirao preto
2898,watches_gifts,825.8,sidrolandia
2899,bed_bath_table,825.4499999999999,alvorada
2900,electronics,824.83,embu das artes
2901,bed_bath_table,824.8299999999999,piracaia
2902,baby,824.79,ananindeua
2903,agro_industry_and_commerce,824.0,carapicuiba
2904,kitchen_dining_laundry_garden_furniture,823.88,recife
2905,watches_gifts,823.84,resende
2906,home_construction,823.2,santa maria
2907,watches_gifts,823.0,entre rios
2908,auto,822.9,sapucaia do sul
2909,bed_bath_table,822.76,poa
2910,housewares,822.64,lagoa santa
2911,kitchen_dining_laundry_garden_furniture,822.3599999999999,belo horizonte
2912,sports_leisure,822.27,jaboatao dos guararapes
2913,auto,822.0,nova lima
2914,office_furniture,821.9200000000001,sumare
2915,cool_stuff,821.48,paulista
2916,telephony,821.1600000000001,vila velha
2917,auto,820.0,caxambu
2918,agro_industry_and_commerce,820.0,sumare
2919,auto,819.99,alvares machado
2920,auto,819.89,ji-parana
2921,office_furniture,819.86,contagem
2922,toys,819.74,esteio
2923,musical_instruments,819.65,sao goncalo
2924,consoles_games,819.0,conde
2925,housewares,819.0,quixere
2926,perfumery,818.72,aracaju
2927,cool_stuff,818.61,conselheiro lafaiete
2928,watches_gifts,817.7,camacari
2929,construction_tools_construction,817.12,guarulhos
2930,garden_tools,817.0,ibatiba
2931,consoles_games,816.9,ribeirao preto
2932,perfumery,816.77,atibaia
2933,sports_leisure,816.77,belford roxo
2934,sports_leisure,816.6899999999999,bertioga
2935,auto,816.4799999999999,brusque
2936,small_appliances,816.4,contagem
2937,furniture_decor,815.6099999999999,sete lagoas
2938,stationery,815.08,mogi das cruzes
2939,computers_accessories,814.0500000000001,sao vicente
2940,watches_gifts,812.99,arapora
2941,fixed_telephony,812.99,cachoeiro de itapemirim
2942,kitchen_dining_laundry_garden_furniture,812.9,campinas
2943,kitchen_dining_laundry_garden_furniture,812.9,votuporanga
2944,sports_leisure,812.6899999999999,macapa
2945,sports_leisure,812.3,catanduva
2946,cool_stuff,812.2899999999998,laguna
2947,office_furniture,811.97,pederneiras
2948,sports_leisure,811.8,mairipora
2949,bed_bath_table,811.5,louveira
2950,health_beauty,811.49,ipua
2951,construction_tools_construction,811.1700000000001,fortaleza
2952,consoles_games,810.39,volta redonda
2953,bed_bath_table,810.09,promissao
2954,cool_stuff,810.0,cristalandia
2955,health_beauty,810.0,inhapi
2956,housewares,809.9000000000001,sao jose dos pinhais
2957,pet_shop,809.9,primavera do leste
2958,musical_instruments,809.9,vitoria
2959,watches_gifts,809.8,ponte nova
2960,cool_stuff,809.78,patrocinio
2961,office_furniture,809.75,sao bernardo do campo
2962,office_furniture,809.6999999999999,rolandia
2963,computers_accessories,809.59,japuiba
2964,furniture_living_room,809.54,santos
2965,bed_bath_table,809.5,itapetininga
2966,stationery,809.2299999999999,pato branco
2967,computers_accessories,809.1,campo alegre
2968,telephony,809.0,sao joao do sul
2969,toys,808.78,orleans
2970,health_beauty,808.6899999999999,resende
2971,toys,807.59,sao vicente
2972,home_construction,807.18,santo andre
2973,computers_accessories,806.99,bom jesus do itabapoana
2974,computers_accessories,806.25,francisco morato
2975,health_beauty,805.96,santa rita
2976,toys,805.1500000000001,poa
2977,cool_stuff,804.9,sao francisco
2978,bed_bath_table,804.6,capao da canoa
2979,bed_bath_table,804.49,itajobi
2980,auto,804.0,campina grande
2981,health_beauty,803.13,mineiros
2982,luggage_accessories,802.89,muriae
2983,furniture_decor,802.8,itajuba
2984,health_beauty,802.6600000000001,patos
2985,auto,802.5799999999999,barra mansa
2986,stationery,801.7,mage
2987,housewares,800.99,nova serrana
2988,health_beauty,800.9,sao miguel do guama
2989,construction_tools_safety,800.0,salinas
2990,auto,799.99,cambui
2991,baby,799.99,uruana
2992,bed_bath_table,799.99,mandaguari
2993,furniture_decor,799.98,buenopolis
2994,musical_instruments,799.9,sao mateus
2995,baby,799.9,teixeira de freitas
2996,air_conditioning,799.9,campinas
2997,bed_bath_table,799.79,sarandi
2998,bed_bath_table,799.79,pocos de caldas
2999,office_furniture,799.6,rio do sul
3000,musical_instruments,799.0,vitoria da conquista
3001,watches_gifts,799.0,mairi
3002,home_confort,799.0,cachoeira do campo
3003,luggage_accessories,799.0,jaragua do sul
3004,watches_gifts,799.0,sandolandia
3005,watches_gifts,799.0,porto seguro
3006,consoles_games,798.9,maringa
3007,baby,798.78,santa luzia
3008,furniture_decor,798.6,arapiraca
3009,stationery,798.58,itapevi
3010,furniture_living_room,798.0,atibaia
3011,pet_shop,798.0,imbe
3012,cool_stuff,798.0,mangueirinha
3013,cool_stuff,798.0,santana do araguaia
3014,,797.66,ferraz de vasconcelos
3015,health_beauty,797.6,abaetetuba
3016,bed_bath_table,797.46,itumbiara
3017,baby,796.6899999999999,franco da rocha
3018,garden_tools,796.3799999999999,volta redonda
3019,agro_industry_and_commerce,796.0,mutum
3020,furniture_living_room,796.0,aracaju
3021,baby,795.4899999999999,indaiatuba
3022,small_appliances_home_oven_and_coffee,795.0,niteroi
3023,small_appliances_home_oven_and_coffee,795.0,arataca
3024,home_appliances_2,795.0,sao jose do rio preto
3025,sports_leisure,794.5,alagoinhas
3026,garden_tools,794.32,pedro leopoldo
3027,small_appliances,794.24,jundiai
3028,home_appliances_2,794.22,guarulhos
3029,office_furniture,793.8,valinhos
3030,home_construction,793.64,brasilia
3031,sports_leisure,793.49,sao joao da boa vista
3032,sports_leisure,793.29,passo fundo
3033,furniture_decor,792.52,cachoeirinha
3034,cool_stuff,792.08,jau
3035,auto,791.9699999999999,jaboatao dos guararapes
3036,bed_bath_table,791.05,varginha
3037,perfumery,790.6099999999999,jau
3038,small_appliances,790.0,santa cruz do sul
3039,computers,790.0,vitoria da conquista
3040,watches_gifts,789.99,serranopolis
3041,telephony,789.99,serro
3042,auto,789.89,lavras da mangabeira
3043,consoles_games,789.88,joao pessoa
3044,auto,789.88,ipatinga
3045,musical_instruments,789.8,casimiro de abreu
3046,toys,789.78,rio grande
3047,baby,789.48,sao jose do rio preto
3048,cool_stuff,789.0,araguari
3049,housewares,788.98,varginha
3050,watches_gifts,788.9,timoteo
3051,computers_accessories,788.6899999999999,timoteo
3052,construction_tools_lights,788.0,brasilia
3053,housewares,787.99,indaial
3054,health_beauty,787.47,echapora
3055,housewares,787.28,jaragua do sul
3056,,787.2699999999999,santos
3057,watches_gifts,786.62,teresopolis
3058,cool_stuff,785.98,leme
3059,furniture_decor,785.3,embu
3060,furniture_mattress_and_upholstery,785.3,sao paulo
3061,health_beauty,785.0899999999999,tubarao
3062,office_furniture,784.9300000000001,santarem
3063,costruction_tools_garden,784.7,porto alegre
3064,office_furniture,784.7,ronda alta
3065,toys,784.67,santana de parnaiba
3066,bed_bath_table,784.61,sao roque
3067,health_beauty,784.01,avare
3068,watches_gifts,783.98,itatiba
3069,computers_accessories,783.9,paulista
3070,watches_gifts,783.15,itapetinga
3071,health_beauty,783.15,itauna
3072,watches_gifts,783.14,alagoinhas
3073,sports_leisure,783.0,imbe
3074,watches_gifts,782.9,caucaia
3075,costruction_tools_garden,782.8000000000001,belo horizonte
3076,bed_bath_table,782.6800000000001,belem
3077,toys,782.68,rio das ostras
3078,watches_gifts,782.39,paracatu
3079,toys,781.86,telemaco borba
3080,perfumery,781.8499999999999,sao joao de meriti
3081,computers_accessories,781.7,cascavel
3082,toys,781.49,aracaju
3083,industry_commerce_and_business,780.6999999999999,sao jose dos campos
3084,furniture_decor,780.65,cajazeiras
3085,sports_leisure,780.5999999999999,tubarao
3086,garden_tools,780.4999999999999,gravatai
3087,housewares,780.0,datas
3088,toys,780.0,itai
3089,construction_tools_construction,779.9,aracaju
3090,watches_gifts,779.82,fernandopolis
3091,computers_accessories,779.8,nova prata do iguacu
3092,,779.77,guapore
3093,perfumery,779.6999999999999,nova lima
3094,computers_accessories,779.2,navegantes
3095,watches_gifts,779.0,juazeiro
3096,toys,778.98,campina grande
3097,kitchen_dining_laundry_garden_furniture,778.9,jundiai
3098,sports_leisure,778.9,igarassu
3099,watches_gifts,778.9,eugenopolis
3100,cool_stuff,778.86,suzano
3101,stationery,778.68,cuiaba
3102,bed_bath_table,778.6300000000001,ubatuba
3103,pet_shop,778.3399999999999,santana de parnaiba
3104,computers_accessories,778.0899999999999,imperatriz
3105,baby,778.0,icatu
3106,housewares,777.94,peruibe
3107,furniture_decor,777.74,uberaba
3108,housewares,777.27,rio grande
3109,office_furniture,776.95,marilia
3110,telephony,776.95,carapicuiba
3111,sports_leisure,775.78,taquaritinga
3112,health_beauty,775.6700000000001,nova lima
3113,housewares,775.5,sete lagoas
3114,watches_gifts,774.9,guaiba
3115,furniture_decor,773.9,nova lima
3116,furniture_decor,773.89,imperatriz
3117,pet_shop,773.8,cacapava
3118,bed_bath_table,773.39,rio do sul
3119,consoles_games,772.89,colombo
3120,electronics,772.75,sao joao de meriti
3121,housewares,772.75,divinopolis
3122,furniture_decor,771.9,itabuna
3123,luggage_accessories,771.69,divinopolis
3124,furniture_decor,771.5999999999999,tres coracoes
3125,perfumery,770.8100000000001,teresina
3126,toys,770.1499999999999,montes claros
3127,computers,770.0,quixada
3128,costruction_tools_garden,770.0,paraty
3129,health_beauty,769.99,sao mateus do sul
3130,construction_tools_construction,769.9,pau dos ferros
3131,sports_leisure,769.79,penapolis
3132,sports_leisure,769.68,itabira
3133,fashion_bags_accessories,768.6999999999999,divinopolis
3134,telephony,767.73,presidente prudente
3135,perfumery,767.55,araguaina
3136,computers_accessories,767.5099999999999,tres coracoes
3137,health_beauty,767.3,jaboticatubas
3138,watches_gifts,766.9,montenegro
3139,sports_leisure,766.46,lins
3140,,765.98,pocos de caldas
3141,,765.98,niteroi
3142,watches_gifts,765.9,presidente dutra
3143,health_beauty,765.2,mairipora
3144,housewares,765.0,itu
3145,stationery,764.86,caraguatatuba
3146,baby,764.49,bauru
3147,auto,764.3499999999999,paulinia
3148,furniture_decor,764.06,embu das artes
3149,watches_gifts,764.0,carangola
3150,office_furniture,763.95,petropolis
3151,telephony,763.6200000000001,aracaju
3152,housewares,763.3000000000001,presidente prudente
3153,computers_accessories,762.6999999999999,paracatu
3154,bed_bath_table,761.8799999999999,gravatai
3155,baby,761.47,limeira
3156,health_beauty,761.28,vinhedo
3157,bed_bath_table,761.18,miguel pereira
3158,bed_bath_table,760.4,lages
3159,furniture_decor,760.23,angra dos reis
3160,health_beauty,760.0,amarante
3161,office_furniture,759.96,caceres
3162,toys,759.9,alfredo wagner
3163,watches_gifts,759.9,barbalha
3164,perfumery,759.78,canoas
3165,auto,759.69,santana de parnaiba
3166,cool_stuff,759.26,nova serrana
3167,small_appliances,759.05,jaguapita
3168,auto,758.5600000000001,olinda
3169,furniture_living_room,758.39,salvador
3170,computers_accessories,758.36,sao miguel dos campos
3171,auto,758.09,caieiras
3172,garden_tools,758.0,guaiba
3173,cool_stuff,757.5999999999999,guaratuba
3174,health_beauty,756.98,cachoeirinha
3175,luggage_accessories,756.18,goiania
3176,computers_accessories,756.0,jijoca de jericoacoara
3177,telephony,755.99,sao joao do itaperiu
3178,bed_bath_table,755.54,mirassol
3179,perfumery,755.35,campo grande
3180,baby,755.0,dom pedrito
3181,auto,754.79,chapeco
3182,air_conditioning,754.6,paulinia
3183,musical_instruments,754.0,camacari
3184,furniture_decor,753.9300000000001,teresina
3185,home_construction,753.4,manaus
3186,,753.3599999999999,duque de caxias
3187,cool_stuff,752.99,jaguariuna
3188,home_appliances,752.78,guarulhos
3189,bed_bath_table,752.3,governador valadares
3190,stationery,752.0999999999999,campo grande
3191,furniture_decor,752.0,francisco beltrao
3192,cool_stuff,751.87,itapema
3193,fixed_telephony,750.99,santana de parnaiba
3194,stationery,750.8,santos
3195,auto,750.59,manhuacu
3196,bed_bath_table,750.5899999999999,cruz das almas
3197,home_appliances_2,750.0,jundiai
3198,small_appliances_home_oven_and_coffee,750.0,campo grande
3199,home_appliances_2,750.0,recife
3200,small_appliances_home_oven_and_coffee,750.0,brasilia
3201,small_appliances_home_oven_and_coffee,750.0,andradina
3202,small_appliances_home_oven_and_coffee,750.0,itauba
3203,home_appliances_2,750.0,goiania
3204,small_appliances_home_oven_and_coffee,750.0,salvador
3205,watches_gifts,750.0,itariri
3206,home_appliances_2,750.0,goiatuba
3207,small_appliances_home_oven_and_coffee,750.0,lencois paulista
3208,home_appliances_2,750.0,joinville
3209,office_furniture,749.96,taubate
3210,office_furniture,749.9399999999999,gaspar
3211,toys,749.9,petrolandia
3212,watches_gifts,749.8,espera feliz
3213,garden_tools,749.5899999999999,sao vicente
3214,furniture_decor,749.5799999999999,cianorte
3215,books_general_interest,749.18,curitiba
3216,books_imported,749.0,bacabal
3217,auto,749.0,varzea da palma
3218,housewares,749.0,monte alegre do sul
3219,auto,748.88,serra talhada
3220,pet_shop,748.7,aracatuba
3221,sports_leisure,748.6999999999999,tupa
3222,bed_bath_table,748.6899999999999,miguelopolis
3223,industry_commerce_and_business,748.0,altos
3224,auto,748.0,parnaiba
3225,health_beauty,747.9,sertanopolis
3226,health_beauty,747.89,varginha
3227,bed_bath_table,747.86,natal
3228,sports_leisure,746.8,tres lagoas
3229,sports_leisure,746.79,pedro leopoldo
3230,office_furniture,746.79,mage
3231,computers_accessories,746.78,itabira
3232,watches_gifts,746.0,tucuma
3233,pet_shop,745.9999999999999,sorocaba
3234,industry_commerce_and_business,745.0,gravatai
3235,telephony,744.95,mogi-guacu
3236,cool_stuff,744.9,sao carlos
3237,computers_accessories,744.78,macatuba
3238,sports_leisure,744.39,artur nogueira
3239,computers_accessories,744.19,lagoa santa
3240,watches_gifts,744.0,registro
3241,cool_stuff,743.98,ribeirao das neves
3242,watches_gifts,743.8,itapema
3243,stationery,743.8,cariacica
3244,perfumery,743.78,sete lagoas
3245,computers_accessories,743.5899999999999,sao jose dos pinhais
3246,housewares,743.15,colatina
3247,health_beauty,742.15,jaboticabal
3248,home_construction,741.82,resende
3249,musical_instruments,741.77,marilia
3250,furniture_decor,741.6700000000001,ribeirao das neves
3251,garden_tools,741.66,bauru
3252,pet_shop,741.6,araras
3253,,741.54,sorocaba
3254,cool_stuff,741.49,caieiras
3255,baby,741.49,feira de santana
3256,housewares,741.05,rio das ostras
3257,electronics,740.1499999999999,aracaju
3258,furniture_decor,739.98,gravatal
3259,toys,739.9,santa isabel do rio preto
3260,toys,739.9,rolandia
3261,perfumery,739.8,araras
3262,bed_bath_table,739.5,lorena
3263,home_appliances,739.4,santana de parnaiba
3264,sports_leisure,738.99,colombo
3265,bed_bath_table,738.74,claudio
3266,toys,738.45,teofilo otoni
3267,cool_stuff,738.39,cataguases
3268,watches_gifts,736.99,itabera
3269,garden_tools,736.98,ponta grossa
3270,cool_stuff,736.89,criciuma
3271,bed_bath_table,736.58,teofilo otoni
3272,,736.4,araxa
3273,watches_gifts,735.0,bom jesus
3274,pet_shop,735.0,francisco morato
3275,pet_shop,735.0,nova xavantina
3276,health_beauty,734.5799999999999,santa barbara d'oeste
3277,toys,734.1600000000001,teresopolis
3278,housewares,733.99,fartura
3279,computers_accessories,733.98,porto velho
3280,music,733.9,rio de janeiro
3281,musical_instruments,733.8,valenca
3282,perfumery,733.78,juazeiro
3283,perfumery,733.68,novo hamburgo
3284,watches_gifts,733.0,niquelandia
3285,sports_leisure,732.6,sao joaquim da barra
3286,health_beauty,732.49,ilheus
3287,health_beauty,732.0,afogados da ingazeira
3288,computers_accessories,731.8,colombo
3289,consoles_games,731.8,betim
3290,bed_bath_table,731.3,lagoa da prata
3291,garden_tools,731.2,boituva
3292,sports_leisure,731.1800000000001,mandaguari
3293,sports_leisure,730.99,alem paraiba
3294,stationery,730.66,atibaia
3295,health_beauty,730.55,salto
3296,computers,730.0,parnaiba
3297,computers,730.0,ouro fino
3298,health_beauty,730.0,saloa
3299,computers,730.0,sao jose dos campos
3300,computers,730.0,prado
3301,computers,730.0,serra
3302,,729.9,saquarema
3303,toys,729.9,embu das artes
3304,consoles_games,729.89,matao
3305,perfumery,729.87,amparo
3306,health_beauty,729.8599999999999,balneario camboriu
3307,furniture_decor,729.54,santa luzia
3308,health_beauty,729.13,paranagua
3309,costruction_tools_tools,729.0,sao joao da boa vista
3310,costruction_tools_tools,729.0,guaruja
3311,bed_bath_table,728.98,amparo
3312,furniture_decor,728.88,sinop
3313,auto,728.0,itabirito
3314,cool_stuff,727.77,curvelo
3315,computers_accessories,726.86,ouro branco
3316,health_beauty,726.5699999999999,sete lagoas
3317,garden_tools,726.4000000000001,angra dos reis
3318,watches_gifts,726.35,jaguaruana
3319,garden_tools,725.79,balneario camboriu
3320,home_confort,725.6999999999999,curitiba
3321,small_appliances,725.0,altamira
3322,cool_stuff,724.96,japeri
3323,luggage_accessories,724.6899999999999,sao goncalo
3324,bed_bath_table,724.1,pirassununga
3325,perfumery,724.0,sao jose
3326,auto,723.9,manaus
3327,toys,723.8299999999999,macae
3328,office_furniture,723.77,sorocaba
3329,computers_accessories,723.2,orlandia
3330,furniture_decor,722.89,venancio aires
3331,health_beauty,722.8,bertioga
3332,,722.5,sao joao dos patos
3333,health_beauty,721.8,itapecerica da serra
3334,bed_bath_table,721.8,ipaba
3335,sports_leisure,721.79,itaquaquecetuba
3336,drinks,721.76,curitiba
3337,furniture_decor,721.63,sertaozinho
3338,toys,721.5600000000001,manaus
3339,furniture_decor,720.43,itapevi
3340,health_beauty,720.37,realeza
3341,furniture_decor,720.2,cabo frio
3342,auto,720.1500000000001,itu
3343,housewares,719.98,passa quatro
3344,office_furniture,719.96,jaboticabal
3345,bed_bath_table,719.89,frutal
3346,consoles_games,719.88,fundao
3347,pet_shop,719.6999999999999,sao caetano do sul
3348,food,719.6300000000001,campinas
3349,electronics,719.43,santos
3350,garden_tools,719.0,gameleira
3351,sports_leisure,719.0,castro
3352,watches_gifts,719.0,marilandia
3353,toys,718.89,manhuacu
3354,housewares,718.88,poa
3355,auto,718.6999999999999,araxa
3356,computers_accessories,718.6999999999999,mage
3357,luggage_accessories,718.19,contagem
3358,bed_bath_table,717.67,ijui
3359,watches_gifts,717.66,foz do iguacu
3360,toys,717.5699999999999,pelotas
3361,bed_bath_table,717.29,sao joao de meriti
3362,baby,717.2800000000001,vitoria
3363,garden_tools,716.99,sapucaia do sul
3364,health_beauty,715.78,passo fundo
3365,housewares,714.6,cravinhos
3366,auto,714.59,ilheus
3367,toys,714.4000000000001,uberaba
3368,watches_gifts,714.15,vicosa
3369,consoles_games,713.78,cotia
3370,furniture_decor,713.5,ourinhos
3371,health_beauty,713.4399999999999,goianesia
3372,watches_gifts,712.99,paulo afonso
3373,bed_bath_table,712.76,ilheus
3374,auto,712.1500000000001,guaratingueta
3375,perfumery,711.78,itabira
3376,bed_bath_table,711.5899999999999,mairipora
3377,stationery,711.5899999999999,bauru
3378,stationery,711.48,americana
3379,luggage_accessories,710.7,maceio
3380,housewares,710.55,capivari
3381,bed_bath_table,710.4499999999999,manhuacu
3382,luggage_accessories,710.3,barueri
3383,cool_stuff,710.0,mongagua
3384,sports_leisure,710.0,jacobina
3385,garden_tools,709.97,petropolis
3386,toys,709.88,jaguariuna
3387,health_beauty,709.78,pires do rio
3388,cool_stuff,708.99,jequie
3389,office_furniture,708.98,ipatinga
3390,small_appliances,708.85,apucarana
3391,furniture_decor,708.8,charqueadas
3392,housewares,708.48,dourados
3393,health_beauty,708.38,paulo afonso
3394,telephony,707.84,feira de santana
3395,sports_leisure,707.68,montes claros
3396,small_appliances,706.9,sete lagoas
3397,furniture_decor,706.58,ouro preto
3398,bed_bath_table,706.16,itanhaem
3399,auto,706.08,sao jose dos pinhais
3400,sports_leisure,706.03,valparaiso de goias
3401,toys,705.78,lauro de freitas
3402,computers_accessories,705.16,biguacu
3403,computers_accessories,705.14,comodoro
3404,housewares,704.68,itapema
3405,toys,704.5999999999999,jau
3406,home_confort,703.99,santos
3407,pet_shop,703.84,pocos de caldas
3408,bed_bath_table,703.79,iguaba grande
3409,bed_bath_table,703.76,joao monlevade
3410,auto,703.19,taquarituba
3411,consoles_games,703.0,sao jose do rio preto
3412,stationery,702.0899999999999,sao goncalo
3413,office_furniture,701.9399999999999,sao joaquim da barra
3414,garden_tools,701.8,itajuba
3415,luggage_accessories,701.8,porto velho
3416,luggage_accessories,701.6899999999999,canoas
3417,christmas_supplies,701.4,ananindeua
3418,construction_tools_lights,700.0,campinas
3419,air_conditioning,700.0,governador valadares
3420,toys,699.99,patos de minas
3421,office_furniture,699.99,sao joao del rei
3422,fashion_bags_accessories,699.99,manaus
3423,agro_industry_and_commerce,699.98,concordia do para
3424,consoles_games,699.87,timoteo
3425,health_beauty,699.8,itabaiana
3426,health_beauty,699.4,itanhandu
3427,home_appliances,699.0,cesario lange
3428,health_beauty,699.0,campos borges
3429,home_appliances,699.0,sao luis
3430,stationery,699.0,currais novos
3431,watches_gifts,699.0,gameleira
3432,fashion_bags_accessories,699.0,formoso
3433,watches_gifts,699.0,pacajus
3434,home_appliances,699.0,presidente prudente
3435,home_appliances,699.0,sao caetano do sul
3436,stationery,698.99,manaus
3437,auto,698.99,porto nacional
3438,bed_bath_table,698.7,formiga
3439,bed_bath_table,698.55,assis
3440,baby,698.08,mogi das cruzes
3441,cool_stuff,698.0,campo formoso
3442,cool_stuff,697.97,angra dos reis
3443,computers_accessories,697.87,itaguai
3444,fashio_female_clothing,697.74,sao paulo
3445,furniture_living_room,697.74,bauru
3446,housewares,697.5999999999999,varzea paulista
3447,sports_leisure,696.9,catalao
3448,pet_shop,696.1800000000001,sao goncalo
3449,toys,695.48,taubate
3450,construction_tools_construction,695.0600000000001,nilopolis
3451,health_beauty,695.0,guaiuba
3452,watches_gifts,694.99,guanhaes
3453,health_beauty,694.9300000000001,joao monlevade
3454,tablets_printing_image,694.89,rio de janeiro
3455,fashion_bags_accessories,694.77,nova iguacu
3456,health_beauty,694.65,bambui
3457,watches_gifts,693.89,nova odessa
3458,pet_shop,693.87,volta redonda
3459,toys,693.5999999999999,ponta grossa
3460,auto,693.5,salto
3461,housewares,693.1800000000001,bento goncalves
3462,,693.11,londrina
3463,health_beauty,693.1099999999999,jaguariuna
3464,electronics,693.0,maraba
3465,,692.99,sao jose do rio preto
3466,housewares,692.28,teofilo otoni
3467,baby,692.22,nova iguacu
3468,computers_accessories,691.96,morro de sao paulo
3469,stationery,691.9,braganca paulista
3470,electronics,691.48,cotia
3471,fashion_bags_accessories,691.47,rio claro
3472,auto,691.29,franco da rocha
3473,housewares,690.5799999999999,palmas
3474,computers_accessories,690.0,presidente venceslau
3475,musical_instruments,690.0,itaiopolis
3476,musical_instruments,690.0,campo mourao
3477,air_conditioning,690.0,petropolis
3478,sports_leisure,689.99,crateus
3479,toys,689.9,divisa nova
3480,perfumery,689.9,camboriu
3481,consoles_games,689.89,colinas
3482,consoles_games,689.89,inaciolandia
3483,consoles_games,689.89,cicero dantas
3484,consoles_games,689.89,iguatu
3485,consoles_games,689.89,caico
3486,consoles_games,689.89,redencao
3487,computers_accessories,689.79,braganca paulista
3488,luggage_accessories,689.6899999999999,praia grande
3489,garden_tools,689.49,cariacica
3490,watches_gifts,689.0,petrolina
3491,watches_gifts,689.0,teotonio vilela
3492,watches_gifts,689.0,cantanhede
3493,sports_leisure,688.9,sao felix do xingu
3494,watches_gifts,688.88,rondonopolis
3495,sports_leisure,688.5999999999999,tijucas
3496,watches_gifts,688.4,sao miguel
3497,bed_bath_table,688.3900000000001,jaboticabal
3498,audio,688.0,jatai
3499,telephony,687.98,imbituba
3500,pet_shop,687.9,sao roque
3501,bed_bath_table,687.4799999999999,votuporanga
3502,home_appliances_2,687.08,barueri
3503,small_appliances,687.0,sao sebastiao
3504,small_appliances,687.0,sobral
3505,small_appliances,687.0,pelotas
3506,small_appliances,687.0,fraiburgo
3507,office_furniture,686.85,piracicaba
3508,bed_bath_table,686.6899999999999,paracambi
3509,housewares,686.21,caucaia
3510,health_beauty,686.1399999999999,almirante tamandare
3511,telephony,685.98,ipameri
3512,consoles_games,685.78,sao goncalo
3513,perfumery,685.56,hortolandia
3514,health_beauty,685.55,baependi
3515,sports_leisure,684.24,hortolandia
3516,bed_bath_table,684.23,cubatao
3517,housewares,683.79,monte mor
3518,furniture_decor,683.78,sao joao da boa vista
3519,toys,683.59,santa rita do sapucai
3520,musical_instruments,683.0,londrina
3521,watches_gifts,683.0,santo antonio de posse
3522,watches_gifts,683.0,boituva
3523,perfumery,682.98,lagoa grande
3524,sports_leisure,682.9,parnaiba
3525,health_beauty,682.89,patrocinio
3526,furniture_decor,682.6800000000001,atibaia
3527,perfumery,682.29,marilia
3528,telephony,682.03,manaus
3529,stationery,681.6999999999999,varginha
3530,auto,681.37,arapiraca
3531,telephony,681.35,cariacica
3532,bed_bath_table,681.2,manaus
3533,auto,681.12,sumare
3534,perfumery,680.88,paulinia
3535,stationery,680.39,campos dos goytacazes
3536,health_beauty,680.0,cedro de sao joao
3537,signaling_and_security,680.0,julio mesquita
3538,health_beauty,679.7,campo limpo paulista
3539,auto,679.66,lorena
3540,cool_stuff,679.49,varzea grande
3541,construction_tools_construction,679.02,salvador
3542,watches_gifts,679.0,sao leopoldo
3543,telephony,679.0,sao joao evangelista
3544,watches_gifts,679.0,porto real
3545,perfumery,678.9,arapongas
3546,watches_gifts,678.8,cachoeirinha
3547,furniture_decor,678.15,juazeiro do norte
3548,office_furniture,677.57,hortolandia
3549,housewares,677.17,braganca paulista
3550,bed_bath_table,677.1,cacapava
3551,furniture_decor,676.6999999999999,votorantim
3552,bed_bath_table,676.59,rolandia
3553,stationery,676.3,diadema
3554,auto,676.0899999999999,cariacica
3555,computers_accessories,676.03,salto
3556,cine_photo,675.99,comodoro
3557,watches_gifts,675.88,adamantina
3558,sports_leisure,675.74,bebedouro
3559,auto,674.9,guadalupe
3560,watches_gifts,674.89,rio verde
3561,auto,674.5699999999999,itabira
3562,furniture_decor,673.9599999999999,gravatai
3563,computers_accessories,673.95,joao monlevade
3564,audio,673.9,nova iguacu
3565,stationery,673.8500000000001,montes claros
3566,toys,673.6800000000001,limeira
3567,baby,673.3999999999999,sao jose
3568,health_beauty,672.94,ibirite
3569,housewares,672.89,sao roque
3570,books_technical,672.8000000000001,brasilia
3571,perfumery,672.8,tatui
3572,cool_stuff,671.99,sao luiz gonzaga
3573,perfumery,671.78,aracatuba
3574,toys,671.36,maringa
3575,furniture_decor,671.28,caieiras
3576,sports_leisure,670.98,armacao dos buzios
3577,signaling_and_security,670.0,aparecida de goiania
3578,electronics,669.99,corinto
3579,watches_gifts,669.99,solonopole
3580,furniture_decor,669.98,vilhena
3581,office_furniture,669.8,teresopolis
3582,books_general_interest,669.8,itarare
3583,bed_bath_table,669.4999999999999,macapa
3584,electronics,669.4,sao vicente
3585,baby,669.0,floriano
3586,watches_gifts,669.0,sao luis do paraitinga
3587,auto,669.0,tabira
3588,auto,669.0,aguas formosas
3589,consoles_games,668.89,blumenau
3590,health_beauty,668.88,andradina
3591,bed_bath_table,668.3,itaperuna
3592,sports_leisure,668.2,ibitinga
3593,watches_gifts,668.0,andradina
3594,health_beauty,667.99,santa maria da vitoria
3595,sports_leisure,667.9,sapucaia do sul
3596,housewares,667.8,nova era
3597,auto,667.79,cajamar
3598,market_place,666.77,campinas
3599,furniture_decor,666.68,varginha
3600,sports_leisure,666.39,barbacena
3601,luggage_accessories,665.99,rio claro
3602,health_beauty,665.76,rolandia
3603,health_beauty,665.15,lapa
3604,small_appliances,665.0,catas altas
3605,fixed_telephony,663.98,arapiraca
3606,sports_leisure,663.8,lauro de freitas
3607,computers_accessories,663.77,alvorada
3608,consoles_games,663.68,goiania
3609,garden_tools,663.5899999999999,videira
3610,watches_gifts,663.0,umuarama
3611,fixed_telephony,662.88,ribeirao preto
3612,sports_leisure,662.8,cerquilho
3613,health_beauty,662.39,holambra ii
3614,books_general_interest,662.35,petropolis
3615,sports_leisure,661.9200000000001,joanopolis
3616,watches_gifts,661.9,tres coracoes
3617,computers_accessories,661.78,sao roque
3618,telephony,661.69,sao jose
3619,auto,661.3,barra do pirai
3620,bed_bath_table,661.0799999999999,guaratingueta
3621,computers_accessories,660.86,olinda
3622,watches_gifts,660.54,presidente prudente
3623,home_construction,660.45,uba
3624,health_beauty,660.0,barra do choca
3625,watches_gifts,659.99,machado
3626,perfumery,659.9,igarape
3627,cool_stuff,659.9,sao sebastiao do paraiso
3628,auto,659.8,colonia jordaozinho
3629,construction_tools_construction,659.8,boninal
3630,office_furniture,659.7,sao joao da boa vista
3631,baby,659.6899999999999,cotia
3632,bed_bath_table,659.68,linhares
3633,baby,659.5999999999999,aracaju
3634,health_beauty,659.35,teofilo otoni
3635,sports_leisure,659.0,tracunhaem
3636,luggage_accessories,658.93,santo andre
3637,garden_tools,658.8999999999999,palhoca
3638,audio,657.99,contagem
3639,garden_tools,657.89,joao monlevade
3640,housewares,657.8,marialva
3641,office_furniture,657.8,marilac
3642,computers_accessories,657.78,quata
3643,baby,657.6899999999999,manaus
3644,bed_bath_table,657.23,vinhedo
3645,housewares,657.15,vitoria da conquista
3646,sports_leisure,656.84,embu das artes
3647,sports_leisure,656.68,apucarana
3648,construction_tools_lights,655.8000000000001,porto alegre
3649,auto,655.8,agua boa
3650,bed_bath_table,655.5699999999999,tramandai
3651,auto,655.5,divinopolis
3652,furniture_living_room,655.0,sao joao da boa vista
3653,watches_gifts,655.0,jequeri
3654,toys,654.9,goioere
3655,auto,654.9,quixada
3656,furniture_decor,654.89,sapucaia do sul
3657,toys,654.6899999999999,pocos de caldas
3658,watches_gifts,653.9,guarapuava
3659,computers_accessories,653.7299999999999,pato branco
3660,fashion_underwear_beach,653.6899999999999,rio de janeiro
3661,sports_leisure,653.68,ribeirao pires
3662,health_beauty,653.63,pirai
3663,pet_shop,652.79,americana
3664,baby,651.79,tatui
3665,electronics,650.9000000000001,ipatinga
3666,housewares,650.89,itabira
3667,housewares,650.76,maceio
3668,computers,650.0,macae
3669,furniture_bedroom,650.0,carmo do paranaiba
3670,computers,650.0,catende
3671,watches_gifts,650.0,piratuba
3672,computers,650.0,barreiras
3673,watches_gifts,650.0,santana do cariri
3674,computers,650.0,barreiros
3675,toys,649.9,butia
3676,toys,649.9,bonito
3677,cool_stuff,649.9,corbelia
3678,sports_leisure,649.9,bom sucesso
3679,garden_tools,649.9,caraubas
3680,telephony,649.78,matao
3681,electronics,649.5,patrocinio
3682,books_general_interest,649.23,belo horizonte
3683,telephony,649.0,pauliceia
3684,small_appliances,649.0,juquitiba
3685,sports_leisure,648.62,valenca
3686,housewares,648.35,barbacena
3687,home_confort,648.0,ribeirao preto
3688,housewares,647.98,toledo
3689,sports_leisure,647.79,aruja
3690,electronics,647.7,governador valadares
3691,auto,647.0500000000001,pirassununga
3692,garden_tools,647.04,itajai
3693,sports_leisure,646.99,brusque
3694,watches_gifts,646.89,leme
3695,pet_shop,646.77,vitoria
3696,stationery,646.76,lavras
3697,watches_gifts,646.0,ituverava
3698,watches_gifts,645.89,mogi-guacu
3699,consoles_games,645.89,sao caetano do sul
3700,perfumery,645.78,valinhos
3701,health_beauty,645.6999999999999,foz do iguacu
3702,tablets_printing_image,645.6800000000001,sao paulo
3703,housewares,644.89,cubatao
3704,health_beauty,644.68,franco da rocha
3705,sports_leisure,644.39,sao roque
3706,auto,644.24,rio verde
3707,cool_stuff,643.96,araraquara
3708,bed_bath_table,643.59,jaragua do sul
3709,electronics,643.3299999999999,piracicaba
3710,market_place,643.29,sao luis
3711,pet_shop,643.0,lencois paulista
3712,pet_shop,643.0,sao pedro
3713,furniture_decor,642.8,divinopolis
3714,bed_bath_table,642.7900000000001,capao bonito
3715,auto,642.4,penapolis
3716,bed_bath_table,642.37,jau
3717,furniture_decor,642.0000000000001,alvorada
3718,garden_tools,641.9,guaraci
3719,perfumery,641.89,alagoinhas
3720,housewares,641.8299999999999,araxa
3721,telephony,641.71,joao pessoa
3722,pet_shop,641.6800000000001,sumare
3723,,641.38,juiz de fora
3724,small_appliances_home_oven_and_coffee,640.99,recife
3725,computers,640.0,salto grande
3726,kitchen_dining_laundry_garden_furniture,640.0,itatiba
3727,watches_gifts,640.0,aracatuba
3728,home_construction,639.99,dois irmaos
3729,home_appliances_2,639.9,dracena
3730,construction_tools_construction,639.9,nova iguacu
3731,health_beauty,639.9,ibia
3732,bed_bath_table,639.7,duartina
3733,bed_bath_table,639.6899999999999,fernandopolis
3734,health_beauty,639.64,ouro preto
3735,perfumery,639.5699999999999,embu das artes
3736,pet_shop,639.49,taubate
3737,telephony,639.4399999999999,guaruja
3738,sports_leisure,639.4,andradina
3739,health_beauty,639.0,santana do livramento
3740,stationery,639.0,neropolis
3741,auto,638.9,cambuci
3742,construction_tools_construction,638.9,natal
3743,cool_stuff,638.88,manaus
3744,furniture_decor,638.01,brusque
3745,computers_accessories,637.91,colatina
3746,furniture_decor,637.6999999999999,paracatu
3747,toys,637.6,muriae
3748,health_beauty,637.38,acarau
3749,cool_stuff,637.3,maracanau
3750,musical_instruments,636.9,paraiba do sul
3751,construction_tools_construction,636.89,itapeva
3752,stationery,636.68,londrina
3753,health_beauty,636.24,apucarana
3754,sports_leisure,635.99,santo antonio de padua
3755,small_appliances,635.9,nilopolis
3756,furniture_decor,635.79,itatiba
3757,health_beauty,635.6999999999999,mossoro
3758,toys,635.3399999999999,garanhuns
3759,auto,635.24,novo hamburgo
3760,cool_stuff,635.0,cajati
3761,watches_gifts,634.9,figueira
3762,cool_stuff,634.8399999999999,nilopolis
3763,fashion_shoes,634.4,belo horizonte
3764,stationery,634.4,simoes filho
3765,stationery,634.4,tucurui
3766,baby,634.04,sao joao de meriti
3767,cool_stuff,633.99,patos de minas
3768,books_general_interest,633.8,rio branco
3769,sports_leisure,633.5,castanhal
3770,computers_accessories,633.04,guarapuava
3771,watches_gifts,633.0,pocos de caldas
3772,perfumery,632.91,campina grande
3773,stationery,632.38,piracicaba
3774,computers_accessories,632.37,itapecerica da serra
3775,sports_leisure,632.0,dores de campos
3776,agro_industry_and_commerce,631.9,belo horizonte
3777,computers_accessories,631.78,aruja
3778,perfumery,631.5899999999999,palhoca
3779,furniture_decor,631.4,xaxim
3780,watches_gifts,630.8,santa maria de jetiba
3781,home_construction,630.75,taubate
3782,garden_tools,630.19,jaragua do sul
3783,computers_accessories,630.0899999999999,sertaozinho
3784,musical_instruments,630.0,alvorada
3785,furniture_decor,630.0,sao jose da barra
3786,health_beauty,629.94,urandi
3787,toys,629.9,rondon do para
3788,musical_instruments,629.9,ribeirao preto
3789,home_appliances,629.9,marialva
3790,consoles_games,629.9,bela cruz
3791,auto,629.8,catanduva
3792,computers_accessories,629.76,muriae
3793,garden_tools,629.7099999999999,aracatuba
3794,musical_instruments,629.67,belem
3795,bed_bath_table,629.5,congonhas
3796,watches_gifts,629.3100000000001,araucaria
3797,fashion_bags_accessories,629.29,caxias do sul
3798,toys,629.0,casa nova
3799,musical_instruments,629.0,cianorte
3800,garden_tools,629.0,rio branco
3801,cool_stuff,629.0,cesario lange
3802,cool_stuff,629.0,nuporanga
3803,cool_stuff,628.99,ituiutaba
3804,garden_tools,627.88,unai
3805,baby,627.6999999999999,lavras
3806,stationery,627.4,presidente prudente
3807,cool_stuff,627.0,ico
3808,,626.9599999999999,diadema
3809,computers_accessories,626.9499999999999,hortolandia
3810,garden_tools,626.9,sao manuel
3811,auto,626.78,marica
3812,furniture_decor,626.74,assis
3813,telephony,626.58,jundiai
3814,cool_stuff,626.5799999999999,guanambi
3815,watches_gifts,626.5,areiopolis
3816,books_general_interest,626.37,campinas
3817,perfumery,626.28,governador valadares
3818,toys,626.0699999999999,ipatinga
3819,signaling_and_security,626.03,brasilia
3820,home_appliances_2,626.0,indaial
3821,home_appliances_2,626.0,itaguai
3822,home_appliances_2,626.0,sao jose dos pinhais
3823,home_appliances_2,626.0,atibaia
3824,health_beauty,625.8899999999999,cianorte
3825,sports_leisure,625.7,vitoria da conquista
3826,cool_stuff,625.47,itu
3827,health_beauty,625.3899999999999,uba
3828,fixed_telephony,625.0,taiuva
3829,audio,624.89,fortaleza
3830,pet_shop,624.89,cajamar
3831,auto,624.79,santana do livramento
3832,cool_stuff,624.1700000000001,anapolis
3833,furniture_living_room,623.9399999999999,seropedica
3834,watches_gifts,623.9,paulista
3835,auto,623.89,bonito
3836,housewares,623.87,resende
3837,perfumery,623.8,vila velha
3838,watches_gifts,623.5899999999999,sao joao del rei
3839,furniture_decor,623.4499999999999,sao miguel do oeste
3840,bed_bath_table,623.25,cafelandia
3841,perfumery,623.2099999999999,videira
3842,drinks,623.0,pouso alegre
3843,construction_tools_construction,622.96,vila velha
3844,bed_bath_table,621.89,gramado
3845,computers_accessories,621.78,santa barbara
3846,sports_leisure,621.49,jacarei
3847,telephony,621.3299999999999,americana
3848,computers_accessories,621.24,itapetininga
3849,health_beauty,620.89,luis eduardo magalhaes
3850,consoles_games,620.74,pocos de caldas
3851,bed_bath_table,620.7,sao joaquim da barra
3852,health_beauty,620.69,itaborai
3853,fashion_bags_accessories,620.48,joao pessoa
3854,computers_accessories,620.32,barra bonita
3855,computers_accessories,620.14,petrolina
3856,home_construction,620.1,cristalina
3857,home_construction,620.1,rio do sul
3858,telephony,619.98,catu
3859,pet_shop,619.98,carbonita
3860,bed_bath_table,619.97,vassouras
3861,garden_tools,619.9399999999999,santo estevao
3862,cool_stuff,619.88,queimados
3863,toys,619.88,barueri
3864,musical_instruments,619.86,guarulhos
3865,furniture_living_room,619.79,goiania
3866,stationery,619.14,praia grande
3867,home_appliances,619.0600000000001,salvador
3868,health_beauty,618.99,caieiras
3869,bed_bath_table,618.5999999999999,mesquita
3870,furniture_decor,618.5799999999999,rondonopolis
3871,construction_tools_construction,618.47,bauru
3872,bed_bath_table,618.08,jaboatao dos guararapes
3873,cool_stuff,618.0,guarani
3874,cool_stuff,618.0,abreu e lima
3875,health_beauty,617.96,lauro de freitas
3876,housewares,617.89,juazeiro
3877,watches_gifts,616.9,paranavai
3878,toys,616.89,capelinha
3879,watches_gifts,616.8,votorantim
3880,air_conditioning,616.8,carapicuiba
3881,sports_leisure,616.6999999999999,lages
3882,furniture_decor,616.3399999999999,vinhedo
3883,stationery,615.89,rio grande
3884,sports_leisure,615.37,pinhais
3885,books_general_interest,615.0,florianopolis
3886,audio,615.0,araruama
3887,sports_leisure,614.69,mage
3888,computers_accessories,614.0600000000001,ponta grossa
3889,audio,613.89,sao jose dos campos
3890,bed_bath_table,613.53,cerquilho
3891,musical_instruments,613.46,taboao da serra
3892,pet_shop,612.88,joao pessoa
3893,construction_tools_construction,612.61,jundiai
3894,stationery,612.5999999999999,pirassununga
3895,electronics,612.26,barueri
3896,health_beauty,611.97,navegantes
3897,stationery,611.6999999999999,vitoria
3898,furniture_decor,611.3899999999999,nilopolis
3899,health_beauty,611.0799999999999,sao pedro da aldeia
3900,housewares,610.8199999999999,jau
3901,cool_stuff,610.0,belem do sao francisco
3902,cool_stuff,610.0,morrinhos
3903,cool_stuff,610.0,nossa senhora do socorro
3904,cool_stuff,610.0,graccho cardoso
3905,cool_stuff,610.0,grao mogol
3906,cool_stuff,610.0,parelhas
3907,cool_stuff,609.99,sapucaia do sul
3908,cool_stuff,609.99,ijui
3909,cool_stuff,609.9300000000001,esteio
3910,furniture_decor,609.9,floresta
3911,toys,609.87,sao joao de meriti
3912,office_furniture,609.87,colider
3913,books_general_interest,609.8,sobral
3914,bed_bath_table,609.8,monte azul paulista
3915,home_appliances_2,609.8,cuiaba
3916,bed_bath_table,609.6999999999999,boa vista
3917,perfumery,609.6999999999999,bocaina
3918,garden_tools,609.6899999999999,abreu e lima
3919,auto,609.0,lauro de freitas
3920,auto,609.0,breves
3921,garden_tools,609.0,porto dos gauchos
3922,books_technical,608.92,curitiba
3923,auto,608.68,belford roxo
3924,toys,608.4799999999999,araxa
3925,electronics,608.04,sete lagoas
3926,cool_stuff,607.98,barao de cocais
3927,construction_tools_construction,607.9,ijui
3928,fashion_bags_accessories,607.89,jundiai
3929,watches_gifts,607.89,lins
3930,musical_instruments,607.7,tres lagoas
3931,home_appliances,607.01,belo horizonte
3932,bed_bath_table,606.6,aracaju
3933,auto,606.48,francisco morato
3934,audio,605.9,barreiras
3935,bed_bath_table,605.54,jales
3936,auto,605.39,hortolandia
3937,stationery,605.0,macae
3938,home_confort,604.9,goiania
3939,stationery,604.8,itajuba
3940,sports_leisure,604.6999999999999,guaratingueta
3941,baby,604.6999999999999,divinopolis
3942,toys,604.6,santa helena de goias
3943,health_beauty,604.19,santa luzia
3944,health_beauty,603.99,ipanema
3945,health_beauty,603.98,quixada
3946,watches_gifts,603.8,parnamirim
3947,bed_bath_table,603.6999999999999,apucarana
3948,perfumery,603.66,aparecida de goiania
3949,bed_bath_table,603.2,ponta grossa
3950,telephony,603.12,petropolis
3951,furniture_living_room,602.98,fortaleza
3952,watches_gifts,602.9,seropedica
3953,audio,602.8,embu das artes
3954,luggage_accessories,602.7,novo hamburgo
3955,health_beauty,602.59,lajeado
3956,sports_leisure,602.59,mineiros
3957,cool_stuff,602.29,araras
3958,toys,601.99,cabo frio
3959,,601.89,osasco
3960,costruction_tools_tools,601.89,rio de janeiro
3961,baby,601.3399999999999,paulinia
3962,electronics,601.13,ilheus
3963,electronics,601.0399999999998,joinville
3964,cool_stuff,600.89,armacao dos buzios
3965,sports_leisure,600.83,tremembe
3966,auto,600.8,alvorada
3967,cool_stuff,600.49,palmas
3968,auto,600.0,toropi
3969,office_furniture,600.0,guanambi
3970,housewares,600.0,matias olimpio
3971,auto,600.0,canavieiras
3972,garden_tools,599.99,carlos barbosa
3973,watches_gifts,599.99,agua boa
3974,auto,599.99,canoinhas
3975,toys,599.99,alto taquari
3976,telephony,599.98,camacan
3977,telephony,599.98,paulistana
3978,auto,599.96,querencia
3979,bed_bath_table,599.9399999999999,porto seguro
3980,pet_shop,599.93,duque de caxias
3981,toys,599.9,pedro leopoldo
3982,watches_gifts,599.9,novo horizonte
3983,toys,599.9,lavrinhas
3984,costruction_tools_garden,599.9,patos
3985,toys,599.9,miranorte
3986,watches_gifts,599.9,eloi mendes
3987,health_beauty,599.89,silvania
3988,cool_stuff,599.89,mucuri
3989,office_furniture,599.8,campo novo do parecis
3990,computers_accessories,599.8,pedregulho
3991,office_furniture,599.8,saltinho
3992,baby,599.78,osorio
3993,telephony,599.73,uberlandia
3994,air_conditioning,599.6,xanxere
3995,home_appliances_2,599.5,canto do buriti
3996,,599.28,maringa
3997,furniture_decor,599.1,birigui
3998,computers,599.0,cuite
3999,consoles_games,599.0,santana do mundau
4000,computers,599.0,camacari
4001,computers,599.0,registro
4002,computers,599.0,mariana
4003,computers,599.0,corumba
4004,cool_stuff,599.0,bocaina
4005,computers,599.0,vila velha
4006,computers,599.0,campina grande
4007,computers,599.0,novo hamburgo
4008,auto,599.0,taio
4009,computers,599.0,embu das artes
4010,construction_tools_construction,599.0,paudalho
4011,computers,599.0,araruama
4012,computers,599.0,vitoria de santo antao
4013,musical_instruments,599.0,atibaia
4014,computers_accessories,599.0,barra do bugres
4015,health_beauty,599.0,virgem da lapa
4016,computers,599.0,mage
4017,cool_stuff,599.0,corrente
4018,home_confort,599.0,arari
4019,computers,599.0,quatro bocas
4020,pet_shop,599.0,araguari
4021,computers,599.0,bocaiuva
4022,home_confort,599.0,vargem grande paulista
4023,health_beauty,599.0,matoes do norte
4024,home_confort,599.0,gurupi
4025,office_furniture,599.0,capivari de baixo
4026,computers,599.0,osorio
4027,audio,598.99,itapevi
4028,audio,598.99,chapeco
4029,audio,598.99,rio pomba
4030,audio,598.99,sao luis
4031,furniture_decor,598.8,andradina
4032,bed_bath_table,598.79,bonfim paulista
4033,toys,598.79,aracatuba
4034,consoles_games,598.6899999999999,bage
4035,bed_bath_table,598.6,capivari
4036,cool_stuff,598.4,palmares
4037,toys,598.39,diadema
4038,watches_gifts,597.9,nova serrana
4039,toys,597.9,areado
4040,sports_leisure,597.69,guapimirim
4041,small_appliances,597.5,barueri
4042,luggage_accessories,596.89,florianopolis
4043,cool_stuff,595.88,pedro leopoldo
4044,computers_accessories,595.43,picos
4045,housewares,595.39,belford roxo
4046,sports_leisure,595.0,vacaria
4047,watches_gifts,594.9,maioba
4048,luggage_accessories,594.8,americana
4049,bed_bath_table,594.72,caico
4050,home_construction,594.64,sao jose dos campos
4051,housewares,594.21,guarabira
4052,bed_bath_table,594.05,leme
4053,kitchen_dining_laundry_garden_furniture,594.0,baldim
4054,computers_accessories,594.0,claudio
4055,kitchen_dining_laundry_garden_furniture,594.0,cambuci
4056,garden_tools,593.8199999999999,guaruja
4057,auto,593.8,nova serrana
4058,computers_accessories,593.69,alagoinhas
4059,watches_gifts,592.9,vinhedo
4060,auto,592.87,foz do iguacu
4061,health_beauty,592.78,varzea paulista
4062,luggage_accessories,592.7,cuiaba
4063,telephony,592.53,diadema
4064,electronics,592.45,belford roxo
4065,computers_accessories,591.38,ubatuba
4066,furniture_decor,590.99,boa vista
4067,watches_gifts,590.82,ivai
4068,luggage_accessories,590.59,limeira
4069,agro_industry_and_commerce,590.49,aparecida de goiania
4070,auto,590.3900000000001,birigui
4071,perfumery,590.1,jaboticabal
4072,construction_tools_construction,590.0,embu das artes
4073,audio,590.0,presidente prudente
4074,watches_gifts,590.0,vitoria de santo antao
4075,audio,590.0,bom despacho
4076,agro_industry_and_commerce,589.99,macapa
4077,watches_gifts,589.99,rondon do para
4078,watches_gifts,589.99,monte belo
4079,auto,589.99,lagoa grande
4080,fashion_bags_accessories,589.95,taubate
4081,costruction_tools_garden,589.9,salvador
4082,costruction_tools_garden,589.9,volta redonda
4083,office_furniture,589.81,vargem grande paulista
4084,construction_tools_construction,589.75,presidente prudente
4085,construction_tools_lights,589.7,piracicaba
4086,garden_tools,589.68,mogi mirim
4087,auto,589.0,sao benedito
4088,small_appliances,589.0,santo antonio da patrulha
4089,watches_gifts,589.0,anitapolis
4090,pet_shop,589.0,itabira
4091,watches_gifts,589.0,lauro muller
4092,auto,589.0,lagoa do carro
4093,auto,588.89,cachoeira paulista
4094,health_beauty,588.87,ituiutaba
4095,sports_leisure,588.8,primavera do leste
4096,cool_stuff,588.78,petrolina
4097,pet_shop,588.6,nova iguacu
4098,bed_bath_table,588.6,paranavai
4099,garden_tools,588.5,catalao
4100,auto,588.14,itajai
4101,garden_tools,588.0,assis
4102,stationery,587.9,angra dos reis
4103,furniture_decor,587.88,itabira
4104,computers_accessories,587.68,ferraz de vasconcelos
4105,computers_accessories,587.5999999999999,vitoria da conquista
4106,garden_tools,587.2999999999998,cachoeiro de itapemirim
4107,electronics,587.1999999999999,suzano
4108,sports_leisure,586.9,batatais
4109,housewares,586.7,campo largo
4110,computers_accessories,586.48,lorena
4111,garden_tools,586.39,sao jose do calcado
4112,sports_leisure,586.3600000000001,videira
4113,audio,586.0,canoas
4114,watches_gifts,586.0,balneario camboriu
4115,fashion_male_clothing,585.47,rio de janeiro
4116,stationery,585.1,maringa
4117,agro_industry_and_commerce,585.0,indaiatuba
4118,housewares,584.99,aparecida de goiania
4119,office_furniture,584.9499999999999,mandaguari
4120,office_furniture,584.9,itajuba
4121,auto,584.88,barreiras
4122,sports_leisure,584.8,taquari
4123,furniture_decor,584.78,ituverava
4124,watches_gifts,584.72,jatai
4125,telephony,584.6999999999999,sao gotardo
4126,books_technical,584.62,vitoria
4127,industry_commerce_and_business,584.4,franca
4128,auto,583.8,itabuna
4129,auto,583.59,jaguariuna
4130,computers_accessories,583.38,catanduva
4131,watches_gifts,582.9,aparecida de goiania
4132,garden_tools,582.8,caraguatatuba
4133,cool_stuff,582.78,hortolandia
4134,sports_leisure,582.78,natal
4135,furniture_decor,582.0,rondon do para
4136,bed_bath_table,582.0,curvelo
4137,kitchen_dining_laundry_garden_furniture,581.9,sao bernardo do campo
4138,cool_stuff,581.69,manhuacu
4139,health_beauty,581.62,pontal do parana
4140,auto,581.49,macae
4141,cool_stuff,580.88,natal
4142,computers_accessories,580.27,sao ludgero
4143,fashion_bags_accessories,580.0999999999999,londrina
4144,computers,580.0,balneario picarras
4145,construction_tools_lights,580.0,vila velha
4146,home_construction,580.0,eusebio
4147,construction_tools_construction,579.99,juina
4148,construction_tools_construction,579.99,carmo do cajuru
4149,construction_tools_construction,579.99,vicosa
4150,office_furniture,579.99,sabara
4151,office_furniture,579.97,presidente prudente
4152,watches_gifts,579.9,palma sola
4153,watches_gifts,579.9,itapaje
4154,perfumery,579.76,rio das ostras
4155,pet_shop,579.74,itapevi
4156,toys,579.3900000000001,presidente prudente
4157,watches_gifts,579.0,cajazeiras
4158,small_appliances_home_oven_and_coffee,579.0,itanhaem
4159,small_appliances_home_oven_and_coffee,579.0,nova lima
4160,audio,579.0,murutinga do sul
4161,watches_gifts,579.0,sao jose do divino
4162,small_appliances_home_oven_and_coffee,579.0,sao bernardo do campo
4163,cool_stuff,578.89,vicosa
4164,watches_gifts,578.87,patos de minas
4165,garden_tools,578.8,palmas
4166,perfumery,578.4,itapevi
4167,watches_gifts,578.0,bonfim paulista
4168,telephony,578.0,areal
4169,telephony,578.0,tanque d'arca
4170,fixed_telephony,577.99,belem
4171,perfumery,577.98,mogi mirim
4172,housewares,577.75,lages
4173,health_beauty,577.6700000000001,unai
4174,furniture_decor,577.55,itu
4175,telephony,577.21,dias d'avila
4176,sports_leisure,576.99,cubatao
4177,cool_stuff,576.48,jandira
4178,housewares,576.4499999999999,ubatuba
4179,computers_accessories,576.19,resende
4180,computers_accessories,576.0,guapiacu
4181,sports_leisure,575.99,bonfim paulista
4182,musical_instruments,575.9,bertioga
4183,stationery,575.8,salinas
4184,sports_leisure,575.8,embu-guacu
4185,baby,575.6800000000001,vila velha
4186,bed_bath_table,575.68,salto
4187,bed_bath_table,575.6,campina grande
4188,garden_tools,575.49,vicosa
4189,stationery,575.3,joinville
4190,sports_leisure,575.22,ubatuba
4191,furniture_decor,575.0,nova andradina
4192,bed_bath_table,574.8,lins
4193,market_place,574.6999999999999,sao bernardo do campo
4194,computers_accessories,574.2,cruzeiro
4195,sports_leisure,574.0,tres de maio
4196,baby,573.98,patos de minas
4197,furniture_decor,573.98,campo bom
4198,perfumery,573.89,balsas
4199,watches_gifts,573.79,salesopolis
4200,auto,573.7,cachoeiro de itapemirim
4201,luggage_accessories,573.4300000000001,uberaba
4202,pet_shop,573.0799999999999,balneario camboriu
4203,costruction_tools_garden,572.9,recife
4204,health_beauty,572.48,itaguai
4205,auto,572.35,cacador
4206,cool_stuff,572.0,guarai
4207,cool_stuff,572.0,itaja
4208,cool_stuff,572.0,eloi mendes
4209,cool_stuff,572.0,varre-sai
4210,cool_stuff,572.0,sao joao d'alianca
4211,furniture_living_room,571.8,curitiba
4212,furniture_decor,571.5,ijui
4213,construction_tools_construction,571.2,aparecida do taboado
4214,party_supplies,571.2,betim
4215,sports_leisure,570.89,machado
4216,garden_tools,570.3,maceio
4217,watches_gifts,570.0,esmeraldas
4218,air_conditioning,570.0,uberlandia
4219,health_beauty,569.99,curvelo
4220,office_furniture,569.97,maringa
4221,furniture_decor,569.9300000000001,louveira
4222,computers_accessories,569.9,sao raimundo nonato
4223,furniture_living_room,569.9,araxa
4224,office_furniture,569.8199999999999,itamarandiba
4225,telephony,569.8,dois corregos
4226,cool_stuff,569.79,mossoro
4227,fashion_bags_accessories,569.79,viamao
4228,telephony,569.7,ourilandia do norte
4229,fashion_bags_accessories,569.48,coromandel
4230,watches_gifts,569.0,imperatriz
4231,furniture_living_room,569.0,rio claro
4232,auto,569.0,paraisopolis
4233,baby,569.0,tangara da serra
4234,toys,568.69,caucaia
4235,health_beauty,568.49,arapongas
4236,audio,568.0,xinguara
4237,bed_bath_table,567.7,rio branco
4238,perfumery,567.6,varginha
4239,cool_stuff,567.5799999999999,lauro de freitas
4240,garden_tools,567.2899999999998,blumenau
4241,air_conditioning,566.88,sacramento
4242,computers_accessories,566.49,santa luzia
4243,health_beauty,566.25,botelhos
4244,cool_stuff,565.98,jucurutu
4245,garden_tools,565.81,ribeirao pires
4246,health_beauty,565.8,igarata
4247,housewares,565.79,sao joao de meriti
4248,art,565.79,brasilia
4249,air_conditioning,565.7,salvador
4250,housewares,565.3999999999999,sao vicente
4251,computers_accessories,565.2,pariquera-acu
4252,musical_instruments,565.0,itabuna
4253,electronics,565.0,ribeirao preto
4254,toys,564.6500000000001,cascavel
4255,furniture_decor,564.5,bebedouro
4256,sports_leisure,564.39,imbituba
4257,housewares,564.0,aracati
4258,kitchen_dining_laundry_garden_furniture,564.0,sinop
4259,computers_accessories,563.9000000000001,tangara da serra
4260,baby,563.88,macae
4261,office_furniture,563.87,praia grande
4262,telephony,563.85,suzano
4263,bed_bath_table,563.76,sao jose do rio pardo
4264,construction_tools_safety,563.56,guarapuava
4265,housewares,563.3699999999999,olimpia
4266,construction_tools_construction,563.0,padre carvalho
4267,baby,563.0,sao leopoldo
4268,watches_gifts,562.87,itabira
4269,construction_tools_construction,562.67,juiz de fora
4270,computers_accessories,562.55,pedro osorio
4271,auto,562.28,palmas
4272,food,562.26,sorocaba
4273,health_beauty,562.26,poa
4274,fashion_male_clothing,562.1,salvador
4275,furniture_decor,562.08,canoinhas
4276,computers_accessories,561.95,tatui
4277,construction_tools_construction,561.9,dois irmaos do buriti
4278,bed_bath_table,561.6500000000001,vacaria
4279,,561.27,sao goncalo
4280,fashion_bags_accessories,560.6800000000001,juiz de fora
4281,watches_gifts,560.2,santa maria madalena
4282,housewares,560.0999999999999,jaboticabal
4283,kitchen_dining_laundry_garden_furniture,560.0,franca
4284,agro_industry_and_commerce,559.99,paulino neves
4285,fixed_telephony,559.96,barreiras
4286,bed_bath_table,559.9,biguacu
4287,sports_leisure,559.88,simoes filho
4288,housewares,559.8,cabo frio
4289,toys,559.47,pouso alegre
4290,stationery,559.08,guaruja
4291,auto,559.0,chapadao do sul
4292,auto,559.0,desterro
4293,watches_gifts,559.0,nossa senhora das dores
4294,home_appliances_2,559.0,tijucas
4295,auto,559.0,macau
4296,audio,558.99,guarulhos
4297,fixed_telephony,558.79,sao jose dos campos
4298,computers_accessories,558.7,baependi
4299,bed_bath_table,558.61,ourinhos
4300,toys,558.49,pirassununga
4301,garden_tools,558.4899999999999,aparecida de goiania
4302,health_beauty,558.37,laranjal paulista
4303,furniture_decor,558.27,concordia
4304,perfumery,557.8,ituverava
4305,health_beauty,557.8,guarei
4306,garden_tools,557.7,ourinhos
4307,health_beauty,557.29,jandira
4308,watches_gifts,557.0,mambai
4309,garden_tools,556.9,ilheus
4310,fashion_bags_accessories,556.89,chapeco
4311,toys,556.27,governador valadares
4312,sports_leisure,555.8,pederneiras
4313,bed_bath_table,555.6,aguas de lindoia
4314,garden_tools,555.5999999999999,sete lagoas
4315,bed_bath_table,555.25,vespasiano
4316,bed_bath_table,555.22,santo antonio de padua
4317,furniture_decor,555.19,itaberai
4318,garden_tools,554.9,guarapuava
4319,cool_stuff,554.86,itaborai
4320,luggage_accessories,554.8,mongagua
4321,bed_bath_table,554.7,arapongas
4322,stationery,554.5999999999999,marica
4323,watches_gifts,554.0,muriae
4324,watches_gifts,553.9,rio claro
4325,health_beauty,553.88,lajedo
4326,sports_leisure,553.3,caruaru
4327,cool_stuff,553.19,sete lagoas
4328,computers_accessories,553.0500000000001,itapevi
4329,watches_gifts,552.9,passos
4330,perfumery,552.89,rio claro
4331,construction_tools_construction,552.8,taquari
4332,pet_shop,552.7,lages
4333,auto,552.46,itajuba
4334,garden_tools,552.4,pocos de caldas
4335,health_beauty,551.88,pedro leopoldo
4336,watches_gifts,551.8,toritama
4337,electronics,551.75,contagem
4338,luggage_accessories,551.5699999999999,niteroi
4339,furniture_decor,551.1299999999999,piracaia
4340,construction_tools_safety,550.9,feira de santana
4341,stationery,550.8,teresina
4342,computers_accessories,550.61,araucaria
4343,bed_bath_table,550.5899999999999,mongagua
4344,electronics,550.49,juiz de fora
4345,furniture_decor,550.42,bage
4346,construction_tools_lights,550.0,taubate
4347,baby,550.0,itupeva
4348,health_beauty,550.0,pecanha
4349,toys,549.98,alto araguaia
4350,small_appliances,549.9,serra
4351,luggage_accessories,549.8,miguelopolis
4352,books_general_interest,549.8,suzano
4353,bed_bath_table,549.72,guaira
4354,auto,549.59,sao bento do sul
4355,housewares,549.5699999999999,mairipora
4356,sports_leisure,549.5,ilha solteira
4357,bed_bath_table,549.49,anapolis
4358,auto,549.47,joao pessoa
4359,computers_accessories,549.38,itarare
4360,furniture_decor,549.1300000000001,patos de minas
4361,agro_industry_and_commerce,549.0,barueri
4362,auto,549.0,capinzal
4363,health_beauty,548.99,ico
4364,bed_bath_table,548.97,patrocinio
4365,health_beauty,548.9,rio bonito
4366,consoles_games,548.9,salto
4367,housewares,548.89,mage
4368,health_beauty,548.8,casimiro de abreu
4369,auto,548.37,diadema
4370,construction_tools_construction,548.35,cristina
4371,watches_gifts,548.0,itaguai
4372,garden_tools,548.0,porangatu
4373,consoles_games,547.9,nova iguacu
4374,small_appliances,547.9,aruja
4375,sports_leisure,547.6,poa
4376,perfumery,547.51,taquaritinga do norte
4377,luggage_accessories,547.3,montes claros
4378,bed_bath_table,546.9,uruguaiana
4379,kitchen_dining_laundry_garden_furniture,546.8,niteroi
4380,sports_leisure,546.5899999999999,cachoeira paulista
4381,sports_leisure,546.0,caico
4382,stationery,546.0,rio claro
4383,audio,546.0,macae
4384,health_beauty,545.98,paulista
4385,telephony,545.95,barretos
4386,watches_gifts,545.9,lencois paulista
4387,perfumery,545.74,itapecerica da serra
4388,furniture_decor,545.69,itapira
4389,furniture_decor,545.5,barreiras
4390,stationery,545.3,passo fundo
4391,small_appliances,545.0,abreu e lima
4392,furniture_decor,544.9,pinheiral
4393,watches_gifts,544.89,abaete
4394,stationery,544.4999999999999,sao jose do rio preto
4395,stationery,544.4,suzano
4396,housewares,544.24,itapetininga
4397,sports_leisure,544.0,tapiratiba
4398,watches_gifts,543.99,itaborai
4399,fashion_bags_accessories,543.89,amparo
4400,perfumery,543.5799999999999,vinhedo
4401,perfumery,542.68,montes claros
4402,sports_leisure,542.5699999999999,boituva
4403,bed_bath_table,542.5,cascavel
4404,toys,541.88,aruja
4405,,541.8,manaus
4406,cool_stuff,541.79,rio grande
4407,housewares,541.69,tapejara
4408,toys,541.6800000000001,palhoca
4409,auto,541.58,sao sebastiao
4410,health_beauty,541.5600000000001,itapira
4411,bed_bath_table,541.34,pindamonhangaba
4412,bed_bath_table,541.3000000000001,tatui
4413,bed_bath_table,541.25,itapecerica da serra
4414,computers_accessories,541.01,itai
4415,telephony,540.99,bage
4416,auto,540.98,rio branco
4417,bed_bath_table,540.8,alegre
4418,furniture_decor,540.4000000000001,santa barbara d'oeste
4419,perfumery,540.4,conselheiro lafaiete
4420,baby,540.4,sete lagoas
4421,health_beauty,540.32,palhoca
4422,health_beauty,540.3,salgueiro
4423,air_conditioning,540.0,maceio
4424,auto,540.0,sao sebastiao do paraiba
4425,health_beauty,540.0,goianapolis
4426,home_appliances_2,540.0,manaus
4427,cool_stuff,539.99,votorantim
4428,pet_shop,539.99,boituva
4429,office_furniture,539.94,imperatriz
4430,toys,539.88,matao
4431,sports_leisure,539.8,sao lourenco
4432,electronics,539.8,andira
4433,construction_tools_construction,539.7900000000001,sao bernardo do campo
4434,home_appliances_2,539.78,campinas
4435,furniture_decor,539.5,vitoria da conquista
4436,construction_tools_safety,539.19,sao jose dos campos
4437,fashion_bags_accessories,539.1700000000001,blumenau
4438,health_beauty,539.0,abrantes
4439,health_beauty,538.99,veranopolis
4440,housewares,538.9,colorado
4441,computers_accessories,538.9,luis eduardo magalhaes
4442,garden_tools,538.89,tubarao
4443,,538.87,rio verde
4444,auto,538.5899999999999,ananindeua
4445,pet_shop,538.53,joinville
4446,health_beauty,538.44,garca
4447,baby,538.0,nova xavantina
4448,fixed_telephony,538.0,marilia
4449,furniture_bedroom,537.99,piracicaba
4450,housewares,537.99,irai
4451,construction_tools_construction,537.89,cruzeiro
4452,furniture_living_room,537.88,alagoinhas
4453,furniture_decor,537.68,vassouras
4454,furniture_decor,537.3,cachoeira do sul
4455,musical_instruments,537.28,osasco
4456,bed_bath_table,537.09,itapira
4457,fashion_bags_accessories,537.07,santos
4458,telephony,536.15,maringa
4459,stationery,535.99,taboao da serra
4460,sports_leisure,535.59,anchieta
4461,auto,535.59,colatina
4462,housewares,535.56,jaguariuna
4463,perfumery,535.15,ribeirao pires
4464,perfumery,534.86,itu
4465,fashion_shoes,534.8,pindamonhangaba
4466,watches_gifts,534.79,miguel pereira
4467,pet_shop,534.77,rio das ostras
4468,bed_bath_table,534.64,sao jose do vale do rio preto
4469,health_beauty,534.5799999999999,nilopolis
4470,furniture_decor,534.45,santo antonio da platina
4471,baby,533.86,valinhos
4472,pet_shop,533.6899999999999,sete lagoas
4473,furniture_decor,533.5,conselheiro lafaiete
4474,auto,533.4,santa cruz do capibaribe
4475,home_appliances_2,533.0,cachoeiro de itapemirim
4476,health_beauty,532.79,ferraz de vasconcelos
4477,perfumery,532.78,santa barbara d'oeste
4478,bed_bath_table,532.6999999999999,pitanga
4479,sports_leisure,532.46,muriae
4480,perfumery,532.3399999999999,santa maria
4481,computers_accessories,532.3,mococa
4482,health_beauty,532.28,indaial
4483,watches_gifts,531.9,lagoa grande
4484,luggage_accessories,531.6999999999999,indaiatuba
4485,housewares,531.5899999999999,montes claros
4486,garden_tools,531.04,capela
4487,perfumery,530.89,sao joao da boa vista
4488,perfumery,530.88,tucurui
4489,bed_bath_table,530.87,para de minas
4490,computers_accessories,530.78,itauna
4491,health_beauty,530.73,pompeia
4492,pet_shop,530.69,sao jose do rio preto
4493,sports_leisure,530.59,cajamar
4494,home_appliances,530.5,joinville
4495,health_beauty,530.36,sao lourenco
4496,bed_bath_table,530.03,cataguases
4497,health_beauty,530.0,pinhao
4498,computers,530.0,lencois paulista
4499,cool_stuff,529.98,bento goncalves
4500,office_furniture,529.95,lajeado
4501,luggage_accessories,529.85,piracicaba
4502,toys,529.79,sao jose
4503,pet_shop,529.76,serra
4504,toys,529.0999999999999,piracaia
4505,agro_industry_and_commerce,528.99,joao pessoa
4506,health_beauty,528.9,sao jose de mipibu
4507,stationery,528.9,rio branco
4508,housewares,528.9,tres lagoas
4509,cine_photo,528.6,rio de janeiro
4510,housewares,528.21,uberaba
4511,furniture_decor,528.0,montenegro
4512,computers_accessories,528.0,concordia
4513,watches_gifts,528.0,nova esperanca
4514,toys,527.99,marechal candido rondon
4515,baby,527.89,cuiaba
4516,watches_gifts,527.8,itapeva
4517,computers_accessories,527.4,para de minas
4518,small_appliances,526.87,sao jose dos campos
4519,garden_tools,526.7,mesquita
4520,musical_instruments,526.6999999999999,limeira
4521,computers_accessories,526.69,teofilo otoni
4522,perfumery,526.68,itauna
4523,garden_tools,526.3,catende
4524,perfumery,526.2399999999999,duque de caxias
4525,pet_shop,526.17,fortaleza
4526,luggage_accessories,526.1,jacarei
4527,pet_shop,526.0500000000001,praia grande
4528,baby,526.0,registro
4529,baby,525.99,itanhaem
4530,garden_tools,525.87,cabo frio
4531,furniture_decor,525.8199999999998,barretos
4532,bed_bath_table,525.79,santa luzia
4533,electronics,525.69,sao jose do rio preto
4534,computers_accessories,525.6899999999999,angra dos reis
4535,,525.6700000000001,praia grande
4536,garden_tools,525.4,caruaru
4537,sports_leisure,525.2,cianorte
4538,furniture_decor,525.12,sao bento do sul
4539,garden_tools,525.0,teotonio vilela
4540,garden_tools,525.0,santa helena de goias
4541,garden_tools,525.0,inhambupe
4542,cool_stuff,524.98,ituporanga
4543,garden_tools,524.9,votuporanga
4544,fashion_bags_accessories,524.9,sao carlos
4545,books_general_interest,524.9,campo limpo paulista
4546,office_furniture,524.87,botucatu
4547,auto,524.83,teresopolis
4548,telephony,524.7,curuca
4549,home_construction,524.5999999999999,teresina
4550,fashion_bags_accessories,524.5,varzea paulista
4551,telephony,523.97,alagoinhas
4552,electronics,523.8,feira de santana
4553,garden_tools,523.8,capao bonito
4554,agro_industry_and_commerce,523.5,sorocaba
4555,garden_tools,523.3,rio claro
4556,housewares,523.2,itacare
4557,watches_gifts,523.0,varzea paulista
4558,toys,522.8,olimpia
4559,home_appliances_2,522.5,terra de areia
4560,home_appliances_2,522.5,divinopolis
4561,sports_leisure,522.5,barreiras
4562,watches_gifts,522.43,lauro de freitas
4563,costruction_tools_garden,522.3,nova iguacu
4564,toys,521.87,ubatuba
4565,telephony,521.78,nova lima
4566,computers_accessories,521.7,pomerode
4567,home_confort,521.5,brasilia
4568,perfumery,521.0,taquaritinga
4569,consoles_games,520.9,reriutaba
4570,watches_gifts,520.9,criciuma
4571,telephony,520.89,cotia
4572,furniture_decor,520.6,ituiutaba
4573,construction_tools_safety,520.1800000000001,brasilia
4574,home_construction,520.0,holambra
4575,furniture_decor,520.0,miracatu
4576,sports_leisure,520.0,porto uniao
4577,cool_stuff,519.98,mar vermelho
4578,kitchen_dining_laundry_garden_furniture,519.9,ibiuna
4579,furniture_decor,519.9,dracena
4580,garden_tools,519.89,coronel fabriciano
4581,office_furniture,519.88,suzano
4582,furniture_living_room,519.85,nova odessa
4583,bed_bath_table,519.8,itauna
4584,perfumery,519.8,altamira
4585,home_construction,519.8,guaratingueta
4586,bed_bath_table,519.6,salto do lontra
4587,health_beauty,519.46,sao joao da barra
4588,market_place,519.4,cruzeiro
4589,cool_stuff,518.99,itauba
4590,bed_bath_table,518.82,arcos
4591,home_confort,518.8,brusque
4592,health_beauty,518.48,santa isabel
4593,auto,518.25,monte mor
4594,health_beauty,517.99,castanhal
4595,furniture_decor,517.9,saquarema
4596,baby,517.89,rio branco
4597,,517.8,rifaina
4598,cool_stuff,517.76,catanduva
4599,electronics,517.71,gravatai
4600,consoles_games,517.7,duque de caxias
4601,musical_instruments,517.5699999999999,sao jose dos campos
4602,garden_tools,517.19,maua
4603,cool_stuff,516.98,serrinha
4604,pet_shop,516.96,marilia
4605,watches_gifts,516.9,itau
4606,luggage_accessories,516.9,governador valadares
4607,furniture_decor,516.77,araras
4608,computers_accessories,516.6,franco da rocha
4609,computers_accessories,516.49,espumoso
4610,musical_instruments,515.9,ananindeua
4611,watches_gifts,515.8,belford roxo
4612,costruction_tools_garden,515.78,santos
4613,furniture_decor,515.7,mairipora
4614,baby,515.7,pelotas
4615,pet_shop,515.59,pindamonhangaba
4616,cool_stuff,515.05,paulinia
4617,health_beauty,514.99,morretes
4618,books_general_interest,514.9,manhuacu
4619,books_general_interest,514.9,vera cruz
4620,watches_gifts,514.81,sao jose de ribamar
4621,watches_gifts,514.8,penha
4622,electronics,514.5999999999999,montes claros
4623,telephony,514.47,pirassununga
4624,cool_stuff,514.4,sao manuel
4625,luggage_accessories,514.39,taubate
4626,air_conditioning,514.0,sinop
4627,telephony,514.0,itabaiana
4628,stationery,513.99,formosa
4629,bed_bath_table,513.98,matao
4630,computers_accessories,513.9,santa isabel
4631,bed_bath_table,513.8,lencois paulista
4632,health_beauty,513.79,bom jesus do itabapoana
4633,auto,513.5,itapevi
4634,bed_bath_table,513.48,seabra
4635,perfumery,513.3,navegantes
4636,watches_gifts,513.0,conceicao do araguaia
4637,computers_accessories,512.7,palhoca
4638,electronics,512.55,francisco morato
4639,computers_accessories,512.49,sabara
4640,toys,512.4,pindamonhangaba
4641,electronics,512.2,embu-guacu
4642,air_conditioning,512.1800000000001,macae
4643,furniture_decor,511.78000000000003,camacari
4644,bed_bath_table,511.69000000000005,lauro de freitas
4645,health_beauty,511.63,votorantim
4646,auto,511.40000000000003,pouso alegre
4647,,511.34999999999997,barueri
4648,auto,511.23,gravatai
4649,food,511.08000000000004,brasilia
4650,pet_shop,511.0,xambre
4651,cool_stuff,510.99,nova santa rita
4652,computers_accessories,510.8,ibitinga
4653,toys,510.75,mogi-guacu
4654,health_beauty,510.14000000000004,barra do pirai
4655,sports_leisure,510.09999999999997,limeira
4656,furniture_bedroom,510.0,brasilia
4657,furniture_bedroom,510.0,juiz de fora
4658,toys,510.0,santa barbara
4659,costruction_tools_garden,510.0,araxa
4660,office_furniture,509.97,gravatai
4661,garden_tools,509.89,primeiro de maio
4662,housewares,509.79999999999995,umuarama
4663,watches_gifts,509.79999999999995,itabirito
4664,telephony,509.75,santarem
4665,watches_gifts,509.6,caconde
4666,computers_accessories,509.29999999999995,paulo afonso
4667,kitchen_dining_laundry_garden_furniture,509.0,lagoa santa
4668,small_appliances,509.0,macae
4669,watches_gifts,509.0,maraba
4670,auto,508.9,laurentino
4671,kitchen_dining_laundry_garden_furniture,508.9,santo andre
4672,garden_tools,508.9,francisco beltrao
4673,garden_tools,508.89,paragominas
4674,watches_gifts,508.8,franco da rocha
4675,bed_bath_table,508.79,cunha
4676,small_appliances,508.4,franco da rocha
4677,sports_leisure,508.11,barra do corda
4678,furniture_decor,508.0,ituporanga
4679,bed_bath_table,508.0,brodowski
4680,bed_bath_table,508.0,piuma
4681,perfumery,507.99,minacu
4682,sports_leisure,507.9,sidrolandia
4683,sports_leisure,507.9,monte carmelo
4684,watches_gifts,507.89,mogi mirim
4685,home_confort,507.79999999999995,rio das ostras
4686,bed_bath_table,507.69000000000005,cantagalo
4687,garden_tools,507.0,cacapava
4688,office_furniture,506.95000000000005,uberaba
4689,office_furniture,506.93,aracaju
4690,perfumery,506.78999999999996,barbacena
4691,consoles_games,505.9,sao jose dos campos
4692,agro_industry_and_commerce,505.89,curitiba
4693,home_construction,505.79999999999995,ribeirao preto
4694,bed_bath_table,505.78,rio verde
4695,baby,505.77,lorena
4696,telephony,505.59,queimados
4697,bed_bath_table,505.19,barra do pirai
4698,furniture_decor,505.18999999999994,teixeira de freitas
4699,cool_stuff,504.99,joao monlevade
4700,watches_gifts,504.97,campos novos
4701,cool_stuff,504.89,cosmorama
4702,garden_tools,504.6,matao
4703,garden_tools,504.56999999999994,paranagua
4704,baby,504.46999999999997,diadema
4705,furniture_decor,504.0,alto paraiso de goias
4706,sports_leisure,504.0,santa cruz de goias
4707,cool_stuff,503.97,paracambi
4708,cool_stuff,503.9,telemaco borba
4709,cool_stuff,503.88,pirassununga
4710,sports_leisure,503.38,lavras
4711,health_beauty,503.34,bombinhas
4712,stationery,503.0,jacarei
4713,baby,503.0,paracatu
4714,health_beauty,502.96000000000004,alvorada
4715,luggage_accessories,502.89,tres pontas
4716,sports_leisure,502.69999999999993,palmeira das missoes
4717,perfumery,502.37,laguna
4718,bed_bath_table,502.19999999999993,bage
4719,watches_gifts,502.0,sapezal
4720,small_appliances,501.83,sao jose do rio preto
4721,garden_tools,501.75,macae
4722,auto,501.19000000000005,cascavel
4723,housewares,500.95,bebedouro
4724,watches_gifts,500.9,varginha
4725,perfumery,500.68,braganca paulista
4726,cool_stuff,500.48,alvorada
4727,furniture_decor,500.0,batatais
4728,watches_gifts,500.0,sao bento
4729,garden_tools,500.0,taquaritinga do norte
4730,watches_gifts,500.0,guaxupe
4731,audio,499.99,pato branco
4732,watches_gifts,499.99,sao valentim
4733,auto,499.99,ouro branco
4734,computers_accessories,499.99,cacoal
4735,audio,499.99,vespasiano
4736,toys,499.99,carangola
4737,audio,499.99,sao luis de montes belos
4738,audio,499.99,nova friburgo
4739,home_appliances_2,499.99,maracaju
4740,watches_gifts,499.99,jiquirica
4741,toys,499.99,pirai
4742,audio,499.99,uberlandia
4743,costruction_tools_garden,499.99,mongagua
4744,costruction_tools_garden,499.99,macae
4745,audio,499.99,tatui
4746,cool_stuff,499.9,aracuai
4747,housewares,499.9,perola d'oeste
4748,computers_accessories,499.9,sao goncalo do para
4749,watches_gifts,499.9,alcobaca
4750,health_beauty,499.9,extrema
4751,office_furniture,499.9,morro da fumaca
4752,home_appliances_2,499.9,avare
4753,toys,499.9,vargeao
4754,toys,499.9,camocim
4755,health_beauty,499.88,morada nova
4756,construction_tools_construction,499.8,aguas de lindoia
4757,garden_tools,499.8,loanda
4758,cool_stuff,499.8,macatuba
4759,toys,499.79,gravatai
4760,cool_stuff,499.78999999999996,birigui
4761,bed_bath_table,499.7,mutum
4762,housewares,499.68,santo angelo
4763,health_beauty,499.65,miguel calmon
4764,bed_bath_table,499.6,eldorado do sul
4765,perfumery,499.49,russas
4766,home_appliances,499.25,sao carlos
4767,furniture_living_room,499.0,cabo frio
4768,office_furniture,499.0,nova venecia
4769,office_furniture,499.0,ponte nova
4770,furniture_decor,499.0,conceicao da feira
4771,garden_tools,499.0,sao sebastiao do cai
4772,consoles_games,499.0,penha
4773,musical_instruments,499.0,aparecida de goiania
4774,electronics,499.0,jaquirana
4775,home_confort,499.0,angra dos reis
4776,small_appliances,499.0,bauru
4777,toys,498.99,penha
4778,furniture_living_room,498.95,nova iguacu
4779,health_beauty,498.9,bento goncalves
4780,home_appliances,498.8,sao bernardo
4781,sports_leisure,498.8,petrolandia
4782,home_appliances,498.8,nova lima
4783,health_beauty,498.8,juazeiro
4784,bed_bath_table,498.57000000000005,avare
4785,construction_tools_construction,498.55000000000007,sao goncalo
4786,construction_tools_construction,498.4,barueri
4787,home_construction,498.0,joao pessoa
4788,furniture_decor,498.0,ico
4789,musical_instruments,498.0,itapevi
4790,stationery,498.0,vicosa
4791,home_confort,498.0,conceicao de macabu
4792,construction_tools_construction,498.0,juazeiro do norte
4793,furniture_decor,498.0,para de minas
4794,home_construction,497.9,passo fundo
4795,,497.83000000000004,contagem
4796,home_appliances_2,497.0,araguaina
4797,home_appliances_2,497.0,serra
4798,auto,497.0,lencois paulista
4799,furniture_living_room,496.99,nilopolis
4800,construction_tools_construction,496.90999999999997,sao jose dos campos
4801,signaling_and_security,496.9,belo horizonte
4802,sports_leisure,496.8,ouro fino
4803,bed_bath_table,496.78,taio
4804,auto,496.23999999999995,botucatu
4805,garden_tools,495.95,carandai
4806,sports_leisure,495.9,delmiro gouveia
4807,baby,495.9,muriae
4808,watches_gifts,495.8,ourinhos
4809,market_place,495.77,belo horizonte
4810,,495.74,joao pessoa
4811,furniture_decor,495.70000000000005,barra mansa
4812,fashion_bags_accessories,495.69000000000005,cachoeiro de itapemirim
4813,agro_industry_and_commerce,495.6,dois irmaos
4814,housewares,495.59,angra dos reis
4815,sports_leisure,495.39000000000004,dois vizinhos
4816,toys,495.2,alegrete
4817,furniture_bedroom,495.0,itarare
4818,costruction_tools_garden,495.0,ipupiara
4819,health_beauty,494.97,araguaina
4820,auto,494.9,corrente
4821,cool_stuff,494.88,nova lima
4822,food,494.84999999999997,sao bernardo do campo
4823,cool_stuff,494.78,barreiras
4824,baby,494.16999999999996,itapevi
4825,baby,494.06999999999994,barretos
4826,cool_stuff,493.96000000000004,aparecida de goiania
4827,cool_stuff,493.9,matao
4828,bed_bath_table,493.9,catalao
4829,sports_leisure,493.9,formosa
4830,cool_stuff,493.89,francisco beltrao
4831,telephony,493.78000000000003,braganca paulista
4832,drinks,493.49,niteroi
4833,telephony,493.24,mar de espanha
4834,stationery,493.2,santa maria
4835,office_furniture,492.97,joao pessoa
4836,home_confort,492.95,piraju
4837,garden_tools,492.89,caucaia
4838,health_beauty,492.89,aracatuba
4839,health_beauty,492.78000000000003,altamira
4840,toys,492.78,itaquaquecetuba
4841,computers_accessories,492.69000000000005,lajeado
4842,agro_industry_and_commerce,492.0,osasco
4843,housewares,492.0,sao sebastiao do cai
4844,baby,491.81000000000006,cajamar
4845,computers_accessories,491.49,guarei
4846,home_appliances,491.39,sao bernardo do campo
4847,garden_tools,490.9,queimados
4848,bed_bath_table,490.69000000000005,araguari
4849,housewares,490.49,macapa
4850,garden_tools,490.2,santa luzia
4851,furniture_decor,490.0,parauapebas
4852,watches_gifts,490.0,nova aurora
4853,computers_accessories,489.98,monte carmelo
4854,toys,489.97,pinhalzinho
4855,health_beauty,489.95,assis
4856,housewares,489.9,valparaiso de goias
4857,office_furniture,489.89,carapicuiba
4858,toys,489.89,santo antonio de jesus
4859,health_beauty,489.89,esmeraldas
4860,cool_stuff,489.69000000000005,brumado
4861,perfumery,489.39999999999986,mage
4862,small_appliances,489.06,mairipora
4863,garden_tools,489.0,barra bonita
4864,consoles_games,489.0,arraial do cabo
4865,furniture_decor,489.0,moreno
4866,sports_leisure,488.99,araguaina
4867,housewares,488.99,rio manso
4868,home_confort,488.9,sumare
4869,computers_accessories,488.89,goioere
4870,luggage_accessories,488.89,caratinga
4871,air_conditioning,488.8,sao goncalo
4872,sports_leisure,488.79999999999995,pato branco
4873,air_conditioning,488.79999999999995,niteroi
4874,bed_bath_table,488.28999999999996,sabara
4875,consoles_games,488.2,juina
4876,luggage_accessories,488.0,balneario camboriu
4877,industry_commerce_and_business,488.0,sao caetano do sul
4878,audio,487.9,campinorte
4879,construction_tools_construction,487.89,belem
4880,sports_leisure,487.78999999999996,avare
4881,luggage_accessories,487.69999999999993,atibaia
4882,bed_bath_table,487.69000000000005,erechim
4883,food_drink,487.62,carapicuiba
4884,perfumery,487.5899999999999,nova friburgo
4885,electronics,487.55,rio branco
4886,furniture_decor,487.52,capao da canoa
4887,stationery,487.24,pocos de caldas
4888,kitchen_dining_laundry_garden_furniture,487.0,barueri
4889,home_appliances_2,487.0,perdizes
4890,computers_accessories,486.98,peruibe
4891,bed_bath_table,486.9,cambuci
4892,housewares,486.79999999999995,ponta grossa
4893,perfumery,486.7,chapeco
4894,garden_tools,486.45000000000005,mogi-guacu
4895,electronics,486.0,cruz
4896,drinks,485.96000000000004,belo horizonte
4897,health_beauty,485.9,carmopolis de minas
4898,sports_leisure,485.9,itaperucu
4899,toys,485.78999999999996,londrina
4900,bed_bath_table,485.68000000000006,cachoeiras de macacu
4901,auto,485.59000000000003,campo belo
4902,perfumery,485.59,diamantina
4903,,485.56,ribeirao preto
4904,musical_instruments,485.0,cotia
4905,bed_bath_table,484.9,seropedica
4906,health_beauty,484.88,ipero
4907,auto,484.79999999999995,luis eduardo magalhaes
4908,baby,484.7,guaratingueta
4909,computers_accessories,484.69000000000005,indaial
4910,baby,484.66999999999996,ponta grossa
4911,sports_leisure,484.61,novo horizonte
4912,bed_bath_table,483.9,sapucaia do sul
4913,health_beauty,483.9,parelhas
4914,computers_accessories,483.82000000000005,sao joaquim
4915,watches_gifts,483.79,carmo do rio claro
4916,furniture_decor,483.69999999999993,olinda
4917,toys,483.6,amparo
4918,housewares,483.06,cacapava
4919,baby,483.0,campo novo do parecis
4920,cool_stuff,482.98,erechim
4921,furniture_decor,482.78999999999996,guaratingueta
4922,housewares,482.78999999999996,lavras
4923,stationery,482.7,taubate
4924,bed_bath_table,482.5,altamira
4925,auto,482.4,santa rita do sapucai
4926,housewares,482.18999999999994,itapevi
4927,baby,482.13,barra bonita
4928,perfumery,482.09999999999997,lencois paulista
4929,perfumery,481.78999999999996,gurupi
4930,bed_bath_table,481.69000000000005,monte alto
4931,baby,481.69,uberaba
4932,auto,481.02,itaperuna
4933,fashion_bags_accessories,480.7,joao monlevade
4934,health_beauty,480.65,mario campos
4935,bed_bath_table,480.18,imbe
4936,garden_tools,480.0,taquarivai
4937,furniture_decor,480.0,fernandopolis
4938,market_place,480.0,mogi das cruzes
4939,construction_tools_construction,480.0,barreiras
4940,furniture_bedroom,480.0,valinhos
4941,garden_tools,479.99,pio xii
4942,office_furniture,479.98,cabo frio
4943,office_furniture,479.94,jatai
4944,office_furniture,479.94,arraial do cabo
4945,toys,479.9,itaju
4946,baby,479.9,uchoa
4947,sports_leisure,479.9,lauro muller
4948,fashion_bags_accessories,479.68,joinville
4949,agro_industry_and_commerce,479.0,campinas
4950,watches_gifts,479.0,jose bonifacio
4951,agro_industry_and_commerce,479.0,rio grande
4952,housewares,478.98999999999995,capao da canoa
4953,watches_gifts,478.9,caldas novas
4954,sports_leisure,478.9,campina grande
4955,baby,478.79999999999995,bandeirantes
4956,baby,478.69,praia grande
4957,baby,478.66999999999996,piracicaba
4958,bed_bath_table,478.59000000000003,conservatoria
4959,housewares,478.35,monte carmelo
4960,watches_gifts,477.9,formosa
4961,stationery,477.9,rio das ostras
4962,stationery,477.9,embu-guacu
4963,pet_shop,477.86,santa maria
4964,sports_leisure,477.79999999999995,sao miguel do iguacu
4965,luggage_accessories,477.6,suzano
4966,consoles_games,477.4,nova friburgo
4967,furniture_decor,477.29999999999995,castro
4968,computers_accessories,477.05999999999995,itabuna
4969,construction_tools_lights,477.0,sao joao da boa vista
4970,cool_stuff,476.97,fraiburgo
4971,computers_accessories,476.89,rio bonito
4972,toys,476.88,pinhais
4973,cool_stuff,476.88,cabo frio
4974,perfumery,476.78999999999996,rolandia
4975,sports_leisure,476.69999999999993,navegantes
4976,office_furniture,476.4,betim
4977,sports_leisure,476.36,garopaba
4978,bed_bath_table,476.0,nova era
4979,watches_gifts,475.90999999999997,campo bom
4980,pet_shop,475.89,arraial do cabo
4981,bed_bath_table,475.78,cachoeira do sul
4982,bed_bath_table,475.59000000000003,matupa
4983,computers_accessories,475.0,ouro preto
4984,toys,474.99,promissao
4985,auto,474.9,paula freitas
4986,sports_leisure,474.79,itumbiara
4987,furniture_decor,474.78999999999996,nova friburgo
4988,computers_accessories,474.68999999999994,piraju
4989,toys,474.68,itapevi
4990,,474.54,birigui
4991,garden_tools,474.0,guaira
4992,perfumery,473.89,cacapava
4993,,473.74,sao jose dos pinhais
4994,housewares,473.67,carmo do paranaiba
4995,computers_accessories,473.6,porciuncula
4996,housewares,473.03000000000003,francisco morato
4997,home_appliances_2,473.0,guaira
4998,cool_stuff,472.99,ubatuba
4999,,472.9,sao vicente
5000,watches_gifts,472.9,piedade
5001,construction_tools_lights,472.89,niteroi
5002,luggage_accessories,472.5,sao jose do rio preto
5003,auto,471.90000000000003,mogi mirim
5004,auto,471.84,presidente venceslau
5005,pet_shop,471.8,registro
5006,telephony,471.8,santo antonio
5007,luggage_accessories,471.19999999999993,serra
5008,furniture_decor,470.79999999999995,arapongas
5009,furniture_decor,470.49,vicosa
5010,housewares,470.0,otacilio costa
5011,housewares,469.99,vera cruz
5012,health_beauty,469.99,carmo de minas
5013,cool_stuff,469.99,trindade
5014,toys,469.9,montenegro
5015,,469.9,curvelo
5016,furniture_bedroom,469.8,sorriso
5017,furniture_decor,469.8,rio verde
5018,fashion_bags_accessories,469.79999999999995,osorio
5019,bed_bath_table,469.79,ponte nova
5020,electronics,469.77,cuiaba
5021,health_beauty,469.55,canoas
5022,construction_tools_construction,468.99,ponta grossa
5023,housewares,468.9,paraiso do tocantins
5024,health_beauty,468.9,pojuca
5025,auto,468.5,sao goncalo do rio abaixo
5026,computers_accessories,468.01,boa vista
5027,air_conditioning,468.0,brasilia
5028,bed_bath_table,467.8,aracruz
5029,computers_accessories,467.79999999999995,pedreira
5030,baby,467.78999999999996,sapiranga
5031,bed_bath_table,467.78999999999996,bom jesus dos perdoes
5032,furniture_decor,467.5000000000001,mogi-guacu
5033,computers_accessories,467.44999999999993,santa fe do sul
5034,health_beauty,467.0,camaqua
5035,audio,467.0,rondonopolis
5036,audio,467.0,pelotas
5037,home_appliances_2,467.0,caieiras
5038,audio,467.0,taboao da serra
5039,garden_tools,466.99,curvelo
5040,housewares,466.96000000000004,ibiruba
5041,bed_bath_table,466.9,dores de campos
5042,sports_leisure,466.88,girua
5043,toys,466.80000000000007,ribeirao das neves
5044,health_beauty,466.64,catanduva
5045,telephony,466.55999999999995,anapolis
5046,,466.36,uberlandia
5047,auto,466.28999999999996,varginha
5048,sports_leisure,466.0,garrafao do norte
5049,computers_accessories,466.0,vitorino freire
5050,cool_stuff,465.98,cacador
5051,cool_stuff,465.89,santo antonio de jesus
5052,sports_leisure,465.88,urania
5053,pet_shop,465.79999999999995,araraquara
5054,fixed_telephony,465.79,joao pessoa
5055,pet_shop,465.69,porto velho
5056,health_beauty,465.68,imbituba
5057,auto,465.39,passo fundo
5058,home_construction,465.35,itauna
5059,food,465.02,recife
5060,furniture_decor,465.0,mairinque
5061,agro_industry_and_commerce,465.0,jaguariuna
5062,stationery,464.99,duque de caxias
5063,electronics,464.97,iguaba grande
5064,health_beauty,464.88,sao gabriel da palha
5065,computers_accessories,464.79,cosmopolis
5066,sports_leisure,464.75,itaperuna
5067,health_beauty,464.0,baixo guandu
5068,bed_bath_table,463.99,tiete
5069,health_beauty,463.86,guaira
5070,industry_commerce_and_business,463.79999999999995,guarulhos
5071,sports_leisure,463.71000000000004,peruibe
5072,fashion_bags_accessories,463.69,petrolina
5073,watches_gifts,462.79999999999995,viana
5074,luggage_accessories,462.78,mariana
5075,home_confort,462.70000000000005,santo andre
5076,perfumery,462.69000000000005,santana de parnaiba
5077,computers_accessories,462.29999999999995,uruguaiana
5078,computers_accessories,462.0,jau
5079,signaling_and_security,462.0,braganca paulista
5080,telephony,461.99,sao francisco de itabapoana
5081,bed_bath_table,461.89,anchieta
5082,housewares,461.84,sao joao da ponte
5083,auto,461.70000000000005,palhoca
5084,costruction_tools_garden,461.35,serra
5085,perfumery,461.27,marica
5086,watches_gifts,460.9,rio grande da serra
5087,home_construction,460.75,aracaju
5088,computers_accessories,460.67999999999995,mesquita
5089,perfumery,460.56000000000006,ribeirao das neves
5090,furniture_decor,460.45000000000005,colombo
5091,computers_accessories,460.38,nova andradina
5092,,460.19,petropolis
5093,sports_leisure,460.0,comodoro
5094,construction_tools_construction,460.0,sao jose do rio preto
5095,home_construction,459.99,espera feliz
5096,home_construction,459.99,faxinal dos guedes
5097,office_furniture,459.98,sao joao nepomuceno
5098,office_furniture,459.98,macae
5099,cool_stuff,459.98,botucatu
5100,office_furniture,459.93999999999994,codo
5101,sports_leisure,459.9,guaira
5102,perfumery,459.9,pouso redondo
5103,computers_accessories,459.8,camanducaia
5104,watches_gifts,459.8,cataguases
5105,perfumery,459.70000000000005,resende
5106,bed_bath_table,459.69,cidade gaucha
5107,computers_accessories,459.67999999999995,sao borja
5108,baby,459.59000000000003,cachoeiro de itapemirim
5109,auto,459.0,votuporanga
5110,watches_gifts,459.0,tumiritinga
5111,garden_tools,459.0,piraquara
5112,telephony,458.84000000000003,jaboatao dos guararapes
5113,telephony,458.73,mogi das cruzes
5114,furniture_decor,458.4,santos dumont
5115,computers_accessories,458.4,antonio prado
5116,home_confort,458.0,varzea paulista
5117,bed_bath_table,457.98,barrinha
5118,housewares,457.9,parapua
5119,sports_leisure,457.78000000000003,valente
5120,auto,457.7,ourinhos
5121,furniture_decor,457.69,manhuacu
5122,furniture_decor,457.56999999999994,francisco morato
5123,furniture_decor,457.06,jatai
5124,garden_tools,457.0,parobe
5125,furniture_decor,456.93,campo largo
5126,cool_stuff,456.88,aguas lindas de goias
5127,housewares,456.59000000000003,buritizeiro
5128,baby,456.5,itajuba
5129,bed_bath_table,456.37,santa barbara
5130,garden_tools,455.59000000000003,acu
5131,computers_accessories,455.15000000000003,garca
5132,cool_stuff,454.99,primavera do leste
5133,computers_accessories,454.9,alegre
5134,housewares,454.9,itapui
5135,furniture_decor,454.9,arcos
5136,health_beauty,454.89,caxias
5137,musical_instruments,454.89,salgueiro
5138,baby,454.79999999999995,mairipora
5139,pet_shop,454.77,sao pedro da aldeia
5140,housewares,454.73999999999995,conselheiro lafaiete
5141,consoles_games,454.0,balneario camboriu
5142,consoles_games,454.0,votorantim
5143,consoles_games,454.0,santo antonio de posse
5144,consoles_games,454.0,timon
5145,health_beauty,453.96999999999997,camaragibe
5146,air_conditioning,453.8,california da barra
5147,health_beauty,453.69999999999993,sao goncalo do sapucai
5148,fashion_bags_accessories,453.58,diadema
5149,fashion_bags_accessories,453.0,atibaia
5150,computers_accessories,452.75,fernandopolis
5151,baby,452.67999999999995,cariacica
5152,health_beauty,452.67999999999995,santa rita do sapucai
5153,home_construction,452.6,natal
5154,perfumery,452.51,aparecida
5155,telephony,452.4,jaragua do sul
5156,computers_accessories,451.99,itanhaem
5157,auto,451.9,fatima
5158,fashion_male_clothing,451.89,maringa
5159,bed_bath_table,451.8,sao miguel do oeste
5160,sports_leisure,451.48,viamao
5161,auto,451.23999999999995,sao roque
5162,musical_instruments,451.20000000000005,junqueiropolis
5163,telephony,450.98,guarapuava
5164,bed_bath_table,450.9,iguaracu
5165,art,450.88,salvador
5166,telephony,450.84000000000003,ilheus
5167,luggage_accessories,450.59000000000003,carapicuiba
5168,toys,450.28999999999996,ilhabela
5169,consoles_games,450.15,sao roque
5170,health_beauty,450.02,monte siao
5171,auto,450.0,flores da cunha
5172,furniture_bedroom,450.0,uberlandia
5173,electronics,450.0,brejo santo
5174,cool_stuff,450.0,itaguai
5175,construction_tools_construction,450.0,birigui
5176,,449.99,cajobi
5177,auto,449.99,garanhuns
5178,cool_stuff,449.98,vargem grande paulista
5179,pet_shop,449.97,arroio do sal
5180,sports_leisure,449.95,itaguai
5181,bed_bath_table,449.9,sobral
5182,cool_stuff,449.9,sao sebastiao
5183,garden_tools,449.9,santa rita
5184,perfumery,449.9,iturama
5185,computers_accessories,449.9,guara
5186,toys,449.89,tutoia
5187,office_furniture,449.88,vitoria
5188,watches_gifts,449.8,paraiba do sul
5189,furniture_decor,449.8,orlandia
5190,office_furniture,449.70000000000005,campo limpo paulista
5191,computers_accessories,449.70000000000005,estancia
5192,food,449.70000000000005,primavera do leste
5193,toys,449.7,foz do iguacu
5194,office_furniture,449.46,ribeirao pires
5195,cool_stuff,449.33,barra bonita
5196,garden_tools,449.0,nova ponte
5197,perfumery,449.0,varzea da palma
5198,musical_instruments,449.0,balneario camboriu
5199,garden_tools,449.0,goianesia
5200,kitchen_dining_laundry_garden_furniture,449.0,araras
5201,fashion_bags_accessories,449.0,abaete
5202,musical_instruments,449.0,barra bonita
5203,garden_tools,449.0,terra boa
5204,construction_tools_construction,449.0,formosa
5205,health_beauty,448.99,sao bento
5206,pet_shop,448.9,valparaiso de goias
5207,home_confort,448.9,conselheiro pena
5208,auto,448.89,primavera do leste
5209,telephony,448.86,blumenau
5210,health_beauty,448.85999999999996,cruzeiro
5211,dvds_blu_ray,448.8,campo grande
5212,home_confort,448.79999999999995,niteroi
5213,auto,448.5,santa barbara d'oeste
5214,baby,448.47,tarabai
5215,computers_accessories,448.18,itaberaba
5216,watches_gifts,448.0,sao felipe
5217,consoles_games,447.98,canoas
5218,office_furniture,447.87,birigui
5219,health_beauty,447.79,cachoeira do sul
5220,computers_accessories,447.78999999999996,amparo
5221,sports_leisure,447.78999999999996,itapeva
5222,garden_tools,447.78000000000003,itapetininga
5223,telephony,447.75,mesquita
5224,consoles_games,447.61,fortaleza
5225,fashion_shoes,447.5,campo grande
5226,furniture_decor,447.38,belford roxo
5227,perfumery,446.89,caucaia
5228,fashion_bags_accessories,446.88,uberlandia
5229,housewares,446.63,fernandopolis
5230,watches_gifts,445.90999999999997,brusque
5231,luggage_accessories,445.79999999999995,aracatuba
5232,bed_bath_table,445.79,ibiuna
5233,luggage_accessories,445.69999999999993,taboao da serra
5234,health_beauty,445.47,cosmopolis
5235,home_appliances,445.45,osasco
5236,perfumery,445.29,ipatinga
5237,agro_industry_and_commerce,445.0,sao jose do rio preto
5238,bed_bath_table,444.78999999999996,bicas
5239,bed_bath_table,444.78999999999996,sao mateus
5240,air_conditioning,444.68,sao jose dos campos
5241,sports_leisure,444.59000000000003,botucatu
5242,furniture_decor,444.57000000000005,correia pinto
5243,computers_accessories,444.50000000000006,santa rosa
5244,computers_accessories,444.36,tubarao
5245,auto,444.35,sao jose do rio pardo
5246,computers_accessories,444.29,paraguacu paulista
5247,health_beauty,443.98,carangola
5248,sports_leisure,443.9,bariri
5249,computers_accessories,443.8,juazeiro
5250,computers_accessories,443.8,aracruz
5251,bed_bath_table,443.79999999999995,rio grande da serra
5252,furniture_decor,443.29999999999995,capivari
5253,sports_leisure,443.1,paraty
5254,home_appliances_2,443.0,lages
5255,health_beauty,442.98,varjota
5256,watches_gifts,442.95,faxinal
5257,housewares,442.9,sao gabriel
5258,electronics,442.9,petropolis
5259,computers_accessories,442.9,marataizes
5260,computers_accessories,442.69,votorantim
5261,perfumery,442.69,pedreira
5262,garden_tools,442.6,araxa
5263,luggage_accessories,442.0,vinhedo
5264,sports_leisure,441.9,sao joao batista
5265,christmas_supplies,441.71000000000004,sao paulo
5266,baby,441.68,araxa
5267,furniture_decor,441.4,porto seguro
5268,bed_bath_table,441.02,campo mourao
5269,home_construction,441.0,arcos
5270,sports_leisure,440.98,curvelo
5271,electronics,440.73,vila velha
5272,bed_bath_table,440.67999999999995,estancia velha
5273,telephony,440.5099999999999,ribeirao preto
5274,auto,440.15999999999997,vinhedo
5275,bed_bath_table,440.09000000000003,mineiros
5276,health_beauty,440.0,jacaraci
5277,bed_bath_table,440.0,solanea
5278,agro_industry_and_commerce,440.0,orlandia
5279,housewares,439.99,ilheus
5280,baby,439.98,cornelio procopio
5281,health_beauty,439.9,pinhais
5282,health_beauty,439.9,nao-me-toque
5283,small_appliances,439.9,braganca paulista
5284,home_appliances_2,439.9,jequitiba
5285,cool_stuff,439.89,garanhuns
5286,furniture_decor,439.88,venda nova do imigrante
5287,bed_bath_table,439.8,sao miguel do araguaia
5288,bed_bath_table,439.8,itororo
5289,health_beauty,439.78,sao gabriel
5290,musical_instruments,439.76,bauru
5291,sports_leisure,439.6,pedregulho
5292,sports_leisure,439.0,marilandia
5293,auto,439.0,balneario pinhal
5294,fashion_bags_accessories,439.0,tarumirim
5295,musical_instruments,439.0,manaus
5296,housewares,439.0,nova esperanca
5297,kitchen_dining_laundry_garden_furniture,439.0,campos dos goytacazes
5298,home_appliances_2,439.0,ituporanga
5299,cool_stuff,438.99,paraiso do tocantins
5300,fashion_bags_accessories,438.99,lages
5301,garden_tools,438.9,telemaco borba
5302,garden_tools,438.78,nilopolis
5303,stationery,438.70000000000005,serra
5304,housewares,438.69000000000005,irati
5305,housewares,438.6,guarapari
5306,housewares,438.59999999999997,bezerros
5307,cool_stuff,438.59000000000003,resende
5308,cool_stuff,438.39,sumare
5309,,438.28,capao da canoa
5310,auto,438.23,jequie
5311,food,438.20000000000005,belo horizonte
5312,costruction_tools_tools,438.0,pirapora
5313,cool_stuff,438.0,sao goncalo do sapucai
5314,computers_accessories,438.0,valparaiso de goias
5315,construction_tools_construction,437.9,itapevi
5316,garden_tools,437.79,eunapolis
5317,toys,437.47,santa cruz do rio pardo
5318,computers_accessories,437.32000000000005,sobral
5319,stationery,437.0,conchas
5320,stationery,437.0,pindamonhangaba
5321,stationery,437.0,santa teresa
5322,agro_industry_and_commerce,437.0,nova iguacu
5323,sports_leisure,437.0,itapetininga
5324,office_furniture,436.97,gouveia
5325,construction_tools_safety,436.9,mongagua
5326,bed_bath_table,436.6700000000001,caldas novas
5327,fashion_bags_accessories,436.48,campo grande
5328,garden_tools,436.44,lages
5329,auto,436.1,vespasiano
5330,cool_stuff,435.99,rio claro
5331,air_conditioning,435.9,duque de caxias
5332,toys,435.88,guarapuava
5333,consoles_games,435.70000000000005,osasco
5334,home_construction,435.7,itumbiara
5335,electronics,435.55,porto seguro
5336,housewares,435.20000000000005,penapolis
5337,auto,435.0,sao fidelis
5338,kitchen_dining_laundry_garden_furniture,435.0,sao jose dos campos
5339,cool_stuff,434.99,candelaria
5340,cool_stuff,434.98,nova cruz
5341,construction_tools_construction,434.97,ribeirao preto
5342,auto,434.8,assis
5343,bed_bath_table,434.79999999999995,carmo
5344,electronics,434.59999999999997,uberlandia
5345,garden_tools,434.53,sertaozinho
5346,furniture_decor,434.49,ibirite
5347,fashion_bags_accessories,434.0,franco da rocha
5348,watches_gifts,434.0,salto
5349,garden_tools,433.95,cardoso
5350,bed_bath_table,433.88,nanuque
5351,musical_instruments,433.87,caieiras
5352,fixed_telephony,433.84000000000003,porto alegre
5353,sports_leisure,433.78999999999996,guaxupe
5354,food,433.47,salvador
5355,office_furniture,433.44000000000005,jundiai
5356,fashion_bags_accessories,432.9,tres lagoas
5357,toys,432.89,alfenas
5358,baby,432.84,santo antonio de padua
5359,bed_bath_table,432.70000000000005,uruacu
5360,fashion_bags_accessories,432.59000000000003,sorocaba
5361,furniture_decor,432.5,barra velha
5362,bed_bath_table,432.37,cravinhos
5363,small_appliances,432.28999999999996,fortaleza
5364,furniture_decor,432.15999999999997,lagoa santa
5365,computers_accessories,431.89,guarapari
5366,watches_gifts,431.8,raul soares
5367,bed_bath_table,431.55,monte mor
5368,furniture_decor,431.34,cacapava
5369,,431.1,brumado
5370,auto,430.93999999999994,cajati
5371,baby,430.9,ibiuna
5372,pet_shop,430.7,sao luis
5373,auto,430.3,sao mateus do maranhao
5374,construction_tools_safety,430.0,santa barbara
5375,air_conditioning,430.0,seropedica
5376,office_furniture,430.0,cambe
5377,home_appliances_2,429.99,palmas
5378,agro_industry_and_commerce,429.98,criciuma
5379,agro_industry_and_commerce,429.98,cachoeirinha
5380,auto,429.98,boa vista do cadeado
5381,office_furniture,429.92,atibaia
5382,auto,429.9,irapuru
5383,auto,429.9,camaqua
5384,musical_instruments,429.9,lagarto
5385,home_appliances_2,429.9,lorena
5386,auto,429.89,natividade
5387,toys,429.78999999999996,itaborai
5388,,429.68,aracatuba
5389,computers_accessories,429.28999999999996,cataguases
5390,health_beauty,429.06000000000006,francisco morato
5391,perfumery,429.0,cantagalo
5392,housewares,429.0,andradas
5393,agro_industry_and_commerce,429.0,cascavel
5394,fashion_bags_accessories,429.0,santa cruz do sul
5395,health_beauty,428.99,aquiraz
5396,baby,428.97,belford roxo
5397,office_furniture,428.96000000000004,santana de parnaiba
5398,garden_tools,428.9,teixeira de freitas
5399,consoles_games,428.9,brusque
5400,perfumery,428.9,pocos de caldas
5401,furniture_living_room,428.9,matao
5402,pet_shop,428.89,jardinopolis
5403,books_general_interest,428.89,santo andre
5404,telephony,428.8,votuporanga
5405,perfumery,428.8,pirassununga
5406,garden_tools,428.5,maracanau
5407,telephony,428.22,bauru
5408,auto,428.1,cafelandia
5409,computers_accessories,428.05,vinhedo
5410,signaling_and_security,428.0,linhares
5411,baby,428.0,tupa
5412,bed_bath_table,428.0,ribeirao branco
5413,sports_leisure,427.99,sao jose do rio pardo
5414,toys,427.89,piedade
5415,bed_bath_table,427.7,toledo
5416,cool_stuff,427.68999999999994,divinopolis
5417,auto,427.6,araras
5418,garden_tools,427.58000000000004,paulo afonso
5419,perfumery,427.47999999999996,viamao
5420,drinks,427.45000000000005,osasco
5421,housewares,427.2,linhares
5422,cool_stuff,427.0,sao joao
5423,home_construction,427.0,alto santo
5424,cool_stuff,427.0,gloria do goita
5425,,426.99,sete lagoas
5426,toys,426.99,francisco beltrao
5427,office_furniture,426.98,almirante tamandare
5428,office_furniture,426.94,pocos de caldas
5429,toys,426.89,conselheiro lafaiete
5430,computers_accessories,426.89,jequitinhonha
5431,bed_bath_table,426.78999999999996,nova venecia
5432,auto,426.23,alfenas
5433,fashion_bags_accessories,426.09,vitoria
5434,furniture_living_room,425.99,sorocaba
5435,pet_shop,425.89,ubatuba
5436,sports_leisure,425.79999999999995,aracruz
5437,bed_bath_table,425.78999999999996,divino
5438,housewares,425.52,castro
5439,agro_industry_and_commerce,425.0,itapetininga
5440,agro_industry_and_commerce,425.0,petrolina
5441,sports_leisure,425.0,dumont
5442,watches_gifts,424.99,itapetininga
5443,cool_stuff,424.99,nova londrina
5444,electronics,424.9,terra roxa
5445,health_beauty,424.9,rio brilhante
5446,cool_stuff,424.89,santo angelo
5447,perfumery,424.89,patos
5448,telephony,424.8,alcantara
5449,sports_leisure,424.79,barra do pirai
5450,watches_gifts,424.65,capao da canoa
5451,home_appliances,424.59000000000003,paulinia
5452,home_construction,424.2,paranagua
5453,home_construction,424.2,itabaiana
5454,industry_commerce_and_business,424.0,osasco
5455,office_furniture,423.97,barreiras
5456,health_beauty,423.95,angatuba
5457,baby,423.87,teresopolis
5458,stationery,423.78999999999996,artur nogueira
5459,baby,423.77,sao jose dos pinhais
5460,electronics,423.69,joao pessoa
5461,auto,423.29,apucarana
5462,health_beauty,422.99,alfredo vasconcelos
5463,books_technical,422.99,ponta grossa
5464,office_furniture,422.98,londrina
5465,cool_stuff,422.97,sao jose
5466,watches_gifts,422.9,formiga
5467,market_place,422.8,campina grande
5468,bed_bath_table,422.70000000000005,sacramento
5469,home_appliances,422.65,sao jose dos campos
5470,housewares,422.6,itanhaem
5471,,422.53,chapeco
5472,health_beauty,422.31,santa fe do sul
5473,telephony,421.89,maracanau
5474,health_beauty,421.86999999999995,guariba
5475,toys,421.79,assis
5476,health_beauty,421.72,amparo
5477,computers_accessories,421.49,guaiba
5478,computers_accessories,421.41,curitibanos
5479,electronics,421.13999999999993,sorocaba
5480,small_appliances,421.0,belem
5481,agro_industry_and_commerce,420.0,manhumirim
5482,bed_bath_table,419.99,farroupilha
5483,health_beauty,419.99,caconde
5484,toys,419.94,carmo do rio claro
5485,office_furniture,419.93,barra mansa
5486,musical_instruments,419.9,cachoeirinha
5487,office_furniture,419.9,ouro preto
5488,musical_instruments,419.9,santa adelia
5489,baby,419.9,francisco beltrao
5490,baby,419.9,carolina
5491,construction_tools_construction,419.9,marica
5492,musical_instruments,419.9,cocal
5493,auto,419.85,taquaritinga
5494,home_appliances_2,419.8,barreiras
5495,fashion_bags_accessories,419.8,valenca
5496,bed_bath_table,419.8,novo cruzeiro
5497,costruction_tools_tools,419.8,joinville
5498,sports_leisure,419.8,poco redondo
5499,sports_leisure,419.79,itapipoca
5500,bed_bath_table,419.79,monte siao
5501,cool_stuff,419.78,pelotas
5502,,419.76,aparecida
5503,toys,419.59000000000003,paulista
5504,fashion_shoes,419.1,guarulhos
5505,construction_tools_construction,419.0,piumhii
5506,construction_tools_construction,419.0,manoel ribas
5507,industry_commerce_and_business,419.0,itapevi
5508,luggage_accessories,418.9,andradas
5509,cool_stuff,418.9,mata de sao joao
5510,watches_gifts,418.9,ilha solteira
5511,auto,418.9,erechim
5512,perfumery,418.79999999999995,parati
5513,toys,418.78999999999996,sertaozinho
5514,sports_leisure,418.78999999999996,braco do norte
5515,furniture_decor,418.70000000000005,bertioga
5516,perfumery,418.58000000000004,itajai
5517,furniture_decor,418.0,marechal candido rondon
5518,auto,418.0,malacacheta
5519,sports_leisure,418.0,viana
5520,watches_gifts,418.0,iaciara
5521,housewares,417.98,feira de santana
5522,furniture_living_room,417.9,santo andre
5523,pet_shop,417.88,guaruja
5524,health_beauty,417.7,viana
5525,baby,416.89,rio verde
5526,art,416.87,belo horizonte
5527,furniture_decor,416.87,teofilo otoni
5528,cool_stuff,416.78,estrela
5529,watches_gifts,416.70000000000005,dourados
5530,baby,416.70000000000005,araruama
5531,bed_bath_table,416.0,colonia castrolanda
5532,furniture_living_room,415.9,braganca paulista
5533,furniture_living_room,415.9,estancia velha
5534,musical_instruments,415.88,nova iguacu
5535,furniture_living_room,415.88,sao joao del rei
5536,auto,415.8,pirapozinho
5537,housewares,415.70000000000005,criciuma
5538,baby,415.70000000000005,teixeira soares
5539,furniture_living_room,415.7,juiz de fora
5540,auto,415.7,cassilandia
5541,housewares,415.4,boa esperanca
5542,luggage_accessories,415.2,nova iguacu
5543,agro_industry_and_commerce,415.17,toledo
5544,agro_industry_and_commerce,415.0,boituva
5545,agro_industry_and_commerce,415.0,londrina
5546,housewares,415.0,pirai
5547,agro_industry_and_commerce,415.0,capao da canoa
5548,watches_gifts,414.99,guariba
5549,toys,414.97,itauna
5550,computers_accessories,414.97,rondon do para
5551,sports_leisure,414.9,capivari
5552,fashion_bags_accessories,414.89,sao mateus
5553,toys,414.87,sao roque
5554,watches_gifts,414.81,piuma
5555,bed_bath_table,414.79999999999995,cambe
5556,construction_tools_construction,414.79999999999995,resende
5557,housewares,414.78000000000003,caieiras
5558,,414.74,cachoeiro de itapemirim
5559,health_beauty,414.62,cangucu
5560,furniture_decor,414.6,monte alto
5561,computers_accessories,414.51,alegrete
5562,health_beauty,414.1,registro
5563,auto,414.09,timoteo
5564,computers_accessories,414.0,urussanga
5565,bed_bath_table,413.9,campo limpo paulista
5566,home_construction,413.85,rio claro
5567,sports_leisure,413.69,sao bento do sul
5568,fashion_bags_accessories,413.6,cerquilho
5569,furniture_decor,413.44000000000005,araruama
5570,cool_stuff,413.4,lorena
5571,computers_accessories,412.91,camocim
5572,stationery,412.9,parnaiba
5573,baby,412.9,guarapuava
5574,perfumery,412.9,guaratingueta
5575,computers_accessories,412.71,extrema
5576,auto,412.69000000000005,ubatuba
5577,fashion_male_clothing,412.6,osasco
5578,perfumery,412.46000000000004,mossoro
5579,furniture_decor,412.3,formiga
5580,auto,412.28,ibiruba
5581,agro_industry_and_commerce,412.0,governador valadares
5582,agro_industry_and_commerce,412.0,garanhuns
5583,agro_industry_and_commerce,412.0,francisco beltrao
5584,agro_industry_and_commerce,412.0,bonito
5585,air_conditioning,412.0,nova odessa
5586,agro_industry_and_commerce,412.0,matao
5587,agro_industry_and_commerce,412.0,juiz de fora
5588,agro_industry_and_commerce,412.0,ararangua
5589,agro_industry_and_commerce,412.0,alto piquiri
5590,agro_industry_and_commerce,412.0,amparo
5591,telephony,411.89,barbacena
5592,auto,411.58,rio claro
5593,garden_tools,411.56,varginha
5594,sports_leisure,411.0,bertolinia
5595,housewares,410.99,ribeirao pires
5596,costruction_tools_garden,410.7,brasilia
5597,bed_bath_table,410.20000000000005,colatina
5598,bed_bath_table,410.0,coxim
5599,agro_industry_and_commerce,410.0,andradas
5600,costruction_tools_garden,410.0,cacapava
5601,agro_industry_and_commerce,410.0,quatro bocas
5602,agro_industry_and_commerce,410.0,porto alegre do norte
5603,costruction_tools_garden,410.0,sao carlos
5604,furniture_decor,410.0,lagoa real
5605,health_beauty,409.99,itapaje
5606,construction_tools_lights,409.99,ponta pora
5607,small_appliances,409.99,duque de caxias
5608,office_furniture,409.98,mongagua
5609,telephony,409.96000000000004,embu das artes
5610,,409.9,alcobaca
5611,perfumery,409.89,linhares
5612,health_beauty,409.89,barretos
5613,furniture_living_room,409.89,duque de caxias
5614,toys,409.88,jatai
5615,cool_stuff,409.87,aracoiaba da serra
5616,health_beauty,409.8,santa cruz do sul
5617,toys,409.79999999999995,claudio
5618,garden_tools,409.79999999999995,chapeco
5619,fashion_bags_accessories,409.78999999999996,palhoca
5620,baby,409.69999999999993,montanha
5621,home_construction,409.68,jundiai
5622,fashion_bags_accessories,409.49999999999994,bauru
5623,sports_leisure,409.39,luis eduardo magalhaes
5624,bed_bath_table,409.3,queimados
5625,furniture_decor,409.22999999999996,ferraz de vasconcelos
5626,perfumery,409.19000000000005,nova odessa
5627,health_beauty,409.03999999999996,erechim
5628,kitchen_dining_laundry_garden_furniture,409.0,campina grande
5629,office_furniture,408.99,volta redonda
5630,fixed_telephony,408.99,mogi mirim
5631,perfumery,408.97,louveira
5632,bed_bath_table,408.89,registro
5633,housewares,408.81,lencois paulista
5634,housewares,408.69,manaus
5635,computers_accessories,408.4800000000001,nova odessa
5636,health_beauty,407.99,capao da canoa
5637,,407.91,marilia
5638,musical_instruments,407.9,votorantim
5639,bed_bath_table,407.89,sao sebastiao do cai
5640,cool_stuff,407.78,alfenas
5641,housewares,407.69000000000005,araraquara
5642,electronics,407.5,tubarao
5643,baby,407.5,campina grande
5644,office_furniture,406.93,sao carlos
5645,baby,406.9,cianorte
5646,computers_accessories,406.9,campo bom
5647,auto,406.9,tubarao
5648,perfumery,406.89,arcos
5649,construction_tools_construction,406.87,goiania
5650,telephony,406.87,juazeiro
5651,electronics,406.09,araraquara
5652,garden_tools,405.99,nova aurora
5653,bed_bath_table,405.98,serrana
5654,health_beauty,405.9,pederneiras
5655,sports_leisure,405.9,chapada dos guimaraes
5656,perfumery,405.79999999999995,monte azul paulista
5657,,405.78,atibaia
5658,housewares,405.61,joao monlevade
5659,bed_bath_table,405.59,bela vista do paraiso
5660,pet_shop,405.39999999999986,piracicaba
5661,home_appliances,405.29999999999995,ouro preto
5662,sports_leisure,405.22999999999996,pinheiral
5663,electronics,405.09999999999997,tiete
5664,garden_tools,405.09000000000003,feira de santana
5665,construction_tools_lights,405.0,aparecida de goiania
5666,telephony,404.97,laranjal paulista
5667,auto,404.9,almirante tamandare
5668,housewares,404.9,piracanjuba
5669,telephony,404.9,gravatai
5670,garden_tools,404.8,ibirite
5671,furniture_decor,404.8,campinas do sul
5672,garden_tools,404.8,senhor do bonfim
5673,toys,404.8,lages
5674,bed_bath_table,404.79999999999995,piumhii
5675,toys,404.77000000000004,itu
5676,,404.68999999999994,santa maria
5677,electronics,404.45,maringa
5678,computers_accessories,404.36,bage
5679,construction_tools_construction,404.3,atibaia
5680,fashion_bags_accessories,404.09999999999997,varginha
5681,musical_instruments,404.0,recife
5682,baby,403.99,santo angelo
5683,office_furniture,403.91999999999996,santo anastacio
5684,computers_accessories,403.87,malacacheta
5685,construction_tools_construction,403.8,macae
5686,sports_leisure,403.77,ijui
5687,home_construction,403.68,niteroi
5688,garden_tools,403.38,diadema
5689,perfumery,403.29999999999995,santa maria de jetiba
5690,bed_bath_table,403.12,presidente venceslau
5691,furniture_decor,402.99,maracanau
5692,telephony,402.99,guapimirim
5693,fashion_bags_accessories,402.9,concordia
5694,furniture_living_room,402.89,campina grande
5695,sports_leisure,402.89,quatro barras
5696,bed_bath_table,402.8,capelinha
5697,air_conditioning,402.79999999999995,itapetininga
5698,furniture_decor,402.78000000000003,curvelo
5699,garden_tools,402.78,campo mourao
5700,computers_accessories,401.75,araguaina
5701,furniture_decor,401.5999999999999,santa cruz do rio pardo
5702,office_furniture,401.34,caetite
5703,furniture_decor,401.05,santo anastacio
5704,auto,401.0,registro
5705,telephony,400.97,teresopolis
5706,health_beauty,400.88,charqueadas
5707,telephony,400.78999999999996,mirassol
5708,stationery,400.7,palhoca
5709,sports_leisure,400.38,porto ferreira
5710,toys,400.27,sao leopoldo
5711,bed_bath_table,400.0,nossa senhora do socorro
5712,telephony,399.99,caieiras
5713,construction_tools_lights,399.99,piumhii
5714,furniture_mattress_and_upholstery,399.99,barbacena
5715,cool_stuff,399.98,timon
5716,office_furniture,399.98,venda nova do imigrante
5717,toys,399.98,santarem
5718,office_furniture,399.98,juazeiro do norte
5719,office_furniture,399.95,formosa do rio preto
5720,office_furniture,399.94000000000005,ananindeua
5721,office_furniture,399.92,poco fundo
5722,,399.9,nucleo residencial pilar
5723,office_furniture,399.9,mogi-guacu
5724,auto,399.9,alto parnaiba
5725,computers_accessories,399.9,dom aquino
5726,watches_gifts,399.9,tocantins
5727,office_furniture,399.9,rio grande
5728,watches_gifts,399.9,guadalupe
5729,toys,399.89,paracatu
5730,bed_bath_table,399.89,sao leopoldo
5731,toys,399.89,altamira
5732,office_furniture,399.88,arapoti
5733,musical_instruments,399.85,mata
5734,office_furniture,399.8,muriae
5735,watches_gifts,399.8,santana do serido
5736,small_appliances,399.79,morro reuter
5737,bed_bath_table,399.78999999999996,tres rios
5738,sports_leisure,399.78000000000003,ipora
5739,sports_leisure,399.76,guanambi
5740,construction_tools_construction,399.68000000000006,alfenas
5741,construction_tools_lights,399.5,duque de caxias
5742,garden_tools,399.49,itabirito
5743,home_appliances,399.35,montes claros
5744,telephony,399.18999999999994,porto velho
5745,telephony,399.14,sao carlos
5746,health_beauty,399.0,reriutaba
5747,home_confort,399.0,paranagua
5748,home_construction,399.0,salto
5749,home_construction,399.0,novo horizonte
5750,computers_accessories,399.0,sao martinho
5751,agro_industry_and_commerce,399.0,sao caetano do sul
5752,construction_tools_construction,399.0,vitoria da conquista
5753,cool_stuff,399.0,socorro
5754,consoles_games,399.0,tres rios
5755,home_construction,399.0,santa rosa de viterbo
5756,health_beauty,399.0,ibitira
5757,consoles_games,399.0,paraisopolis
5758,health_beauty,399.0,itupiranga
5759,consoles_games,399.0,alegrete
5760,housewares,399.0,cansancao
5761,furniture_decor,399.0,avelar
5762,home_construction,399.0,tanabi
5763,watches_gifts,399.0,santa fe
5764,home_confort,399.0,teresopolis
5765,audio,399.0,passos
5766,health_beauty,399.0,embauba
5767,consoles_games,399.0,ubatuba
5768,health_beauty,398.95000000000005,sacramento
5769,computers_accessories,398.9,almirante tamandare
5770,furniture_decor,398.9,cruzeiro
5771,bed_bath_table,398.9,parobe
5772,luggage_accessories,398.9,franca
5773,telephony,398.87,cajamar
5774,books_technical,398.83,salvador
5775,sports_leisure,398.79999999999995,mantena
5776,watches_gifts,398.78999999999996,bertioga
5777,bed_bath_table,398.78,santo antonio de posse
5778,garden_tools,398.7,santana de parnaiba
5779,furniture_decor,398.4,mogi mirim
5780,party_supplies,398.0,ouro preto
5781,garden_tools,398.0,paraguacu
5782,furniture_living_room,398.0,itajuba
5783,watches_gifts,398.0,buerarema
5784,agro_industry_and_commerce,398.0,santos
5785,agro_industry_and_commerce,398.0,vitoria
5786,furniture_decor,397.99,sao gabriel
5787,toys,397.95000000000005,ibiuna
5788,pet_shop,397.9,maceio
5789,sports_leisure,397.9,domingos martins
5790,musical_instruments,397.79,carpina
5791,pet_shop,397.78999999999996,santo angelo
5792,perfumery,397.78,camacari
5793,telephony,397.75,duque de caxias
5794,fashion_bags_accessories,397.7,ipatinga
5795,sports_leisure,397.7,itarare
5796,home_appliances,397.64,suzano
5797,sports_leisure,397.55,sao mateus
5798,furniture_decor,397.49,dourados
5799,telephony,396.95,palmeira
5800,perfumery,396.89,jatai
5801,cool_stuff,396.6,concordia
5802,construction_tools_safety,396.18,aguas belas
5803,furniture_decor,396.0,vila valerio
5804,costruction_tools_garden,396.0,londrina
5805,sports_leisure,396.0,cassilandia
5806,health_beauty,395.79999999999995,itabirito
5807,housewares,395.78,valenca
5808,electronics,395.54999999999995,guaruja
5809,computers_accessories,395.53999999999996,taquara
5810,baby,395.5,sao caetano do sul
5811,bed_bath_table,395.2699999999999,alto paraiso de goias
5812,bed_bath_table,395.0,altonia
5813,cool_stuff,395.0,presidente epitacio
5814,cool_stuff,395.0,monte mor
5815,construction_tools_lights,395.0,ribeirao preto
5816,electronics,395.0,arrozal
5817,watches_gifts,394.9,mariana
5818,watches_gifts,394.9,itaocara
5819,fashion_bags_accessories,394.9,linhares
5820,furniture_decor,394.9,rio do pires
5821,baby,394.9,piranhas
5822,furniture_decor,394.8999999999999,cerqueira cesar
5823,computers_accessories,394.89,itaqui
5824,stationery,394.7,governador valadares
5825,home_confort,394.69,guarulhos
5826,health_beauty,394.65,guaxupe
5827,health_beauty,394.65,astolfo dutra
5828,audio,394.59000000000003,salvador
5829,sports_leisure,394.12,pirassununga
5830,office_furniture,393.99,ponta grossa
5831,health_beauty,393.9,itajuba
5832,cool_stuff,393.89,porangatu
5833,baby,393.89,salto
5834,watches_gifts,393.88,ouro branco
5835,office_furniture,393.86,guaratingueta
5836,audio,393.8,florianopolis
5837,stationery,393.79999999999995,sao bento do sul
5838,housewares,393.79,itajuba
5839,perfumery,393.70000000000005,palmas
5840,home_construction,393.49999999999994,piracicaba
5841,garden_tools,393.48999999999995,osorio
5842,furniture_decor,393.4,pindamonhangaba
5843,sports_leisure,393.09999999999997,natividade
5844,furniture_decor,393.0,monte belo
5845,consoles_games,393.0,catanduva
5846,health_beauty,392.99,caceres
5847,bed_bath_table,392.89,itabela
5848,stationery,392.84000000000003,cornelio procopio
5849,luggage_accessories,392.79999999999995,armacao dos buzios
5850,toys,392.69000000000005,cajamar
5851,health_beauty,392.69000000000005,passos
5852,pet_shop,392.68,taboao da serra
5853,perfumery,392.58000000000004,sao jose dos pinhais
5854,sports_leisure,392.55,campo bom
5855,computers_accessories,391.8,cacador
5856,computers_accessories,391.8,mirassol
5857,sports_leisure,391.78999999999996,birigui
5858,home_construction,391.75,barueri
5859,garden_tools,391.67999999999995,linhares
5860,construction_tools_safety,391.25,santa cruz de monte castelo
5861,construction_tools_safety,391.25,itaquaquecetuba
5862,construction_tools_safety,391.25,mage
5863,construction_tools_safety,391.25,rio claro
5864,computers_accessories,391.0,janauba
5865,electronics,390.9,lencois paulista
5866,perfumery,390.8,ponte nova
5867,luggage_accessories,390.79999999999995,manaus
5868,diapers_and_hygiene,390.69,sao paulo
5869,bed_bath_table,390.49,rancharia
5870,bed_bath_table,390.49,sapiranga
5871,auto,390.0,cacequi
5872,sports_leisure,390.0,amanari
5873,housewares,390.0,sobral
5874,market_place,390.0,aracaju
5875,sports_leisure,390.0,pindamonhangaba
5876,office_furniture,389.98,paragominas
5877,office_furniture,389.98,blumenau
5878,construction_tools_lights,389.97,ouro preto
5879,office_furniture,389.97,santa maria da vitoria
5880,telephony,389.96000000000004,ilhabela
5881,health_beauty,389.96000000000004,salto de pirapora
5882,office_furniture,389.94000000000005,garca
5883,auto,389.9,paranaita
5884,pet_shop,389.9,sao leopoldo
5885,office_furniture,389.9,caico
5886,office_furniture,389.9,natal
5887,office_furniture,389.9,monte azul paulista
5888,housewares,389.9,martinopolis
5889,sports_leisure,389.9,palmeira
5890,sports_leisure,389.89,guariba
5891,cool_stuff,389.88,ararangua
5892,bed_bath_table,389.8,sao luiz gonzaga
5893,luggage_accessories,389.79999999999995,cabo frio
5894,housewares,389.79,santa cruz do sul
5895,sports_leisure,389.79,campos novos
5896,toys,389.76,francisco morato
5897,stationery,389.70000000000005,carapicuiba
5898,pet_shop,389.70000000000005,jandira
5899,sports_leisure,389.69000000000005,dois irmaos
5900,sports_leisure,389.6,alegre
5901,kitchen_dining_laundry_garden_furniture,389.37,osasco
5902,musical_instruments,389.0,corumba
5903,sports_leisure,389.0,fraiburgo
5904,la_cuisine,389.0,vargem bonita
5905,sports_leisure,389.0,aguas formosas
5906,computers_accessories,389.0,denise
5907,musical_instruments,389.0,buritis
5908,construction_tools_construction,389.0,patos de minas
5909,sports_leisure,389.0,louveira
5910,garden_tools,389.0,simoes filho
5911,computers_accessories,389.0,valenca do piaui
5912,sports_leisure,389.0,confins
5913,computers_accessories,388.99,paranaiba
5914,,388.96999999999997,vitoria
5915,musical_instruments,388.9,jaragua do sul
5916,small_appliances,388.9,pitimbu
5917,watches_gifts,388.9,cantagalo
5918,garden_tools,388.9,miguel pereira
5919,telephony,388.9,sao felix de minas
5920,small_appliances,388.9,cruz machado
5921,sports_leisure,388.8,bonito
5922,toys,388.36,itapira
5923,home_appliances_2,388.35,areia branca dos assis
5924,electronics,388.1,itabuna
5925,garden_tools,388.0,pirassununga
5926,sports_leisure,388.0,barbosa ferraz
5927,baby,388.0,campos de julio
5928,baby,388.0,campinorte
5929,baby,388.0,primavera do leste
5930,baby,388.0,sao sebastiao do paraiso
5931,baby,388.0,abelardo luz
5932,baby,388.0,anta gorda
5933,baby,388.0,estancia
5934,baby,388.0,santarem
5935,baby,388.0,mundo novo
5936,baby,388.0,jequie
5937,baby,388.0,agua limpa
5938,computers_accessories,387.9,paraiba do sul
5939,baby,387.89,cruz alta
5940,cool_stuff,387.89,laranjeiras do sul
5941,watches_gifts,387.88,campo maior
5942,auto,387.88,piracicaba
5943,computers_accessories,387.8,camacari
5944,bed_bath_table,387.78000000000003,saquarema
5945,garden_tools,387.77,paracatu
5946,bed_bath_table,387.70000000000005,itapeva
5947,pet_shop,387.69000000000005,pato branco
5948,health_beauty,387.59,luziania
5949,perfumery,387.49,pinheiral
5950,housewares,387.28999999999996,ourinhos
5951,fashion_male_clothing,387.1,guaiba
5952,electronics,387.03,sao goncalo
5953,cool_stuff,386.99,jarinu
5954,housewares,386.9,esteio
5955,perfumery,386.79,ibitinga
5956,home_construction,386.75,marica
5957,home_construction,386.75,blumenau
5958,home_construction,386.75,cerqueira cesar
5959,home_construction,386.75,recife
5960,home_construction,386.75,arapiraca
5961,computers_accessories,386.59000000000003,araxa
5962,sports_leisure,386.4,teresopolis
5963,bed_bath_table,386.13,lagoa santa
5964,furniture_decor,386.0,conchal
5965,small_appliances,386.0,sao leopoldo
5966,small_appliances,386.0,sorriso
5967,construction_tools_construction,385.98,diadema
5968,fashion_bags_accessories,385.9,valente
5969,cool_stuff,385.89,pirapora
5970,housewares,385.6,votorantim
5971,garden_tools,385.6,campos verdes
5972,computers_accessories,385.15,videira
5973,bed_bath_table,385.12,sao gotardo
5974,electronics,385.0,oiapoque
5975,baby,385.0,cabo frio
5976,musical_instruments,385.0,gaspar
5977,housewares,385.0,aracruz
5978,toys,384.99,santo augusto
5979,cool_stuff,384.99,raposos
5980,furniture_living_room,384.99,canoas
5981,toys,384.98,barbacena
5982,agro_industry_and_commerce,384.9,formosa
5983,auto,384.9,telemaco borba
5984,baby,384.9,casca
5985,sports_leisure,384.89,ourinhos
5986,housewares,384.8,coronel fabriciano
5987,cool_stuff,384.78000000000003,rio verde
5988,health_beauty,384.78,machado
5989,health_beauty,384.78,imperatriz
5990,sports_leisure,384.70000000000005,timoteo
5991,consoles_games,384.39,valinhos
5992,watches_gifts,384.09,santa maria da boa vista
5993,home_appliances_2,383.99,sao jose dos campos
5994,computers_accessories,383.99,lagoa vermelha
5995,furniture_living_room,383.99,porto alegre
5996,baby,383.9,rancharia
5997,watches_gifts,383.9,sao pedro dos ferros
5998,stationery,383.78999999999996,cabo frio
5999,fashion_bags_accessories,383.59000000000003,campos dos goytacazes
6000,consoles_games,383.47,juiz de fora
6001,sports_leisure,383.28999999999996,varginha
6002,health_beauty,383.28000000000003,guararapes
6003,consoles_games,383.05,ribeirao das neves
6004,auto,382.99,sao carlos
6005,watches_gifts,382.99,camaragibe
6006,,382.98,rio bonito
6007,small_appliances,382.89,taubate
6008,sports_leisure,382.89,rio pardo
6009,garden_tools,382.7,sumare
6010,sports_leisure,382.59000000000003,caete
6011,furniture_decor,382.47,tijucas
6012,dvds_blu_ray,382.26,rio de janeiro
6013,perfumery,382.0,muriae
6014,drinks,381.96000000000004,campinas
6015,telephony,381.45000000000005,votorantim
6016,perfumery,381.22,betim
6017,perfumery,380.97,fronteira
6018,audio,380.9,duque de caxias
6019,stationery,380.8,santa barbara d'oeste
6020,bed_bath_table,380.78,ibirite
6021,auto,380.49,araraquara
6022,consoles_games,380.41999999999996,registro
6023,bed_bath_table,380.4,cachoeirinha
6024,construction_tools_construction,380.4,guaruja
6025,watches_gifts,380.4,ubatuba
6026,air_conditioning,380.0,cambira
6027,small_appliances,380.0,mesquita
6028,garden_tools,380.0,formiga
6029,garden_tools,380.0,gouveia
6030,construction_tools_construction,380.0,cuiaba
6031,garden_tools,380.0,martinho campos
6032,office_furniture,380.0,santa ines
6033,fashion_bags_accessories,380.0,santana do livramento
6034,garden_tools,380.0,araujos
6035,pet_shop,379.99,bauru
6036,auto,379.99,bocaiuva
6037,health_beauty,379.99,goianesia do para
6038,cool_stuff,379.99,arrozal
6039,garden_tools,379.99,dois vizinhos
6040,pet_shop,379.98,itaguai
6041,office_furniture,379.98,rio pomba
6042,office_furniture,379.97,araruama
6043,office_furniture,379.97,itapevi
6044,pet_shop,379.96,andradas
6045,construction_tools_safety,379.94,itapema
6046,construction_tools_safety,379.94,assis
6047,construction_tools_safety,379.94,santo amaro da imperatriz
6048,watches_gifts,379.9,sao jose do rio pardo
6049,industry_commerce_and_business,379.9,cotia
6050,sports_leisure,379.9,santana do serido
6051,health_beauty,379.9,presidente venceslau
6052,baby,379.9,maracacume
6053,perfumery,379.9,mococa
6054,office_furniture,379.87,bebedouro
6055,office_furniture,379.86,campos dos goytacazes
6056,telephony,379.85,luis eduardo magalhaes
6057,fashion_male_clothing,379.8,presidente epitacio
6058,toys,379.79999999999995,santo antonio da patrulha
6059,computers_accessories,379.78,pejucara
6060,telephony,379.76,franco da rocha
6061,bed_bath_table,379.70000000000005,belo jardim
6062,fashion_male_clothing,379.70000000000005,itauna
6063,sports_leisure,379.70000000000005,santo antonio da patrulha
6064,furniture_decor,379.7,itapeva
6065,computers_accessories,379.69,capivari
6066,toys,379.6,vicosa
6067,fashion_bags_accessories,379.4,caraguatatuba
6068,perfumery,379.08,narandiba
6069,home_confort,379.0,cacapava
6070,cool_stuff,379.0,aguas de lindoia
6071,construction_tools_construction,379.0,seringueiras
6072,kitchen_dining_laundry_garden_furniture,379.0,braganca paulista
6073,musical_instruments,379.0,paulo afonso
6074,construction_tools_safety,379.0,novo hamburgo
6075,watches_gifts,379.0,nova andradina
6076,toys,378.98,afogados da ingazeira
6077,construction_tools_construction,378.96000000000004,carapicuiba
6078,sports_leisure,378.9,chui
6079,stationery,378.9,lajeado
6080,watches_gifts,378.9,venturosa
6081,auto,378.89,apiai
6082,toys,378.79999999999995,sao lourenco da mata
6083,home_confort,378.79999999999995,jundiai
6084,watches_gifts,378.76,tres passos
6085,health_beauty,378.59999999999997,guarapari
6086,garden_tools,378.59999999999997,viana
6087,health_beauty,378.38,itirucu
6088,home_appliances,378.18,santo andre
6089,auto,378.12,petrolina
6090,computers_accessories,378.0,siqueira campos
6091,watches_gifts,377.99,carazinho
6092,pet_shop,377.9,governador valadares
6093,toys,377.9,carlopolis
6094,bed_bath_table,377.9,porto real
6095,furniture_decor,377.8,capao bonito
6096,furniture_living_room,377.67999999999995,campinas
6097,housewares,377.67,rondonopolis
6098,,377.63,bauru
6099,telephony,377.49,varzea grande
6100,health_beauty,377.49,caraguatatuba
6101,food,377.06000000000006,vitoria
6102,cool_stuff,376.98,espigao do oeste
6103,cool_stuff,376.98,peruibe
6104,home_appliances,376.8,buritizeiro
6105,health_beauty,376.74,barreiras
6106,perfumery,376.47,araxa
6107,computers_accessories,376.28,bebedouro
6108,garden_tools,376.27,timoteo
6109,perfumery,376.24,imperatriz
6110,construction_tools_safety,376.18,rondonopolis
6111,watches_gifts,376.0,osorio
6112,health_beauty,375.96,cidelandia
6113,bed_bath_table,375.93,dourados
6114,health_beauty,375.9,santana
6115,computers_accessories,375.9,jandira
6116,auto,375.89,luziania
6117,housewares,375.88,serra negra
6118,furniture_decor,375.85,araraquara
6119,sports_leisure,375.73,jaguariuna
6120,garden_tools,375.70000000000005,tiete
6121,housewares,375.69999999999993,montenegro
6122,audio,375.69,sao joao de meriti
6123,perfumery,375.67,uruguaiana
6124,auto,375.49,cambe
6125,computers_accessories,375.1,caieiras
6126,watches_gifts,375.0,luis eduardo magalhaes
6127,home_construction,375.0,sao jose do rio preto
6128,garden_tools,374.98,passira
6129,fashion_bags_accessories,374.97,santa maria
6130,telephony,374.8,aguas da prata
6131,housewares,374.79,mesquita
6132,pet_shop,374.78999999999996,manaus
6133,baby,374.37,castanhal
6134,auto,374.0,jandaia do sul
6135,books_general_interest,374.0,parnamirim
6136,books_general_interest,374.0,nova iguacu
6137,baby,373.99,itapolis
6138,toys,373.89,boituva
6139,housewares,373.89,vinhedo
6140,bed_bath_table,373.84999999999997,virginopolis
6141,baby,373.78999999999996,sao joao da barra
6142,health_beauty,373.49,cacador
6143,furniture_decor,373.34000000000003,siqueira campos
6144,sports_leisure,373.29,farroupilha
6145,perfumery,373.2,formosa
6146,bed_bath_table,373.0,guacui
6147,perfumery,372.99,brusque
6148,telephony,372.97,coronel fabriciano
6149,furniture_decor,372.9,tubarao
6150,home_appliances,372.9,toledo
6151,luggage_accessories,372.89,sete lagoas
6152,auto,372.84000000000003,guapore
6153,bed_bath_table,372.51,tupa
6154,computers_accessories,372.0,cambara do sul
6155,health_beauty,371.97,seropedica
6156,telephony,371.9200000000001,aparecida de goiania
6157,musical_instruments,371.9,novo horizonte
6158,cool_stuff,371.79,braganca paulista
6159,baby,371.49,gravatai
6160,health_beauty,371.48,itabira
6161,housewares,371.22,boituva
6162,housewares,371.2,barcarena
6163,toys,370.96000000000004,paragominas
6164,perfumery,370.89,imbituba
6165,office_furniture,370.88,paulista
6166,housewares,370.7,conchal
6167,computers_accessories,370.49,alem paraiba
6168,health_beauty,370.47,casca
6169,health_beauty,370.47,santo antonio do descoberto
6170,health_beauty,370.0,tocantinopolis
6171,furniture_decor,370.0,mantena
6172,health_beauty,370.0,caldas do jorro
6173,furniture_decor,370.0,itabaiana
6174,consoles_games,370.0,itajuba
6175,home_construction,369.99,herval d'oeste
6176,luggage_accessories,369.99,santa quiteria
6177,small_appliances_home_oven_and_coffee,369.99,indaiatuba
6178,,369.99,amaraji
6179,office_furniture,369.98,passos
6180,furniture_decor,369.9,sapiranga
6181,watches_gifts,369.9,lago da pedra
6182,perfumery,369.9,pinheiros
6183,watches_gifts,369.9,coxim
6184,electronics,369.9,santa rita do sapucai
6185,watches_gifts,369.9,siqueira campos
6186,watches_gifts,369.9,ipameri
6187,watches_gifts,369.79999999999995,cordeiro
6188,consoles_games,369.79999999999995,sao simao
6189,telephony,369.57000000000005,sao jose do rio preto
6190,,369.48,pingo-d'agua
6191,industry_commerce_and_business,369.0,jaqueira
6192,consoles_games,369.0,lapa
6193,garden_tools,369.0,maracaju
6194,auto,369.0,santa vitoria do palmar
6195,garden_tools,369.0,piedade
6196,fashion_bags_accessories,369.0,araguari
6197,watches_gifts,369.0,ubaira
6198,construction_tools_lights,369.0,indaiatuba
6199,consoles_games,369.0,piraju
6200,perfumery,368.98,valenca
6201,watches_gifts,368.97,candido mota
6202,housewares,368.94,paranavai
6203,air_conditioning,368.9,teresina
6204,musical_instruments,368.9,sao joao da boa vista
6205,sports_leisure,368.9,upanema
6206,sports_leisure,368.9,quitandinha
6207,sports_leisure,368.89,araucaria
6208,bed_bath_table,368.70000000000005,sao bento do sul
6209,auto,368.69,marilia
6210,watches_gifts,368.65,primavera do leste
6211,books_general_interest,368.5,presidente prudente
6212,furniture_decor,368.45,ponte nova
6213,garden_tools,368.0,itaguai
6214,telephony,367.97,caucaia
6215,toys,367.9,prudentopolis
6216,toys,367.9,pontes e lacerda
6217,toys,367.9,campo bom
6218,auto,367.79999999999995,francisco beltrao
6219,sports_leisure,367.54999999999995,sao joao del rei
6220,garden_tools,367.5,joao pessoa
6221,bed_bath_table,367.28,jardinopolis
6222,musical_instruments,367.0,pindoba
6223,baby,366.89,caruaru
6224,pet_shop,366.70000000000005,cascavel
6225,perfumery,366.69,tupa
6226,furniture_decor,366.6,adamantina
6227,bed_bath_table,366.4,barra de guabiraba
6228,furniture_living_room,365.93,taboao da serra
6229,furniture_decor,365.9,jaguariuna
6230,home_confort,365.9,piracicaba
6231,perfumery,365.71,francisco beltrao
6232,bed_bath_table,365.55999999999995,alto do rodrigues
6233,computers_accessories,365.5,veranopolis
6234,bed_bath_table,364.99,caceres
6235,garden_tools,364.99,extrema
6236,telephony,364.98,ronda alta
6237,cool_stuff,364.98,piraju
6238,telephony,364.98,paraiso do tocantins
6239,furniture_decor,364.97,lucas do rio verde
6240,computers_accessories,364.9,araruama
6241,toys,364.89,itamaraju
6242,stationery,364.79999999999995,laranjal paulista
6243,computers_accessories,364.79,carlos barbosa
6244,health_beauty,364.79,camacari
6245,bed_bath_table,364.75,nova xavantina
6246,bed_bath_table,364.70000000000005,americo brasiliense
6247,bed_bath_table,364.7,santa rosa
6248,computers_accessories,364.58000000000004,guaira
6249,telephony,364.4,camaragibe
6250,health_beauty,364.0,santa isabel do ivai
6251,health_beauty,364.0,baianopolis
6252,health_beauty,364.0,nossa senhora do o
6253,health_beauty,364.0,acari
6254,health_beauty,364.0,santa cruz de minas
6255,health_beauty,364.0,erval grande
6256,health_beauty,364.0,toritama
6257,cool_stuff,364.0,petrolandia
6258,watches_gifts,363.9,araruama
6259,furniture_decor,363.9,esteio
6260,cool_stuff,363.8,braganca
6261,garden_tools,363.8,barra mansa
6262,small_appliances,363.78999999999996,goiania
6263,bed_bath_table,363.70000000000005,primavera
6264,stationery,363.7,caceres
6265,health_beauty,363.69,adamantina
6266,baby,363.65000000000003,cosmopolis
6267,computers_accessories,363.6,campina grande
6268,sports_leisure,363.6,piuma
6269,toys,363.4,caraguatatuba
6270,garden_tools,363.2,laranjeiras do sul
6271,telephony,363.18,camacari
6272,housewares,363.08,marechal candido rondon
6273,small_appliances,362.9,ribeirao pires
6274,stationery,362.89,votorantim
6275,,362.88,americana
6276,furniture_decor,362.77,toledo
6277,,361.98,blumenau
6278,cool_stuff,361.89,santarem
6279,baby,361.88,aparecida de goiania
6280,housewares,361.87,sao mateus do sul
6281,industry_commerce_and_business,361.6,barueri
6282,sports_leisure,361.0,jacutinga
6283,stationery,361.0,cachoeiro de itapemirim
6284,computers_accessories,360.99,cajamar
6285,sports_leisure,360.95000000000005,uruguaiana
6286,bed_bath_table,360.93,conselheiro pena
6287,home_appliances_2,360.9,santo andre
6288,health_beauty,360.89,junqueiro
6289,housewares,360.78999999999996,ferraz de vasconcelos
6290,auto,360.70000000000005,americana
6291,bed_bath_table,360.70000000000005,jacare
6292,auto,360.69000000000005,saquarema
6293,electronics,360.45000000000005,caxias do sul
6294,auto,360.4,jatai
6295,cool_stuff,360.37,sinop
6296,stationery,360.15,muriae
6297,home_construction,360.0,aparecida de goiania
6298,pet_shop,360.0,belo oriente
6299,computers_accessories,360.0,ponto novo
6300,cool_stuff,359.99,urupes
6301,office_furniture,359.98,alvorada d'oeste
6302,sports_leisure,359.98,pedralva
6303,small_appliances,359.9,queimados
6304,housewares,359.9,jales
6305,auto,359.9,sao miguel do oeste
6306,home_appliances_2,359.9,itaquaquecetuba
6307,perfumery,359.9,barra de sao joao
6308,auto,359.9,santa rita do passa quatro
6309,computers_accessories,359.89,porto seguro
6310,toys,359.88,porto feliz
6311,agro_industry_and_commerce,359.8,juquitiba
6312,bed_bath_table,359.8,cacule
6313,musical_instruments,359.8,santo antonio de jesus
6314,health_beauty,359.8,cristalia
6315,luggage_accessories,359.79999999999995,petropolis
6316,auto,359.71000000000004,blumenau
6317,health_beauty,359.70000000000005,bataguassu
6318,bed_bath_table,359.70000000000005,sao jose do cedro
6319,furniture_decor,359.7,raposo
6320,furniture_decor,359.63,lages
6321,baby,359.6,jacarei
6322,bed_bath_table,359.6,itaguai
6323,sports_leisure,359.4,guaiba
6324,sports_leisure,359.4,divino
6325,housewares,359.37,sao sebastiao
6326,cool_stuff,359.28000000000003,franco da rocha
6327,stationery,359.08,contagem
6328,musical_instruments,359.0,milagres
6329,computers_accessories,359.0,bandeirantes
6330,musical_instruments,359.0,ze doca
6331,consoles_games,359.0,aripuana
6332,watches_gifts,359.0,sobradinho
6333,cool_stuff,359.0,tres lagoas
6334,watches_gifts,359.0,chorozinho
6335,garden_tools,358.99,itabuna
6336,home_appliances_2,358.9,pomerode
6337,home_confort,358.9,buritizeiro
6338,furniture_decor,358.9,chapadao do ceu
6339,watches_gifts,358.9,itauna
6340,home_confort,358.9,sao pedro da aldeia
6341,auto,358.89,ituiutaba
6342,computers_accessories,358.8,sao pedro da aldeia
6343,office_furniture,358.79999999999995,mairinque
6344,bed_bath_table,358.79999999999995,marechal candido rondon
6345,baby,358.70000000000005,aracruz
6346,housewares,358.39,sao joao da boa vista
6347,pet_shop,358.34,pontal
6348,bed_bath_table,358.1,tremembe
6349,signaling_and_security,358.0,campo grande
6350,signaling_and_security,358.0,piratininga
6351,stationery,358.0,arceburgo
6352,computers_accessories,358.0,itatiaia
6353,health_beauty,357.99,nossa senhora do socorro
6354,watches_gifts,357.99,igarassu
6355,baby,357.99,sao martinho
6356,garden_tools,357.96000000000004,jaboatao dos guararapes
6357,stationery,357.9,tupa
6358,watches_gifts,357.89,alpinopolis
6359,computers_accessories,357.88,passos
6360,sports_leisure,357.8,varzea grande
6361,bed_bath_table,357.79999999999995,dracena
6362,health_beauty,357.69000000000005,sao jose do rio pardo
6363,fashion_shoes,357.6,parnamirim
6364,computers_accessories,357.26,capao da canoa
6365,housewares,357.0,catanduva
6366,cool_stuff,356.98,icara
6367,bed_bath_table,356.9,maraba
6368,perfumery,356.87,araruama
6369,pet_shop,356.8,vicosa
6370,home_construction,356.69999999999993,americana
6371,home_confort,356.6,ipatinga
6372,health_beauty,356.59,congonhas
6373,housewares,356.16,anchieta
6374,computers_accessories,356.0,piedade
6375,housewares,355.98,senador guiomard
6376,consoles_games,355.9,sao joao de meriti
6377,home_appliances,355.9,jaragua do sul
6378,sports_leisure,355.9,bilac
6379,sports_leisure,355.89,eldorado do sul
6380,home_construction,355.79,caceres
6381,furniture_decor,355.79,itaberaba
6382,baby,355.77,novo hamburgo
6383,health_beauty,355.69,queimados
6384,kitchen_dining_laundry_garden_furniture,355.68,guarulhos
6385,health_beauty,355.58000000000004,paty do alferes
6386,bed_bath_table,355.5,alfredo chaves
6387,computers_accessories,355.49,ribeirao das neves
6388,housewares,355.3,marau
6389,construction_tools_construction,355.0,marau
6390,sports_leisure,354.9,tangara
6391,watches_gifts,354.89,campo limpo paulista
6392,,354.87,campo grande
6393,books_general_interest,354.84999999999997,sao jose do rio preto
6394,books_general_interest,354.79999999999995,taboao da serra
6395,toys,354.78999999999996,joacaba
6396,sports_leisure,354.54999999999995,saquarema
6397,costruction_tools_tools,354.44999999999993,belo horizonte
6398,garden_tools,354.0,santa cruz do sul
6399,health_beauty,353.99,fortuna
6400,perfumery,353.98,rio grande
6401,bed_bath_table,353.96999999999997,sao jeronimo
6402,office_furniture,353.92,carmo do paranaiba
6403,office_furniture,353.92,braco do norte
6404,audio,353.9,osasco
6405,auto,353.9,uniao da vitoria
6406,toys,353.89,sumare
6407,garden_tools,353.89,resplendor
6408,garden_tools,353.87,passo fundo
6409,computers_accessories,353.78,leme
6410,perfumery,353.70000000000005,gaspar
6411,bed_bath_table,353.69000000000005,laguna
6412,electronics,353.34999999999997,cataguases
6413,housewares,353.08000000000004,itapolis
6414,agro_industry_and_commerce,353.0,piracicaba
6415,watches_gifts,352.99,jaragua do sul
6416,auto,352.98,araruama
6417,sports_leisure,352.93000000000006,santa isabel
6418,toys,352.89,araras
6419,fashion_bags_accessories,352.89,valinhos
6420,cool_stuff,352.66,santa cruz do sul
6421,toys,352.58,anapolis
6422,air_conditioning,352.52,sao jorge do ivai
6423,perfumery,352.39,ituiutaba
6424,sports_leisure,352.20000000000005,itabaiana
6425,sports_leisure,352.0,capela de santana
6426,computers_accessories,351.95,fartura
6427,watches_gifts,351.9,ouro preto
6428,housewares,351.89000000000004,nova odessa
6429,sports_leisure,351.89,santa rita do sapucai
6430,pet_shop,351.78000000000003,montes claros
6431,telephony,351.78,claudio
6432,health_beauty,351.53000000000003,matao
6433,sports_leisure,351.5,fernandopolis
6434,sports_leisure,351.38,bambui
6435,furniture_decor,351.3,novo gama
6436,office_furniture,350.96999999999997,itarana
6437,auto,350.9,boa esperanca do sul
6438,furniture_decor,350.89,acailandia
6439,housewares,350.78999999999996,ilha solteira
6440,computers_accessories,350.69,cachoeiro de itapemirim
6441,auto,350.5,sao manuel
6442,musical_instruments,350.0,jardinopolis
6443,electronics,350.0,bom jesus do itabapoana
6444,air_conditioning,350.0,olimpia
6445,bed_bath_table,350.0,delmiro gouveia
6446,furniture_living_room,349.99,sao jose da lapa
6447,toys,349.99,alta floresta d'oeste
6448,toys,349.99,monte carmelo
6449,baby,349.99,crato
6450,home_appliances_2,349.99,irai de minas
6451,health_beauty,349.99,bom jesus do norte
6452,furniture_decor,349.99,itapuranga
6453,cool_stuff,349.99,piedade dos gerais
6454,perfumery,349.97,aperibe
6455,perfumery,349.97,regeneracao
6456,consoles_games,349.9,ponta grossa
6457,office_furniture,349.9,campo grande
6458,office_furniture,349.9,paraty
6459,fashion_bags_accessories,349.9,morada nova
6460,toys,349.9,hortolandia
6461,sports_leisure,349.9,adamantina
6462,health_beauty,349.9,tabapua
6463,fashion_shoes,349.9,vicentinopolis
6464,health_beauty,349.9,catole do rocha
6465,perfumery,349.9,quissama
6466,health_beauty,349.9,porto nacional
6467,health_beauty,349.9,guacui
6468,perfumery,349.9,estancia velha
6469,health_beauty,349.9,boa vista das missoes
6470,fashion_shoes,349.9,amparo
6471,health_beauty,349.9,guaratuba
6472,health_beauty,349.9,caico
6473,telephony,349.9,bequimao
6474,health_beauty,349.9,marechal deodoro
6475,health_beauty,349.9,cachoeira paulista
6476,auto,349.9,arroio dos ratos
6477,auto,349.9,altinho
6478,books_general_interest,349.9,hortolandia
6479,construction_tools_safety,349.9,penaforte
6480,perfumery,349.9,alto araguaia
6481,health_beauty,349.9,sousa
6482,perfumery,349.9,santo antonio da patrulha
6483,health_beauty,349.9,anadia
6484,health_beauty,349.9,vespasiano
6485,health_beauty,349.9,cabo verde
6486,health_beauty,349.9,tiangua
6487,health_beauty,349.9,paripueira
6488,health_beauty,349.9,boa esperanca
6489,auto,349.89,mutuipe
6490,housewares,349.89,ituverava
6491,construction_tools_construction,349.8,joinville
6492,housewares,349.8,itabirito
6493,auto,349.79999999999995,leme
6494,luggage_accessories,349.79999999999995,ourinhos
6495,baby,349.69000000000005,petropolis
6496,fashion_bags_accessories,349.69000000000005,sumare
6497,cool_stuff,349.53999999999996,coronel fabriciano
6498,perfumery,349.46999999999997,aguai
6499,musical_instruments,349.36,hortolandia
6500,toys,349.04,palmas
6501,computers_accessories,349.0,tiangua
6502,furniture_decor,349.0,santa maria madalena
6503,computers_accessories,349.0,nova palma
6504,fashion_shoes,349.0,vila velha
6505,fixed_telephony,349.0,varzea paulista
6506,sports_leisure,349.0,borda da mata
6507,small_appliances,349.0,posse
6508,health_beauty,349.0,taquara
6509,computers_accessories,349.0,conceicao da aparecida
6510,health_beauty,349.0,conservatoria
6511,auto,348.99,porto uniao
6512,garden_tools,348.99,penedo
6513,toys,348.98,santa luzia
6514,toys,348.9,confresa
6515,sports_leisure,348.9,votuporanga
6516,furniture_decor,348.9,agua boa
6517,market_place,348.9,barueri
6518,luggage_accessories,348.9,rio branco
6519,garden_tools,348.8,adamantina
6520,watches_gifts,348.8,fervedouro
6521,watches_gifts,348.8,monte siao
6522,pet_shop,348.69000000000005,diadema
6523,auto,348.69,itapira
6524,sports_leisure,348.6,bage
6525,,348.59000000000003,macae
6526,garden_tools,348.5,dracena
6527,perfumery,348.5,rio verde
6528,sports_leisure,348.39,sertaozinho
6529,telephony,348.0,camocim de sao felix
6530,perfumery,347.9,piraquara
6531,electronics,347.9,santa barbara d'oeste
6532,housewares,347.81,guanambi
6533,furniture_decor,347.8,alagoinhas
6534,stationery,347.79999999999995,porto velho
6535,telephony,347.77000000000004,assis
6536,stationery,347.7,ouro branco
6537,health_beauty,347.69,bom jardim
6538,stationery,347.6,sao jose dos pinhais
6539,bed_bath_table,347.6,sao sebastiao do paraiso
6540,construction_tools_construction,347.06,linhares
6541,cool_stuff,346.97,belford roxo
6542,watches_gifts,346.9,congonhas
6543,sports_leisure,346.9,mogi-guacu
6544,stationery,346.9,porecatu
6545,health_beauty,346.89,oliveira
6546,furniture_decor,346.81000000000006,juquitiba
6547,sports_leisure,346.8,marataizes
6548,computers_accessories,346.75,mata verde
6549,auto,346.34,santa isabel
6550,auto,346.34,sao joaquim da barra
6551,home_construction,346.32,governador eugenio barros
6552,garden_tools,346.27,santana do paraiso
6553,consoles_games,346.17,santa maria
6554,computers_accessories,346.0,canoinhas
6555,housewares,346.0,sapucaia do sul
6556,bed_bath_table,345.99,costa rica
6557,perfumery,345.99,cubatao
6558,bed_bath_table,345.99,saltinho
6559,cool_stuff,345.98,coxim
6560,health_beauty,345.9,xanxere
6561,watches_gifts,345.8,bom jesus do itabapoana
6562,housewares,345.6,cariacica
6563,market_place,345.57,santo andre
6564,furniture_decor,345.5,unai
6565,home_appliances,345.43999999999994,itapevi
6566,furniture_decor,345.0,itumbiara
6567,furniture_decor,345.0,ouvidor
6568,furniture_decor,345.0,lagoa da confusao
6569,cool_stuff,344.99,parnaiba
6570,health_beauty,344.99,santiago
6571,cool_stuff,344.98,araruama
6572,sports_leisure,344.98,cachoeirinha
6573,cool_stuff,344.98,orizona
6574,art,344.98,osasco
6575,cool_stuff,344.9,foz do iguacu
6576,perfumery,344.89,osorio
6577,bed_bath_table,344.89,piracanjuba
6578,telephony,344.88,itapema
6579,furniture_decor,344.79999999999995,jaboticabal
6580,bed_bath_table,344.79999999999995,caete
6581,bed_bath_table,344.78999999999996,simoes filho
6582,sports_leisure,344.70000000000005,ibiuna
6583,sports_leisure,344.7,italva
6584,telephony,344.64,jacarei
6585,bed_bath_table,344.59999999999997,araxa
6586,computers_accessories,344.39,itatiba
6587,food,344.37,ribeirao preto
6588,health_beauty,344.37,rio do sul
6589,housewares,344.34999999999997,aruja
6590,pet_shop,344.25,sao vicente
6591,sports_leisure,344.0,maraba
6592,,343.99,arapongas
6593,housewares,343.99,santa luzia
6594,computers_accessories,343.99,cachoeira paulista
6595,audio,343.9,sao goncalo
6596,toys,343.89,linhares
6597,bed_bath_table,343.8,pirajui
6598,bed_bath_table,343.6,chapeco
6599,sports_leisure,343.49,jau
6600,furniture_decor,343.49,marica
6601,consoles_games,343.4,manaus
6602,consoles_games,343.4,garibaldi
6603,consoles_games,343.4,rio fortuna
6604,health_beauty,343.28000000000003,presidente epitacio
6605,bed_bath_table,343.13,venda nova do imigrante
6606,watches_gifts,343.0,castelo
6607,,343.0,palotina
6608,,342.98,ribeirao das neves
6609,small_appliances,342.9,cotia
6610,toys,342.9,sarandi
6611,toys,342.9,matinhos
6612,bed_bath_table,342.8,lapa
6613,sports_leisure,342.78999999999996,franco da rocha
6614,housewares,342.74,itapira
6615,sports_leisure,342.69000000000005,ilhabela
6616,garden_tools,342.67,barbacena
6617,health_beauty,342.53999999999996,neropolis
6618,food,342.39000000000004,belford roxo
6619,sports_leisure,342.39,presidente dutra
6620,computers_accessories,342.3,uruana
6621,luggage_accessories,342.28000000000003,osasco
6622,cool_stuff,342.2,mage
6623,construction_tools_lights,342.0,atibaia
6624,telephony,341.96000000000004,pompeia
6625,sports_leisure,341.86,teofilo otoni
6626,fashion_bags_accessories,341.69999999999993,colatina
6627,perfumery,341.65,bom principio
6628,housewares,341.28000000000003,cachoeirinha
6629,toys,340.96000000000004,passo fundo
6630,cool_stuff,340.89,sao vicente
6631,fashion_bags_accessories,340.8,novo hamburgo
6632,furniture_decor,340.79999999999995,itapecerica da serra
6633,bed_bath_table,340.78999999999996,guaiba
6634,health_beauty,340.78000000000003,antonina
6635,bed_bath_table,340.74,alem paraiba
6636,garden_tools,340.7,parauapebas
6637,health_beauty,340.38,monte carmelo
6638,health_beauty,340.32000000000005,monte mor
6639,fashion_shoes,340.1,santo andre
6640,home_appliances_2,340.0,petropolis
6641,kitchen_dining_laundry_garden_furniture,340.0,itapoa
6642,stationery,340.0,rio verde
6643,health_beauty,339.99,conceicao dos ouros
6644,health_beauty,339.99,bandeirantes do tocantins
6645,computers_accessories,339.99,formiga
6646,health_beauty,339.99,cristais paulista
6647,health_beauty,339.99,itaocara
6648,health_beauty,339.99,charqueada
6649,cool_stuff,339.97,posse
6650,housewares,339.96,alta floresta
6651,office_furniture,339.95000000000005,pacuja
6652,sports_leisure,339.9,santa rosa
6653,housewares,339.9,pirangi
6654,perfumery,339.9,bage
6655,baby,339.9,vitoria da conquista
6656,construction_tools_safety,339.9,cacoal
6657,watches_gifts,339.9,guaraci
6658,watches_gifts,339.9,itajuipe
6659,perfumery,339.9,capao da canoa
6660,construction_tools_safety,339.9,esteio
6661,perfumery,339.9,unai
6662,perfumery,339.9,itapirapua
6663,home_appliances_2,339.9,tres rios
6664,construction_tools_safety,339.9,cianorte
6665,stationery,339.9,itaocara
6666,perfumery,339.9,guaxupe
6667,telephony,339.89,cordeiro
6668,toys,339.89,sao pedro da aldeia
6669,furniture_living_room,339.89,cuiaba
6670,housewares,339.89,hidreletrica tucurui
6671,cool_stuff,339.89,francisco morato
6672,bed_bath_table,339.88,lagoa vermelha
6673,baby,339.8,bombinhas
6674,sports_leisure,339.79999999999995,coronel fabriciano
6675,stationery,339.79999999999995,monte azul paulista
6676,bed_bath_table,339.78000000000003,pires do rio
6677,market_place,339.74,nova lacerda
6678,musical_instruments,339.74,andradina
6679,computers_accessories,339.55,brumadinho
6680,auto,339.25,jatoba
6681,computers_accessories,339.0,venda nova do imigrante
6682,furniture_decor,339.0,estancia velha
6683,perfumery,339.0,ipojuca
6684,watches_gifts,339.0,luis antonio
6685,perfumery,339.0,silvania
6686,perfumery,339.0,cassilandia
6687,garden_tools,338.99,lima duarte
6688,office_furniture,338.96999999999997,nova friburgo
6689,office_furniture,338.96,montes claros
6690,home_confort,338.9,vitoria da conquista
6691,cool_stuff,338.9,santa barbara
6692,toys,338.9,santa maria de jetiba
6693,toys,338.89,jaguariaiva
6694,luggage_accessories,338.89,aruja
6695,home_construction,338.85,teresopolis
6696,sports_leisure,338.70000000000005,imbituva
6697,telephony,338.65,itabira
6698,health_beauty,338.58000000000004,vargem grande paulista
6699,health_beauty,338.03000000000003,itaperuna
6700,auto,338.0,valenca do piaui
6701,construction_tools_construction,338.0,lajeado
6702,watches_gifts,338.0,santo antonio de jesus
6703,construction_tools_construction,338.0,reserva do cabacal
6704,furniture_decor,337.9,guapore
6705,perfumery,337.88,criciuma
6706,fashion_bags_accessories,337.88,indaiatuba
6707,baby,337.87,resende
6708,stationery,337.79999999999995,ferraz de vasconcelos
6709,watches_gifts,337.69,bom jesus da lapa
6710,health_beauty,337.69,assis chateaubriand
6711,electronics,337.41999999999996,cacapava
6712,garden_tools,337.4,itapevi
6713,auto,337.29,pontes e lacerda
6714,furniture_decor,337.18000000000006,valinhos
6715,bed_bath_table,337.05,itarare
6716,watches_gifts,337.0,arace
6717,garden_tools,336.92,ouro branco
6718,watches_gifts,336.9,ilhabela
6719,housewares,336.9,pariquera-acu
6720,health_beauty,336.89,rio novo
6721,cool_stuff,336.85,xanxere
6722,baby,336.8,itamaraju
6723,housewares,336.79,santos dumont
6724,computers_accessories,336.78999999999996,itapeva
6725,fashion_bags_accessories,336.70000000000005,aracaju
6726,toys,336.69,lavras
6727,construction_tools_safety,336.6,goiania
6728,auto,336.0,jacupiranga
6729,perfumery,336.0,taquara
6730,health_beauty,336.0,santana do mundau
6731,housewares,335.9,palhoca
6732,auto,335.9,paraiso
6733,toys,335.9,blumenau
6734,perfumery,335.84,cruzeiro
6735,housewares,335.59000000000003,bertioga
6736,electronics,335.59000000000003,cascavel
6737,housewares,335.58000000000004,anapolis
6738,musical_instruments,335.44,santa cecilia
6739,stationery,335.32,sao leopoldo
6740,bed_bath_table,335.27,palmital
6741,home_construction,335.1,praia grande
6742,computers_accessories,334.98,aguai
6743,books_general_interest,334.9,fortaleza
6744,consoles_games,334.9,diadema
6745,toys,334.89,alem paraiba
6746,watches_gifts,334.89,amelia rodrigues
6747,cool_stuff,334.89,cangucu
6748,health_beauty,334.89,guaiba
6749,auto,334.7,gaspar
6750,furniture_decor,334.69,santa isabel
6751,fashion_bags_accessories,334.59000000000003,sao goncalo
6752,sports_leisure,334.57,ponte nova
6753,health_beauty,334.3,campo largo
6754,consoles_games,334.29,florianopolis
6755,auto,334.29,ribeirao das neves
6756,,334.09000000000003,queimados
6757,stationery,334.0,itu
6758,pet_shop,333.99,sao joao del rei
6759,cool_stuff,333.98,paty do alferes
6760,computers_accessories,333.97,sao joao del rei
6761,bed_bath_table,333.9,carlos barbosa
6762,sports_leisure,333.9,aguas de lindoia
6763,pet_shop,333.9,cubatao
6764,sports_leisure,333.88,linhares
6765,telephony,333.87,bento goncalves
6766,watches_gifts,333.85,rio piracicaba
6767,telephony,333.85,cachoeiro de itapemirim
6768,cool_stuff,333.8,sertaozinho
6769,bed_bath_table,333.69999999999993,mossoro
6770,bed_bath_table,333.27,palhoca
6771,furniture_decor,333.19,jau
6772,housewares,332.89,salto de pirapora
6773,books_technical,332.84,ribeirao preto
6774,garden_tools,332.79999999999995,louveira
6775,baby,332.77,rio grande
6776,housewares,332.59000000000003,santiago
6777,industry_commerce_and_business,332.0,florianopolis
6778,consoles_games,332.0,palhoca
6779,garden_tools,332.0,santa rita do passa quatro
6780,bed_bath_table,331.89,japeri
6781,telephony,331.88,pirajui
6782,food,331.88,mogi das cruzes
6783,computers_accessories,331.87,cruz alta
6784,furniture_decor,331.87,pirapora
6785,small_appliances,331.84,uberaba
6786,bed_bath_table,331.70000000000005,campos do jordao
6787,agro_industry_and_commerce,331.70000000000005,jundiai
6788,christmas_supplies,331.6,rio de janeiro
6789,construction_tools_construction,331.5,araras
6790,housewares,331.49,curitibanos
6791,auto,331.3,sao joao da barra
6792,home_appliances,331.0,santo antonio de jesus
6793,electronics,331.0,taubate
6794,sports_leisure,330.98,carapebus
6795,furniture_decor,330.9,itarare
6796,health_beauty,330.89,ituverava
6797,computers_accessories,330.69000000000005,paraiso do tocantins
6798,computers_accessories,330.6,sombrio
6799,tablets_printing_image,330.6,campinas
6800,health_beauty,330.33000000000004,monte alto
6801,fashion_bags_accessories,330.28999999999996,duque de caxias
6802,watches_gifts,330.0,corumba
6803,health_beauty,330.0,santana do acarau
6804,health_beauty,330.0,currais novos
6805,health_beauty,330.0,mirassol
6806,health_beauty,330.0,santo amaro de campos
6807,health_beauty,330.0,barro
6808,health_beauty,330.0,peabiru
6809,industry_commerce_and_business,330.0,caxias do sul
6810,health_beauty,330.0,rio tinto
6811,health_beauty,330.0,uibai
6812,office_furniture,330.0,pinhais
6813,health_beauty,330.0,piratininga
6814,health_beauty,330.0,conceicao do para
6815,health_beauty,330.0,esplanada
6816,health_beauty,330.0,fraiburgo
6817,health_beauty,330.0,constantina
6818,construction_tools_lights,330.0,goiania
6819,luggage_accessories,329.99,grajau
6820,baby,329.99,presidente venceslau
6821,cool_stuff,329.98,xangri-la
6822,cool_stuff,329.98,assai
6823,home_appliances,329.9,osorio
6824,furniture_living_room,329.9,paulo jacinto
6825,furniture_living_room,329.9,unai
6826,furniture_living_room,329.9,passo fundo
6827,furniture_living_room,329.9,campo mourao
6828,office_furniture,329.9,missal
6829,office_furniture,329.9,jales
6830,office_furniture,329.9,biritiba-mirim
6831,furniture_living_room,329.9,palmeira dos indios
6832,auto,329.9,esperanca
6833,baby,329.9,cambe
6834,watches_gifts,329.9,rio pardo de minas
6835,furniture_living_room,329.9,sao pedro da aldeia
6836,small_appliances,329.9,arembepe
6837,home_appliances,329.9,navegantes
6838,home_appliances,329.9,gramado
6839,garden_tools,329.9,itapirapua paulista
6840,home_appliances,329.9,cacador
6841,sports_leisure,329.9,ponte serrada
6842,furniture_living_room,329.9,barrinha
6843,toys,329.9,tres de maio
6844,furniture_living_room,329.9,sao joao do manteninha
6845,perfumery,329.9,lagoa da prata
6846,furniture_living_room,329.9,tapes
6847,office_furniture,329.9,sao jose do rio pardo
6848,perfumery,329.9,estacao
6849,toys,329.9,teutonia
6850,furniture_living_room,329.9,ararangua
6851,furniture_living_room,329.9,sapiranga
6852,office_furniture,329.9,cristal
6853,baby,329.89,sao gabriel
6854,toys,329.89,goitacazes
6855,cool_stuff,329.89,pinhalao
6856,sports_leisure,329.8,cesario lange
6857,bed_bath_table,329.79999999999995,porto velho
6858,furniture_decor,329.70000000000005,brumado
6859,auto,329.70000000000005,cordeiro
6860,telephony,329.65,itapevi
6861,watches_gifts,329.65,dom pedrito
6862,baby,329.46000000000004,parnamirim
6863,computers_accessories,329.44000000000005,parnamirim
6864,computers_accessories,329.39,nova serrana
6865,telephony,329.22,morpara
6866,cool_stuff,329.2,arraial do cabo
6867,cool_stuff,329.2,piracaia
6868,home_confort,329.0,cachoeira paulista
6869,furniture_living_room,329.0,sumare
6870,home_confort,329.0,pontes e lacerda
6871,home_confort,329.0,sao joaquim da barra
6872,music,329.0,londrina
6873,industry_commerce_and_business,329.0,quadra
6874,fashion_bags_accessories,329.0,barros cassal
6875,music,329.0,bebedouro
6876,music,329.0,divinopolis
6877,toys,329.0,uniao
6878,garden_tools,329.0,ipiabas
6879,housewares,329.0,limoeiro do norte
6880,air_conditioning,329.0,sao carlos
6881,home_confort,329.0,mogi das cruzes
6882,garden_tools,329.0,lobato
6883,home_confort,329.0,hulha negra
6884,cool_stuff,328.99,navegantes
6885,pet_shop,328.98,nova lima
6886,health_beauty,328.94,estancia velha
6887,stationery,328.9,santana de parnaiba
6888,watches_gifts,328.9,acailandia
6889,auto,328.89,juazeiro
6890,computers_accessories,328.8,sao jose do rio pardo
6891,books_general_interest,328.8,salvador
6892,computers_accessories,328.78999999999996,igarape
6893,computers_accessories,328.70000000000005,descalvado
6894,housewares,328.70000000000005,itapecerica da serra
6895,sports_leisure,328.6,sabara
6896,bed_bath_table,328.36,iturama
6897,books_general_interest,328.11,volta redonda
6898,market_place,328.09999999999997,goiania
6899,stationery,328.0,criciuma
6900,small_appliances,328.0,osvaldo cruz
6901,auto,328.0,nova ipixuna
6902,agro_industry_and_commerce,328.0,eusebio
6903,small_appliances,328.0,casca
6904,watches_gifts,327.98,viamao
6905,stationery,327.9,sao roque
6906,musical_instruments,327.87,januaria
6907,stationery,327.8,hortolandia
6908,computers_accessories,327.8,dourado
6909,stationery,327.78,maua
6910,bed_bath_table,327.59000000000003,santa cruz do sul
6911,bed_bath_table,327.49,ilhabela
6912,auto,327.36,vicosa
6913,auto,327.1,boituva
6914,garden_tools,327.09000000000003,anapolis
6915,computers_accessories,327.0,pindare mirim
6916,signaling_and_security,326.9,vitoria
6917,health_beauty,326.9,loanda
6918,watches_gifts,326.85,marechal candido rondon
6919,market_place,326.71000000000004,brasilia
6920,furniture_decor,326.7,itaperuna
6921,perfumery,326.54999999999995,lavras
6922,bed_bath_table,326.45,sombrio
6923,health_beauty,326.16,ilhota
6924,industry_commerce_and_business,326.0,sao jose
6925,luggage_accessories,325.99,mesquita
6926,,325.98,uberaba
6927,perfumery,325.91999999999996,caruaru
6928,cool_stuff,325.88,bertioga
6929,bed_bath_table,325.8,braco do norte
6930,sports_leisure,325.8,santa barbara
6931,bed_bath_table,325.7,valparaiso de goias
6932,perfumery,325.69,gravatai
6933,perfumery,325.5,juazeiro do norte
6934,home_appliances,325.1,colatina
6935,pet_shop,325.08000000000004,jacarei
6936,health_beauty,325.0,breu branco
6937,health_beauty,325.0,caninde
6938,health_beauty,325.0,cabedelo
6939,health_beauty,325.0,vieiras
6940,health_beauty,325.0,jucas
6941,health_beauty,325.0,caririacu
6942,health_beauty,325.0,barbalha
6943,furniture_decor,325.0,botupora
6944,health_beauty,325.0,colinas
6945,health_beauty,325.0,condado
6946,health_beauty,325.0,cabrobo
6947,health_beauty,325.0,sabino
6948,health_beauty,325.0,jupi
6949,health_beauty,325.0,montanhas
6950,health_beauty,325.0,guarara
6951,health_beauty,325.0,jardim do serido
6952,health_beauty,325.0,pedrao
6953,auto,325.0,aracati
6954,furniture_living_room,324.99,lages
6955,cool_stuff,324.98,congonhas
6956,housewares,324.9,viana
6957,watches_gifts,324.9,palhoca
6958,bed_bath_table,324.9,ouro branco
6959,stationery,324.9,cacapava
6960,baby,324.89,serrinha
6961,computers_accessories,324.72,penapolis
6962,christmas_supplies,324.71,salvador
6963,garden_tools,324.5,braganca paulista
6964,fashion_bags_accessories,324.36,mogi das cruzes
6965,pet_shop,324.35999999999996,salto
6966,computers_accessories,324.3,holambra
6967,garden_tools,324.3,uruara
6968,garden_tools,324.3,quixere
6969,watches_gifts,324.0,sao raimundo nonato
6970,stationery,324.0,carangola
6971,computers_accessories,324.0,capinopolis
6972,audio,323.9,campinas
6973,sports_leisure,323.89,cataguases
6974,computers_accessories,323.89,uruacu
6975,garden_tools,323.4,morrinhos
6976,watches_gifts,323.0,vilhena
6977,fashion_bags_accessories,322.9,cabo frio
6978,toys,322.78999999999996,tres lagoas
6979,computers_accessories,322.77,araripina
6980,market_place,322.75,jardim
6981,musical_instruments,322.75,cordeiros
6982,sports_leisure,322.38,senhor do bonfim
6983,auto,322.0,vere
6984,industry_commerce_and_business,321.99,mairipora
6985,telephony,321.88,passos
6986,housewares,321.87,paulinia
6987,musical_instruments,321.74,indaiatuba
6988,furniture_decor,321.7,patrocinio
6989,fashion_bags_accessories,321.59999999999997,conselheiro lafaiete
6990,signaling_and_security,321.44,goiania
6991,musical_instruments,321.0,juatuba
6992,sports_leisure,321.0,jatai
6993,furniture_living_room,320.87,angra dos reis
6994,health_beauty,320.8,sao mateus
6995,electronics,320.64,valinhos
6996,computers_accessories,320.6,mogi mirim
6997,computers_accessories,320.36,cururupu
6998,sports_leisure,320.35,camacari
6999,baby,320.19,santa maria
7000,baby,320.19,taubate
7001,audio,320.1,maceio
7002,consoles_games,320.0,biritiba-mirim
7003,small_appliances,320.0,governador valadares
7004,home_construction,320.0,cotia
7005,kitchen_dining_laundry_garden_furniture,320.0,birigui
7006,construction_tools_lights,320.0,mairinque
7007,fashion_bags_accessories,320.0,pirapora
7008,furniture_living_room,319.99,feira de santana
7009,telephony,319.99,adamantina
7010,luggage_accessories,319.99,campina grande
7011,auto,319.99,macatuba
7012,construction_tools_construction,319.99,ivoti
7013,construction_tools_construction,319.99,brejo santo
7014,construction_tools_construction,319.99,jaboatao dos guararapes
7015,cool_stuff,319.98,ipaussu
7016,small_appliances,319.98,sao paulo das missoes
7017,office_furniture,319.96,mamanguape
7018,office_furniture,319.96,tubarao
7019,office_furniture,319.9,jordania
7020,perfumery,319.9,junqueiropolis
7021,office_furniture,319.9,riolandia
7022,watches_gifts,319.9,jequie
7023,signaling_and_security,319.9,salvador
7024,home_confort,319.9,blumenau
7025,home_confort,319.9,osasco
7026,watches_gifts,319.9,itaitinga
7027,watches_gifts,319.9,caibate
7028,perfumery,319.9,cachoeiras de macacu
7029,toys,319.9,rio negro
7030,furniture_decor,319.9,rolante
7031,office_furniture,319.9,sao miguel do oeste
7032,toys,319.89,miracema
7033,sports_leisure,319.89,papanduva
7034,furniture_living_room,319.89,sao jose do rio preto
7035,cool_stuff,319.89,guabiruba
7036,sports_leisure,319.89,presidente getulio
7037,cool_stuff,319.89,visconde do rio branco
7038,pet_shop,319.88,cacador
7039,bed_bath_table,319.86,matias barbosa
7040,bed_bath_table,319.84000000000003,dores do indaia
7041,luggage_accessories,319.8,mirassol
7042,stationery,319.8,aruja
7043,bed_bath_table,319.8,aluminio
7044,sports_leisure,319.8,canela
7045,auto,319.8,itumbiara
7046,sports_leisure,319.8,aracoiaba da serra
7047,home_appliances_2,319.8,campina da lagoa
7048,luggage_accessories,319.79999999999995,joao pessoa
7049,auto,319.72,resende
7050,bed_bath_table,319.70000000000005,rubiataba
7051,toys,319.70000000000005,ouro fino
7052,pet_shop,319.70000000000005,itu
7053,housewares,319.69,redentora
7054,housewares,319.6,lorena
7055,construction_tools_construction,319.5,santa rita de caldas
7056,stationery,319.5,itauna
7057,sports_leisure,319.49,rolandia
7058,art,319.04,volta redonda
7059,health_beauty,319.01,cajamar
7060,watches_gifts,319.0,peruibe
7061,auto,319.0,schroeder
7062,small_appliances,319.0,canoinhas
7063,luggage_accessories,319.0,capela do alto
7064,perfumery,319.0,aracoiaba
7065,perfumery,319.0,castilho
7066,consoles_games,319.0,capivari
7067,construction_tools_construction,318.99,montes claros
7068,cool_stuff,318.99,altamira
7069,home_construction,318.99,buriticupu
7070,auto,318.98,pedrinopolis
7071,auto,318.98,parauna
7072,,318.9,nilopolis
7073,market_place,318.89,porto alegre
7074,cool_stuff,318.88,itapecerica da serra
7075,office_furniture,318.87,caieiras
7076,watches_gifts,318.8,fronteira
7077,housewares,318.70000000000005,socorro
7078,housewares,318.7,sao pedro da aldeia
7079,kitchen_dining_laundry_garden_furniture,318.69,piracicaba
7080,sports_leisure,318.69,colatina
7081,stationery,318.6,itapecerica da serra
7082,garden_tools,318.6,teutonia
7083,garden_tools,318.6,novo hamburgo
7084,health_beauty,318.4,sao miguel do oeste
7085,toys,318.15,itajai
7086,perfumery,318.14,caldas novas
7087,electronics,318.02000000000004,campo grande
7088,toys,318.0,ourinhos
7089,sports_leisure,318.0,lucelia
7090,pet_shop,317.98,rio grande da serra
7091,construction_tools_construction,317.9,santa maria
7092,perfumery,317.9,assis
7093,sports_leisure,317.9,rio das pedras
7094,watches_gifts,317.9,sao roque
7095,perfumery,317.89,caieiras
7096,cool_stuff,317.88,tatui
7097,auto,317.8,patos de minas
7098,baby,317.8,pinhalzinho
7099,fashion_bags_accessories,317.69000000000005,taboao da serra
7100,party_supplies,317.6,curitiba
7101,housewares,317.45,jordania
7102,furniture_decor,317.24,montanha
7103,sports_leisure,317.0,saloa
7104,health_beauty,317.0,guanhaes
7105,sports_leisure,317.0,goianapolis
7106,telephony,316.99,laranjal
7107,office_furniture,316.98,criciuma
7108,stationery,316.9,caruaru
7109,bed_bath_table,316.88,paranagua
7110,health_beauty,316.87,arraial do cabo
7111,garden_tools,316.8,criciuma
7112,computers_accessories,316.39,pirassununga
7113,,316.2,resende
7114,baby,316.13,mesquita
7115,home_construction,316.05,valentim gentil
7116,telephony,315.99,itanhaem
7117,luggage_accessories,315.8,ribeirao preto
7118,perfumery,315.76,itapira
7119,bed_bath_table,315.64000000000004,pirapora
7120,,315.54,monte azul paulista
7121,health_beauty,315.53,itapeva
7122,sports_leisure,315.5,buenopolis
7123,furniture_decor,315.39,tunapolis
7124,health_beauty,315.11,brumadinho
7125,telephony,315.0,ibiruba
7126,industry_commerce_and_business,315.0,santa tereza do oeste
7127,auto,315.0,conceicao do mato dentro
7128,bed_bath_table,315.0,sao francisco
7129,books_technical,315.0,caxias do sul
7130,musical_instruments,315.0,itapira
7131,construction_tools_lights,315.0,sao joao del rei
7132,pet_shop,314.9,vila velha
7133,toys,314.9,pitangui
7134,watches_gifts,314.9,iguatu
7135,sports_leisure,314.9,lagoa dourada
7136,watches_gifts,314.89,barreiras
7137,,314.76,canoas
7138,bed_bath_table,314.7,caconde
7139,bed_bath_table,314.59000000000003,aguas lindas de goias
7140,telephony,314.39,passo fundo
7141,cool_stuff,314.0,santana
7142,auto,313.95,ituverava
7143,telephony,313.94,santa luzia
7144,perfumery,313.9,nova brasilandia d'oeste
7145,electronics,313.68,palhoca
7146,electronics,313.6600000000001,maceio
7147,sports_leisure,313.28000000000003,porto seguro
7148,computers_accessories,313.09999999999997,itaporanga
7149,telephony,312.99,olho d'agua das cunhas
7150,health_beauty,312.98,tiete
7151,housewares,312.9,videira
7152,housewares,312.89,assai
7153,cool_stuff,312.88,torres
7154,home_appliances,311.95000000000005,serra
7155,baby,311.92,cubatao
7156,,311.89,balneario camboriu
7157,housewares,311.87,campo bom
7158,perfumery,311.70000000000005,jales
7159,construction_tools_construction,311.70000000000005,aracatuba
7160,toys,311.69,porto ferreira
7161,auto,311.45,igarassu
7162,computers_accessories,311.40000000000003,andira
7163,baby,311.3,ipatinga
7164,home_construction,311.25,cabedelo
7165,christmas_supplies,311.2,brasilia
7166,market_place,311.0,marica
7167,bed_bath_table,310.9,leopoldina
7168,art,310.88,carapicuiba
7169,luggage_accessories,310.79999999999995,lages
7170,food_drink,310.79,brasilia
7171,signaling_and_security,310.79,pelotas
7172,pet_shop,310.78999999999996,maringa
7173,food,310.78,santos
7174,bed_bath_table,310.6,pitangueiras
7175,home_comfort_2,310.29,sao paulo
7176,auto,310.0,pinheiro machado
7177,furniture_decor,310.0,armacao dos buzios
7178,telephony,310.0,sinop
7179,perfumery,310.0,tres pontas
7180,auto,310.0,papucaia
7181,construction_tools_construction,310.0,nova serrana
7182,pet_shop,309.99,extrema
7183,telephony,309.99,acarau
7184,office_furniture,309.93,parnamirim
7185,sports_leisure,309.9,pedreira
7186,bed_bath_table,309.9,morrinhos
7187,perfumery,309.9,sao pedro da agua branca
7188,perfumery,309.9,registro
7189,perfumery,309.9,monte siao
7190,watches_gifts,309.9,caceres
7191,watches_gifts,309.9,ipanema
7192,perfumery,309.9,munhoz de melo
7193,telephony,309.9,santa juliana
7194,furniture_decor,309.9,santa fe
7195,luggage_accessories,309.89,blumenau
7196,office_furniture,309.89,marialva
7197,art,309.88,piracicaba
7198,consoles_games,309.88,barbacena
7199,furniture_living_room,309.8,ribeirao preto
7200,baby,309.79,chapeco
7201,computers_accessories,309.78999999999996,artur nogueira
7202,bed_bath_table,309.78000000000003,ituiutaba
7203,sports_leisure,309.70000000000005,congonhas
7204,luggage_accessories,309.70000000000005,santa barbara d'oeste
7205,bed_bath_table,309.70000000000005,entre-ijuis
7206,auto,309.7,valinhos
7207,art,309.58,goiania
7208,watches_gifts,309.55,aracruz
7209,housewares,309.5,bage
7210,pet_shop,309.5,guaira
7211,furniture_decor,309.40999999999997,uba
7212,cool_stuff,309.39,primavera
7213,costruction_tools_tools,309.0,patos
7214,sports_leisure,309.0,paracuru
7215,costruction_tools_tools,309.0,santana do livramento
7216,auto,309.0,glicerio
7217,costruction_tools_tools,309.0,lavras do sul
7218,baby,308.99,cacador
7219,sports_leisure,308.99,taruma
7220,sports_leisure,308.96000000000004,rio do sul
7221,luggage_accessories,308.88,sao carlos
7222,home_construction,308.85,amparo
7223,electronics,308.83,macae
7224,home_confort,308.8,atibaia
7225,bed_bath_table,308.8,tijucas
7226,health_beauty,308.78,dois vizinhos
7227,watches_gifts,308.46,dracena
7228,stationery,308.0,barbacena
7229,,307.99,joao pinheiro
7230,small_appliances,307.98,betim
7231,office_furniture,307.96,areias
7232,watches_gifts,307.9,patrocinio
7233,,307.89,aracruz
7234,auto,307.86,rio das ostras
7235,garden_tools,307.8,sinop
7236,health_beauty,307.77,cicero dantas
7237,furniture_decor,307.6,itajuipe
7238,furniture_decor,307.55,queimados
7239,pet_shop,307.5,navegantes
7240,watches_gifts,307.4,jandira
7241,garden_tools,307.3,tupaciguara
7242,bed_bath_table,307.1,coronel vivida
7243,auto,307.0,crixas
7244,stationery,306.9,bento goncalves
7245,computers_accessories,306.9,bariri
7246,tablets_printing_image,306.89,belem
7247,furniture_decor,306.8,juazeiro
7248,perfumery,306.79,tres coracoes
7249,garden_tools,306.75,mage
7250,furniture_decor,306.69000000000005,mesquita
7251,health_beauty,306.68999999999994,paracatu
7252,sports_leisure,306.47,inhapim
7253,watches_gifts,306.0,barra do pirai
7254,industry_commerce_and_business,305.9,goiania
7255,auto,305.9,baixo guandu
7256,home_confort,305.9,paulinia
7257,bed_bath_table,305.9,iracemapolis
7258,,305.88,joinville
7259,furniture_decor,305.8,coroata
7260,housewares,305.77,matao
7261,,305.75,jaragua do sul
7262,garden_tools,305.7,vinhedo
7263,computers_accessories,305.62,sao sebastiao do paraiso
7264,auto,305.55,itaguai
7265,perfumery,305.33,itaquaquecetuba
7266,cool_stuff,305.28,caputira
7267,furniture_decor,305.20000000000005,aracruz
7268,electronics,305.03,americana
7269,health_beauty,305.0,porto uniao
7270,telephony,304.99,teotonio vilela
7271,cool_stuff,304.97,tubarao
7272,home_construction,304.9,fortaleza
7273,computers_accessories,304.9,registro
7274,baby,304.9,rio paranaiba
7275,sports_leisure,304.9,crato
7276,furniture_decor,304.9,itaguai
7277,bed_bath_table,304.88,juquitiba
7278,toys,304.84999999999997,taquaritinga
7279,computers_accessories,304.8,girua
7280,pet_shop,304.79999999999995,blumenau
7281,telephony,304.78000000000003,macapa
7282,garden_tools,304.78,uruacu
7283,toys,304.59000000000003,mossoro
7284,toys,304.0,viradouro
7285,furniture_decor,304.0,carlos barbosa
7286,watches_gifts,304.0,rubiataba
7287,health_beauty,304.0,itaporanga
7288,housewares,303.99,arapongas
7289,telephony,303.98,potiragua
7290,toys,303.93,jaragua do sul
7291,stationery,303.9,itupeva
7292,luggage_accessories,303.89,criciuma
7293,perfumery,303.88,rio branco
7294,sports_leisure,303.88,gurupi
7295,luggage_accessories,303.79999999999995,piracaia
7296,housewares,303.77,cordeiropolis
7297,garden_tools,303.5,pindamonhangaba
7298,home_appliances,303.45,macaiba
7299,sports_leisure,303.43,pitangueiras
7300,pet_shop,303.33,sao sebastiao
7301,perfumery,302.98,concordia
7302,perfumery,302.88,catalao
7303,luggage_accessories,302.8,chapeco
7304,baby,302.8,canoinhas
7305,bed_bath_table,302.8,sao pedro da aldeia
7306,furniture_decor,302.69,hortolandia
7307,bed_bath_table,302.61,muriae
7308,sports_leisure,302.29,arapongas
7309,health_beauty,302.09,cerquilho
7310,fashion_bags_accessories,302.0,marechal candido rondon
7311,watches_gifts,302.0,taua
7312,furniture_decor,301.99,santa rosa
7313,cool_stuff,301.98,quatro barras
7314,office_furniture,301.98,sertaozinho
7315,sports_leisure,301.9,monte alto
7316,health_beauty,301.88,penedo
7317,pet_shop,301.8,sao jose
7318,perfumery,301.79,parauapebas
7319,furniture_decor,301.70000000000005,nova serrana
7320,drinks,301.48,guarulhos
7321,sports_leisure,301.04,campo limpo paulista
7322,watches_gifts,301.0,iguaba grande
7323,watches_gifts,301.0,viseu
7324,musical_instruments,301.0,sete lagoas
7325,musical_instruments,301.0,medianeira
7326,watches_gifts,300.9,catalao
7327,health_beauty,300.88,jales
7328,sports_leisure,300.8,carmo do cajuru
7329,pet_shop,300.17,marica
7330,perfumery,300.12,niquelandia
7331,furniture_decor,300.0,parati
7332,computers_accessories,300.0,penedo
7333,baby,300.0,linhares
7334,home_construction,300.0,manhumirim
7335,furniture_decor,299.99,crato
7336,construction_tools_construction,299.99,colniza
7337,bed_bath_table,299.99,serra negra
7338,toys,299.99,crato
7339,construction_tools_construction,299.99,cananeia
7340,audio,299.99,registro
7341,musical_instruments,299.99,cacapava
7342,construction_tools_construction,299.99,uniao da vitoria
7343,toys,299.99,ipameri
7344,construction_tools_construction,299.99,juquitiba
7345,toys,299.99,venda nova do imigrante
7346,fashion_bags_accessories,299.99,maristela
7347,construction_tools_construction,299.99,ribeirao das neves
7348,fashion_bags_accessories,299.99,varzea da palma
7349,toys,299.99,tatui
7350,toys,299.99,werneck
7351,toys,299.99,coronel joao sa
7352,health_beauty,299.99,camboriu
7353,toys,299.99,aripuana
7354,watches_gifts,299.99,centro novo do maranhao
7355,telephony,299.99,pocao
7356,telephony,299.99,alcobaca
7357,cool_stuff,299.99,tailandia
7358,,299.99,maceio
7359,construction_tools_construction,299.99,sumare
7360,art,299.99,campo limpo paulista
7361,toys,299.99,pinhao
7362,furniture_decor,299.99,barra da estiva
7363,toys,299.99,santa isabel do para
7364,toys,299.99,campo mourao
7365,telephony,299.99,senhor do bonfim
7366,office_furniture,299.98,camocim
7367,toys,299.98,terra roxa
7368,garden_tools,299.98,erechim
7369,construction_tools_safety,299.98,confresa
7370,office_furniture,299.96000000000004,marica
7371,toys,299.9,condado
7372,toys,299.9,jose bonifacio
7373,,299.9,brazopolis
7374,luggage_accessories,299.9,ibate
7375,musical_instruments,299.9,natal
7376,housewares,299.9,vila valerio
7377,luggage_accessories,299.9,nova mamore
7378,furniture_decor,299.9,sapucaia
7379,luggage_accessories,299.9,pato branco
7380,small_appliances,299.9,nova trento
7381,luggage_accessories,299.9,almino afonso
7382,electronics,299.9,campo novo
7383,office_furniture,299.9,candeias
7384,health_beauty,299.9,dona euzebia
7385,office_furniture,299.9,lagoa formosa
7386,garden_tools,299.9,chui
7387,health_beauty,299.9,alto caparao
7388,small_appliances,299.9,salto
7389,pet_shop,299.9,tangara da serra
7390,furniture_decor,299.9,sombrio
7391,health_beauty,299.9,arapei
7392,air_conditioning,299.9,santa vitoria do palmar
7393,,299.9,limeira do oeste
7394,bed_bath_table,299.9,sao felipe
7395,small_appliances,299.9,santana de parnaiba
7396,construction_tools_construction,299.9,pelotas
7397,watches_gifts,299.9,sao tiago
7398,luggage_accessories,299.9,farroupilha
7399,furniture_decor,299.9,marau
7400,luggage_accessories,299.9,itapira
7401,auto,299.9,viana
7402,watches_gifts,299.9,quixeramobim
7403,watches_gifts,299.9,castro
7404,musical_instruments,299.9,jaguarao
7405,furniture_decor,299.9,ruy barbosa
7406,toys,299.9,dracena
7407,toys,299.89,tres pontas
7408,bed_bath_table,299.89,floriano
7409,toys,299.89,formosa
7410,watches_gifts,299.89,paicandu
7411,computers_accessories,299.89,piumhii
7412,luggage_accessories,299.88,tatui
7413,health_beauty,299.88,aracruz
7414,air_conditioning,299.87,estiva gerbi
7415,bed_bath_table,299.8,itamarandiba
7416,luggage_accessories,299.8,itapetininga
7417,luggage_accessories,299.8,itajuba
7418,sports_leisure,299.8,bacabal
7419,auto,299.8,santana do paraiso
7420,air_conditioning,299.8,limeira
7421,signaling_and_security,299.8,florianopolis
7422,bed_bath_table,299.8,aperibe
7423,computers_accessories,299.8,livramento de nossa senhora
7424,bed_bath_table,299.8,mantena
7425,garden_tools,299.8,varzea paulista
7426,bed_bath_table,299.8,matipo
7427,garden_tools,299.79,itabaiana
7428,health_beauty,299.70000000000005,arcos
7429,bed_bath_table,299.70000000000005,imbituba
7430,health_beauty,299.70000000000005,arneiroz
7431,housewares,299.7,viamao
7432,,299.69,angra dos reis
7433,garden_tools,299.5,capanema
7434,garden_tools,299.5,sao gotardo
7435,auto,299.5,aruja
7436,cool_stuff,299.48,araucaria
7437,home_confort,299.0,bom jesus dos perdoes
7438,small_appliances,299.0,lagoinha
7439,health_beauty,299.0,lontras
7440,computers_accessories,299.0,junqueiropolis
7441,health_beauty,299.0,santo antonio de posse
7442,garden_tools,299.0,itaobim
7443,construction_tools_construction,299.0,bodoquena
7444,sports_leisure,299.0,paraiba do sul
7445,watches_gifts,299.0,itarana
7446,office_furniture,299.0,pimenta bueno
7447,home_confort,299.0,porto feliz
7448,home_confort,299.0,criciuma
7449,fixed_telephony,299.0,iguatu
7450,home_confort,299.0,taquara
7451,home_confort,299.0,mairipora
7452,small_appliances,299.0,jeremoabo
7453,telephony,299.0,iguai
7454,cool_stuff,299.0,sao pedro
7455,telephony,299.0,janauba
7456,furniture_decor,299.0,fraiburgo
7457,auto,299.0,catanduvas
7458,home_confort,299.0,nova friburgo
7459,music,299.0,porto alegre
7460,toys,299.0,tejupa
7461,baby,299.0,lages
7462,small_appliances,299.0,cruzeiro
7463,kitchen_dining_laundry_garden_furniture,299.0,suzano
7464,small_appliances,299.0,cascavel
7465,furniture_decor,299.0,corumba
7466,fashion_bags_accessories,299.0,alto parana
7467,home_confort,299.0,sao jose do rio pardo
7468,furniture_decor,299.0,porto rico
7469,telephony,299.0,dracena
7470,furniture_decor,299.0,seara
7471,watches_gifts,299.0,piracanjuba
7472,auto,298.99,embu-guacu
7473,consoles_games,298.99,mogi mirim
7474,computers_accessories,298.99,mandaguari
7475,sports_leisure,298.98,vitoria de santo antao
7476,sports_leisure,298.9,santa gertrudes
7477,toys,298.9,vitoria de santo antao
7478,auto,298.9,balneario camboriu
7479,luggage_accessories,298.89,santa gertrudes
7480,home_confort,298.8,sao goncalo
7481,garden_tools,298.8,sao sebastiao do paraiso
7482,food,298.76,porto alegre
7483,toys,298.7,dourados
7484,garden_tools,298.7,valenca
7485,food,298.6,mogi mirim
7486,fashion_bags_accessories,298.5,uniao da vitoria
7487,consoles_games,298.5,florai
7488,auto,298.33,parnamirim
7489,housewares,298.29,ituiutaba
7490,garden_tools,298.17999999999995,borborema
7491,computers_accessories,298.11,unai
7492,perfumery,298.1,lins
7493,construction_tools_construction,298.0,pirapora
7494,bed_bath_table,298.0,mata de sao joao
7495,construction_tools_construction,298.0,paraty
7496,musical_instruments,298.0,eldorado do sul
7497,computers_accessories,298.0,presidente dutra
7498,bed_bath_table,298.0,senador cortes
7499,home_confort,298.0,americana
7500,sports_leisure,298.0,aluminio
7501,audio,298.0,mogi das cruzes
7502,telephony,298.0,iguatu
7503,construction_tools_construction,298.0,caraguatatuba
7504,watches_gifts,297.99,barra velha
7505,health_beauty,297.9,jaragua do sul
7506,stationery,297.9,caucaia
7507,air_conditioning,297.9,osasco
7508,bed_bath_table,297.9,ibate
7509,furniture_decor,297.9,campina grande
7510,furniture_decor,297.9,varzea paulista
7511,sports_leisure,297.89,uba
7512,health_beauty,297.88,toledo
7513,garden_tools,297.8,alagoinhas
7514,garden_tools,297.75,cruzeiro
7515,telephony,297.36,rio verde
7516,furniture_decor,297.35,leme
7517,housewares,297.2,armacao dos buzios
7518,electronics,297.05,limeira
7519,electronics,297.04,itaquaquecetuba
7520,construction_tools_lights,297.0,teresina
7521,construction_tools_lights,297.0,mogi das cruzes
7522,cool_stuff,297.0,corumba
7523,cool_stuff,296.98,pereira barreto
7524,office_furniture,296.90999999999997,guacui
7525,watches_gifts,296.9,coronel fabriciano
7526,telephony,296.79,marilia
7527,books_general_interest,296.6,mogi das cruzes
7528,consoles_games,296.5,novo hamburgo
7529,cool_stuff,296.39,sao joao da boa vista
7530,,296.33,ilheus
7531,watches_gifts,296.0,cruzeiro
7532,home_construction,296.0,pires do rio
7533,home_construction,296.0,gilbues
7534,housewares,295.98,passos
7535,furniture_decor,295.98,goianesia
7536,baby,295.8,foz do iguacu
7537,garden_tools,295.8,peruibe
7538,luggage_accessories,295.79999999999995,pouso alegre
7539,stationery,295.5,boituva
7540,telephony,295.41999999999996,sao sebastiao
7541,auto,295.4,aracatuba
7542,health_beauty,295.37,sao jose dos pinhais
7543,baby,295.22,santo anastacio
7544,construction_tools_construction,295.22,varginha
7545,furniture_decor,295.0,navirai
7546,auto,295.0,santa maria do suacui
7547,fashion_bags_accessories,295.0,nova mamore
7548,auto,295.0,sao miguel do tapuio
7549,auto,295.0,canhotinho
7550,garden_tools,295.0,jequie
7551,fashion_bags_accessories,295.0,piracanjuba
7552,housewares,295.0,teodoro sampaio
7553,cool_stuff,294.99,pato branco
7554,luggage_accessories,294.99,salgueiro
7555,office_furniture,294.93,sao vicente
7556,watches_gifts,294.9,panambi
7557,baby,294.9,maceio
7558,fashion_shoes,294.9,jatai
7559,health_beauty,294.87,catalao
7560,furniture_decor,294.8,campo mourao
7561,luggage_accessories,294.70000000000005,bauru
7562,garden_tools,294.6,trindade
7563,health_beauty,294.44000000000005,carlos barbosa
7564,cool_stuff,294.39,valinhos
7565,electronics,294.0,betim
7566,furniture_decor,294.0,pederneiras
7567,watches_gifts,294.0,sao goncalo do amarante
7568,watches_gifts,293.99,caxias
7569,watches_gifts,293.99,vespasiano
7570,toys,293.96999999999997,sapucaia
7571,musical_instruments,293.9,macapa
7572,home_construction,293.9,petropolis
7573,cool_stuff,293.9,marituba
7574,computers_accessories,293.8,itapira
7575,toys,293.8,nova serrana
7576,furniture_decor,293.3,peruibe
7577,stationery,293.28000000000003,ourinhos
7578,furniture_bedroom,293.28,curitiba
7579,perfumery,292.99,santa luzia
7580,electronics,292.99,machado
7581,furniture_decor,292.95000000000005,alto boa vista
7582,perfumery,292.9,sao simao
7583,perfumery,292.9,hidrolandia
7584,perfumery,292.9,pote
7585,telephony,292.88,uruguaiana
7586,perfumery,292.79999999999995,sapiranga
7587,electronics,292.5,praia grande
7588,bed_bath_table,292.37,pauliceia
7589,drinks,292.37,brasilia
7590,consoles_games,292.2,ourinhos
7591,food_drink,292.15999999999997,niteroi
7592,auto,292.05999999999995,herval d'oeste
7593,auto,292.0,lagoa santa
7594,computers_accessories,291.99,guaratuba
7595,sports_leisure,291.98,eunapolis
7596,auto,291.9,louveira
7597,office_furniture,291.89,aracatuba
7598,food_drink,291.86,fortaleza
7599,telephony,291.8,santa maria
7600,bed_bath_table,291.8,prata
7601,cool_stuff,291.79999999999995,pindamonhangaba
7602,perfumery,291.79,ananindeua
7603,watches_gifts,291.0,pedra preta
7604,watches_gifts,291.0,cambui
7605,furniture_decor,290.98,tremembe
7606,cool_stuff,290.9,vacaria
7607,cool_stuff,290.88,rio das ostras
7608,pet_shop,290.8,buritis
7609,auto,290.54,feliz
7610,books_general_interest,290.49,contagem
7611,perfumery,290.28,jaguariaiva
7612,sports_leisure,290.0,aguas frias
7613,watches_gifts,290.0,sao pedro da aldeia
7614,baby,290.0,caceres
7615,baby,290.0,correia pinto
7616,fixed_telephony,290.0,coromandel
7617,auto,290.0,casimiro de abreu
7618,furniture_decor,290.0,pirai
7619,furniture_decor,289.99,bom despacho
7620,perfumery,289.99,ita
7621,cool_stuff,289.99,pimenta bueno
7622,computers_accessories,289.99,missal
7623,construction_tools_lights,289.99,juiz de fora
7624,construction_tools_safety,289.98,pomerode
7625,construction_tools_construction,289.98,agua doce
7626,computers_accessories,289.98,alcinopolis
7627,construction_tools_safety,289.98,votuporanga
7628,office_furniture,289.93,sao roque
7629,office_furniture,289.92,colatina
7630,sports_leisure,289.9,jequie
7631,market_place,289.9,caxias do sul
7632,perfumery,289.9,passo fundo
7633,stationery,289.9,jaiba
7634,market_place,289.9,petropolis
7635,luggage_accessories,289.9,viradouro
7636,stationery,289.9,nova odessa
7637,office_furniture,289.9,pirassununga
7638,stationery,289.9,mirassol d'oeste
7639,computers_accessories,289.9,entre rios de minas
7640,fashion_bags_accessories,289.9,carius
7641,sports_leisure,289.9,ituverava
7642,perfumery,289.9,pedro ii
7643,stationery,289.9,diamante d'oeste
7644,fashion_bags_accessories,289.9,santana do araguaia
7645,luggage_accessories,289.9,sao caetano do sul
7646,office_furniture,289.9,boa vista
7647,,289.9,barra bonita
7648,electronics,289.9,sao carlos
7649,sports_leisure,289.89,rio negrinho
7650,toys,289.88,bela vista de goias
7651,cool_stuff,289.88,guaiba
7652,baby,289.8,maraba
7653,toys,289.79,umuarama
7654,pet_shop,289.78999999999996,limeira
7655,home_confort,289.70000000000005,jacarei
7656,computers_accessories,289.7,nova granada
7657,housewares,289.69,patrocinio
7658,books_general_interest,289.6,santa cruz do rio pardo
7659,cool_stuff,289.5,inaja
7660,arts_and_craftmanship,289.49,brusque
7661,baby,289.38,lins
7662,garden_tools,289.0,serrinha
7663,home_confort,289.0,petrolina
7664,telephony,289.0,pirambu
7665,construction_tools_construction,289.0,mairipora
7666,telephony,289.0,taboquinhas
7667,telephony,289.0,sao miguel do iguacu
7668,telephony,289.0,cajari
7669,cool_stuff,289.0,cianorte
7670,furniture_decor,289.0,caucaia
7671,sports_leisure,289.0,carmo
7672,pet_shop,289.0,palhoca
7673,industry_commerce_and_business,289.0,penapolis
7674,office_furniture,289.0,cabo de santo agostinho
7675,housewares,289.0,jaguare
7676,computers_accessories,289.0,mallet
7677,luggage_accessories,289.0,telemaco borba
7678,telephony,289.0,sao jose do campestre
7679,garden_tools,289.0,carangola
7680,pet_shop,289.0,canoas
7681,baby,289.0,janauba
7682,telephony,289.0,taquaracu de minas
7683,computers_accessories,289.0,jesuitas
7684,kitchen_dining_laundry_garden_furniture,289.0,sao joao del rei
7685,agro_industry_and_commerce,288.99,teresina
7686,telephony,288.94,nova serrana
7687,bed_bath_table,288.9,imperatriz
7688,computers_accessories,288.9,linhares
7689,sports_leisure,288.9,campos belos
7690,books_general_interest,288.9,cabo frio
7691,watches_gifts,288.9,varre-sai
7692,telephony,288.89,patrocinio
7693,office_furniture,288.89,maua
7694,stationery,288.88,ponta grossa
7695,bed_bath_table,288.87,araucaria
7696,computers_accessories,288.82,nova bandeirantes
7697,toys,288.8,eusebio
7698,sports_leisure,288.75,colinas do tocantins
7699,telephony,288.70000000000005,sumare
7700,sports_leisure,288.7,rio branco do sul
7701,housewares,288.68,barreiras
7702,luggage_accessories,288.66,mata grande
7703,auto,288.33,capao bonito
7704,watches_gifts,288.0,curvelo
7705,musical_instruments,288.0,ilheus
7706,health_beauty,288.0,satuba
7707,computers_accessories,288.0,iturama
7708,stationery,288.0,barra do pirai
7709,perfumery,288.0,candiota
7710,electronics,287.99,ubatuba
7711,auto,287.89,paicandu
7712,garden_tools,287.89,sumidouro
7713,pet_shop,287.88,cariacica
7714,computers_accessories,287.8,armacao dos buzios
7715,housewares,287.78,cerquilho
7716,health_beauty,287.7,sao goncalo do amarante
7717,housewares,287.63,tupa
7718,health_beauty,287.0,barra de santo antonio
7719,stationery,287.0,mairipora
7720,stationery,287.0,lucas do rio verde
7721,furniture_bedroom,287.0,canoinhas
7722,furniture_bedroom,287.0,florianopolis
7723,,286.99,ilhabela
7724,bed_bath_table,286.9,sinop
7725,furniture_decor,286.9,sao joao del rei
7726,fashion_bags_accessories,286.9,maringa
7727,stationery,286.9,curvelo
7728,garden_tools,286.9,almenara
7729,office_furniture,286.84000000000003,sete lagoas
7730,housewares,286.8,sao jose do egito
7731,furniture_decor,286.7,campo limpo paulista
7732,garden_tools,286.65,medeiros neto
7733,party_supplies,286.38,sao paulo
7734,office_furniture,286.0,sapucaia do sul
7735,toys,285.97,imperatriz
7736,office_furniture,285.93,mairipora
7737,consoles_games,285.9,tres de maio
7738,stationery,285.89,bage
7739,cool_stuff,285.88,jatai
7740,telephony,285.82,joinville
7741,kitchen_dining_laundry_garden_furniture,285.8,maua
7742,construction_tools_safety,285.8,itumbiara
7743,auto,285.79,rondonopolis
7744,furniture_decor,285.7,sao mateus
7745,toys,285.68,passos
7746,housewares,285.62,gravatai
7747,consoles_games,285.37,rondon do para
7748,auto,285.20000000000005,araguari
7749,sports_leisure,285.2,perdoes
7750,construction_tools_safety,285.0,campina grande
7751,auto,285.0,joao lisboa
7752,watches_gifts,285.0,tangara da serra
7753,christmas_supplies,285.0,benedito novo
7754,drinks,284.99,vitoria
7755,perfumery,284.99,casimiro de abreu
7756,perfumery,284.99,eunapolis
7757,sports_leisure,284.99,canoinhas
7758,cool_stuff,284.98,camboriu
7759,toys,284.98,guarapari
7760,toys,284.96999999999997,mineiros
7761,furniture_decor,284.9,cruz
7762,perfumery,284.9,encantado
7763,furniture_decor,284.9,dias d'avila
7764,,284.9,jequitinhonha
7765,furniture_decor,284.9,esperantinopolis
7766,bed_bath_table,284.9,cruzeiro do oeste
7767,bed_bath_table,284.9,jatai
7768,auto,284.88,parauapebas
7769,auto,284.79,patrocinio
7770,costruction_tools_tools,284.79,barra mansa
7771,fashion_male_clothing,284.79,curitiba
7772,stationery,284.70000000000005,cascavel
7773,telephony,284.61,balneario picarras
7774,housewares,284.58,erechim
7775,home_construction,284.3,sao leopoldo
7776,sports_leisure,284.1,nova esperanca
7777,fashion_bags_accessories,284.09999999999997,luziania
7778,musical_instruments,284.0,sao jose do rio preto
7779,health_beauty,284.0,carnaubais
7780,health_beauty,284.0,conceicao do araguaia
7781,health_beauty,283.97,embu-guacu
7782,furniture_decor,283.9,boituva
7783,pet_shop,283.9,lagoa vermelha
7784,furniture_living_room,283.84000000000003,sao leopoldo
7785,electronics,283.8,itaperuna
7786,furniture_decor,283.78999999999996,marialva
7787,home_confort,283.70000000000005,diadema
7788,stationery,283.70000000000005,ribeirao das neves
7789,costruction_tools_garden,283.7,teresina
7790,health_beauty,283.37,aracariguama
7791,musical_instruments,283.02,leopoldo de bulhoes
7792,furniture_decor,282.99,mineiros
7793,office_furniture,282.95000000000005,sobral
7794,electronics,282.9,serafina correa
7795,pet_shop,282.89,sao joao de meriti
7796,housewares,282.64,saquarema
7797,pet_shop,282.5,capao bonito
7798,health_beauty,282.40000000000003,nova serrana
7799,auto,282.28,bom jesus do itabapoana
7800,watches_gifts,282.15,aguas lindas de goias
7801,construction_tools_construction,282.15,cotia
7802,computers_accessories,282.0,porto xavier
7803,construction_tools_construction,282.0,triunfo
7804,health_beauty,281.96999999999997,bonfinopolis
7805,,281.67,guaratingueta
7806,watches_gifts,281.6,conchal
7807,furniture_decor,281.56999999999994,guaxupe
7808,luggage_accessories,281.4,unai
7809,housewares,281.4,cajamar
7810,home_appliances,281.15,niteroi
7811,watches_gifts,281.0,salgueiro
7812,computers_accessories,280.99,navirai
7813,telephony,280.97,itajuba
7814,consoles_games,280.9,jacarei
7815,health_beauty,280.89,campo bom
7816,garden_tools,280.88,pouso alegre
7817,garden_tools,280.8,lorena
7818,computers_accessories,280.79999999999995,itapetinga
7819,telephony,280.79,contagem
7820,housewares,280.79,trindade
7821,housewares,280.78,venancio aires
7822,,280.76,concordia
7823,health_beauty,280.58000000000004,cedral
7824,,280.28,lagoa santa
7825,bed_bath_table,280.05,visconde do rio branco
7826,telephony,280.0,barra de santo antonio
7827,watches_gifts,280.0,capinzal do norte
7828,telephony,280.0,santo expedito
7829,christmas_supplies,280.0,maracai
7830,,280.0,novo hamburgo
7831,furniture_decor,280.0,guaracai
7832,housewares,280.0,porto velho
7833,la_cuisine,280.0,sao paulo
7834,,279.99,novo alegre
7835,pet_shop,279.99,barbacena
7836,sports_leisure,279.99,sao sebastiao do cai
7837,market_place,279.99,mimoso do sul
7838,toys,279.99,itamarandiba
7839,,279.99,cordeiro
7840,,279.99,arraial do cabo
7841,housewares,279.99,urania
7842,sports_leisure,279.99,morada nova de minas
7843,,279.99,caxias
7844,toys,279.99,conceicao do tocantins
7845,,279.99,campina grande do sul
7846,office_furniture,279.98,resende
7847,consoles_games,279.98,brotas
7848,health_beauty,279.98,rio maria
7849,fashion_childrens_clothes,279.97,sao paulo
7850,bed_bath_table,279.9,pindorama
7851,toys,279.9,paudalho
7852,telephony,279.9,francisco badaro
7853,toys,279.9,cacapava do sul
7854,construction_tools_lights,279.9,santos
7855,computers_accessories,279.9,mozarlandia
7856,furniture_decor,279.9,limoeiro do norte
7857,furniture_decor,279.9,jupi
7858,toys,279.9,bela vista
7859,cool_stuff,279.9,valenca
7860,stationery,279.9,coracao de maria
7861,office_furniture,279.9,sao sebastiao do paraiso
7862,watches_gifts,279.9,caraiba
7863,toys,279.9,americo de campos
7864,telephony,279.9,delmiro gouveia
7865,luggage_accessories,279.9,santa helena
7866,watches_gifts,279.9,aparecida
7867,perfumery,279.9,itaju
7868,health_beauty,279.89,bezerros
7869,furniture_decor,279.86,buritama
7870,baby,279.8,tres rios
7871,sports_leisure,279.8,lajeado
7872,watches_gifts,279.8,varzea grande
7873,furniture_decor,279.8,goioere
7874,office_furniture,279.8,paranagua
7875,bed_bath_table,279.78,olinda
7876,luggage_accessories,279.74,jundiai
7877,bed_bath_table,279.70000000000005,silveiras
7878,bed_bath_table,279.70000000000005,aguas vermelhas
7879,toys,279.70000000000005,juazeiro do norte
7880,home_construction,279.65,limeira
7881,watches_gifts,279.64,palmital
7882,,279.38,itapecerica da serra
7883,furniture_decor,279.2,sao pedro da aldeia
7884,perfumery,279.09999999999997,franca
7885,bed_bath_table,279.0,bandeira do sul
7886,garden_tools,279.0,itatinga
7887,baby,279.0,santa rita do passa quatro
7888,cool_stuff,279.0,engenheiro coelho
7889,luggage_accessories,279.0,pelotas
7890,garden_tools,279.0,paranhos
7891,computers_accessories,279.0,balneario rincao
7892,furniture_decor,279.0,candeias do jamari
7893,computers_accessories,279.0,caxias
7894,watches_gifts,279.0,aurora
7895,musical_instruments,279.0,senador canedo
7896,garden_tools,279.0,morada nova
7897,watches_gifts,278.99,cubatao
7898,garden_tools,278.99,muriae
7899,bed_bath_table,278.99,itueta
7900,cool_stuff,278.99,santa ines
7901,home_appliances,278.9,fortaleza
7902,stationery,278.9,itapeva
7903,computers_accessories,278.9,sao jose de ribamar
7904,furniture_bedroom,278.9,belo horizonte
7905,perfumery,278.9,sinop
7906,telephony,278.9,alvorada
7907,cool_stuff,278.9,turmalina
7908,audio,278.9,vila velha
7909,health_beauty,278.88,tijucas
7910,stationery,278.8,ananindeua
7911,drinks,278.8,nova serrana
7912,cool_stuff,278.8,pombal
7913,toys,278.8,itanhaem
7914,cool_stuff,278.8,marco
7915,garden_tools,278.79,casimiro de abreu
7916,books_technical,278.79,ouro
7917,watches_gifts,278.79,simao dias
7918,bed_bath_table,278.78999999999996,dias d'avila
7919,bed_bath_table,278.78000000000003,jose bonifacio
7920,musical_instruments,278.77,guaraciaba do norte
7921,pet_shop,278.69,mairipora
7922,luggage_accessories,278.69,votorantim
7923,consoles_games,278.53,uberaba
7924,auto,278.29,caraguatatuba
7925,home_construction,278.25,tapiratiba
7926,auto,278.16999999999996,eunapolis
7927,construction_tools_construction,278.0,santa vitoria do palmar
7928,auto,278.0,sao sebastiao do rio verde
7929,fixed_telephony,278.0,garca
7930,watches_gifts,278.0,ibiara
7931,auto,278.0,bertioga
7932,kitchen_dining_laundry_garden_furniture,278.0,mage
7933,sports_leisure,277.95,viradouro
7934,stationery,277.9,araruama
7935,cool_stuff,277.89,parauapebas
7936,fashion_male_clothing,277.8,jundiai
7937,fashion_bags_accessories,277.79,pelotas
7938,home_confort,277.70000000000005,sao bernardo do campo
7939,computers_accessories,277.69,brumado
7940,luggage_accessories,277.4,araguari
7941,computers_accessories,277.32,cidreira
7942,auto,276.99,jauru
7943,furniture_decor,276.6,valparaiso de goias
7944,watches_gifts,276.55,santa rita do araguaia
7945,consoles_games,276.14,rio branco
7946,fashion_bags_accessories,276.09000000000003,goiania
7947,computers_accessories,276.0,sao lourenco da serra
7948,bed_bath_table,276.0,rio novo do sul
7949,auto,275.99,rancharia
7950,health_beauty,275.91999999999996,alegrete
7951,baby,275.87,congonhas
7952,watches_gifts,275.8,itupeva
7953,auto,275.8,rio grande
7954,computers_accessories,275.8,araquari
7955,auto,275.8,santa rosa
7956,housewares,275.78999999999996,barra bonita
7957,home_appliances,275.72,guaxupe
7958,health_beauty,275.70000000000005,caete
7959,housewares,275.59000000000003,caruaru
7960,bed_bath_table,275.5,sao gabriel da palha
7961,health_beauty,275.5,laguna
7962,toys,275.28,franco da rocha
7963,auto,275.0,capela do alto
7964,telephony,274.99,cabo frio
7965,cool_stuff,274.98,paracatu
7966,cool_stuff,274.98,bom jesus
7967,market_place,274.96,recife
7968,books_technical,274.95,medianeira
7969,books_technical,274.95,tres coracoes
7970,office_furniture,274.93,leopoldina
7971,construction_tools_safety,274.92,angra dos reis
7972,computers_accessories,274.9,nossa senhora do socorro
7973,watches_gifts,274.9,cassilandia
7974,sports_leisure,274.9,teotonio vilela
7975,perfumery,274.9,barretos
7976,bed_bath_table,274.9,bananal
7977,construction_tools_construction,274.89,petropolis
7978,auto,274.89,viamao
7979,health_beauty,274.78,governador valadares
7980,luggage_accessories,274.70000000000005,paranagua
7981,furniture_living_room,274.68,sao bernardo do campo
7982,sports_leisure,274.5,cruzeiro
7983,bed_bath_table,274.39,ponta pora
7984,computers_accessories,274.21,sao goncalo do sapucai
7985,construction_tools_lights,274.0,palmas
7986,office_furniture,274.0,cunha pora
7987,office_furniture,273.98,veranopolis
7988,telephony,273.97,dourados
7989,health_beauty,273.9,cruz das almas
7990,luggage_accessories,273.9,franco da rocha
7991,stationery,273.9,tijucas
7992,housewares,273.9,vespasiano
7993,sports_leisure,273.9,itaborai
7994,health_beauty,273.89,quissama
7995,cool_stuff,273.89,cordeiropolis
7996,watches_gifts,273.8,agudos
7997,furniture_decor,273.8,quatro barras
7998,toys,273.70000000000005,vinhedo
7999,home_appliances,273.1,maringa
8000,sports_leisure,273.09000000000003,montenegro
8001,food_drink,273.02,nova iguacu
8002,construction_tools_construction,273.0,sao caetano do sul
8003,garden_tools,272.99,sao lourenco
8004,computers_accessories,272.94,mairipora
8005,market_place,272.89,sao joao del rei
8006,bed_bath_table,272.89,bom jesus do itabapoana
8007,toys,272.88,angra dos reis
8008,baby,272.88,sao roque
8009,health_beauty,272.8,pardinho
8010,computers_accessories,272.8,caete
8011,computers_accessories,272.8,juquitiba
8012,computers_accessories,272.8,fazenda rio grande
8013,perfumery,272.78999999999996,para de minas
8014,cool_stuff,272.70000000000005,chapadao do lageado
8015,furniture_decor,272.6,monte siao
8016,small_appliances,272.48,sorocaba
8017,flowers,272.09000000000003,sao paulo
8018,sports_leisure,272.0,sao jose do vale do rio preto
8019,computers_accessories,272.0,barreiras
8020,office_furniture,271.98,sao jose
8021,baby,271.89,marica
8022,pet_shop,271.87,maua
8023,furniture_decor,271.79,cacador
8024,furniture_living_room,271.69,cariacica
8025,telephony,271.67,vinhedo
8026,construction_tools_construction,271.15,sorocaba
8027,bed_bath_table,270.9,areado
8028,watches_gifts,270.9,magalhaes de almeida
8029,sports_leisure,270.89,areal
8030,furniture_decor,270.8,macapa
8031,signaling_and_security,270.8,jundiai
8032,construction_tools_construction,270.79,piracicaba
8033,cool_stuff,270.78,campo bom
8034,furniture_decor,270.6,conceicao da aparecida
8035,baby,270.4,passo fundo
8036,fashion_bags_accessories,270.0,marica
8037,watches_gifts,270.0,chapadao do ceu
8038,auto,270.0,vargem grande do rio pardo
8039,fashion_bags_accessories,270.0,guapimirim
8040,small_appliances,270.0,varzea paulista
8041,fashion_bags_accessories,270.0,teixeira de freitas
8042,toys,270.0,natividade
8043,sports_leisure,269.99,areiopolis
8044,sports_leisure,269.99,piraju
8045,watches_gifts,269.99,arraial d'ajuda
8046,furniture_living_room,269.99,caruaru
8047,home_appliances,269.99,sorriso
8048,sports_leisure,269.99,ibipitanga
8049,sports_leisure,269.99,casimiro de abreu
8050,computers_accessories,269.99,magda
8051,watches_gifts,269.99,cosmopolis
8052,home_appliances_2,269.99,pirassununga
8053,telephony,269.98,sao joao del rei
8054,furniture_living_room,269.97,uberaba
8055,office_furniture,269.94,sao joao de meriti
8056,health_beauty,269.93,indiara
8057,office_furniture,269.93,leme
8058,musical_instruments,269.9,chapada do norte
8059,telephony,269.9,petrolina
8060,cool_stuff,269.9,maraba
8061,agro_industry_and_commerce,269.9,sao goncalo
8062,perfumery,269.9,joao pinheiro
8063,toys,269.9,ipaumirim
8064,watches_gifts,269.9,garanhuns
8065,consoles_games,269.9,mangueirinha
8066,electronics,269.9,botucatu
8067,baby,269.9,sao lourenco
8068,toys,269.9,nova trento
8069,stationery,269.9,itambe
8070,toys,269.9,juti
8071,sports_leisure,269.9,seabra
8072,furniture_decor,269.9,igarape
8073,air_conditioning,269.9,fortaleza
8074,health_beauty,269.9,angical
8075,sports_leisure,269.9,osvaldo cruz
8076,health_beauty,269.9,livramento
8077,toys,269.89,araguari
8078,garden_tools,269.89,sao jose
8079,health_beauty,269.89,itamaraju
8080,luggage_accessories,269.88,hortolandia
8081,toys,269.87,sao jose do rio pardo
8082,furniture_decor,269.8,casimiro de abreu
8083,party_supplies,269.8,veranopolis
8084,toys,269.8,caratinga
8085,bed_bath_table,269.8,garca
8086,bed_bath_table,269.79,sao miguel do guapore
8087,home_construction,269.75,juazeiro do norte
8088,bed_bath_table,269.70000000000005,bom jardim
8089,bed_bath_table,269.70000000000005,altaneira
8090,home_construction,269.7,estiva gerbi
8091,garden_tools,269.6,embu das artes
8092,fashion_male_clothing,269.6,belo horizonte
8093,garden_tools,269.5,alto paraiso de goias
8094,bed_bath_table,269.1,conchal
8095,home_confort,269.0,penapolis
8096,cool_stuff,269.0,capim grosso
8097,furniture_decor,269.0,pitangui
8098,audio,269.0,lajeado
8099,pet_shop,269.0,rodeio
8100,musical_instruments,269.0,cambui
8101,cool_stuff,269.0,soledade
8102,musical_instruments,269.0,jacarezinho
8103,musical_instruments,269.0,mesquita
8104,cool_stuff,269.0,machadinho d'oeste
8105,computers_accessories,269.0,goianesia do para
8106,industry_commerce_and_business,269.0,hortolandia
8107,computers_accessories,269.0,serrita
8108,garden_tools,269.0,juquitiba
8109,books_technical,269.0,chapeco
8110,computers_accessories,269.0,coroaci
8111,cool_stuff,269.0,mogi-guacu
8112,garden_tools,269.0,quata
8113,audio,269.0,cachoeiro de itapemirim
8114,auto,269.0,sorriso
8115,home_confort,269.0,indaiatuba
8116,garden_tools,269.0,quixada
8117,musical_instruments,269.0,tubarao
8118,stationery,268.99,andradina
8119,art,268.98,guarulhos
8120,toys,268.98,parati
8121,perfumery,268.98,barra bonita
8122,home_confort,268.9,itaquaquecetuba
8123,baby,268.9,santa cruz do sul
8124,bed_bath_table,268.9,rio das pedras
8125,auto,268.9,colombo
8126,art,268.89,betim
8127,housewares,268.88,rio grande da serra
8128,health_beauty,268.88,santa cruz do capibaribe
8129,auto,268.79,fazenda rio grande
8130,housewares,268.77,cachoeira do sul
8131,fashion_bags_accessories,268.7,sao jose dos pinhais
8132,construction_tools_construction,268.59,pinhais
8133,cool_stuff,268.3,gramado
8134,industry_commerce_and_business,268.0,monte alverne
8135,sports_leisure,267.9,jabora
8136,toys,267.9,unai
8137,bed_bath_table,267.9,vitoria de santo antao
8138,pet_shop,267.89,botucatu
8139,computers_accessories,267.89,tres lagoas
8140,food,267.84000000000003,curitiba
8141,sports_leisure,267.8,candeias
8142,,267.78,ribeirao pires
8143,bed_bath_table,267.20000000000005,salesopolis
8144,telephony,267.12,itaquaquecetuba
8145,auto,267.0,virginopolis
8146,office_furniture,266.98,ilheus
8147,furniture_decor,266.9,jacutinga
8148,furniture_decor,266.9,jaboatao dos guararapes
8149,telephony,266.87,cocalinho
8150,baby,266.84000000000003,mongagua
8151,watches_gifts,266.81,colatina
8152,costruction_tools_garden,266.8,contagem
8153,auto,266.78,pau dos ferros
8154,sports_leisure,266.69,cruz das almas
8155,telephony,266.61,guaiba
8156,housewares,266.57,morro agudo
8157,bed_bath_table,266.55,horizonte
8158,health_beauty,266.46000000000004,itabuna
8159,perfumery,266.39,ourinhos
8160,la_cuisine,266.0,belo horizonte
8161,sports_leisure,265.99,cacapava
8162,telephony,265.98,paulinia
8163,housewares,265.9,pirapora do bom jesus
8164,computers_accessories,265.9,cachoeiras de macacu
8165,telephony,265.83,toledo
8166,luggage_accessories,265.79,diamantina
8167,telephony,265.78,vespasiano
8168,furniture_decor,265.70000000000005,paranavai
8169,electronics,265.7,rio grande
8170,housewares,265.65,araras
8171,garden_tools,265.6,paraty
8172,cool_stuff,265.0,itaoca
8173,perfumery,265.0,astolfo dutra
8174,industry_commerce_and_business,265.0,santo andre
8175,,265.0,joacaba
8176,cool_stuff,265.0,poco verde
8177,cool_stuff,265.0,santos dumont
8178,cool_stuff,265.0,bom jesus do itabapoana
8179,,265.0,nova friburgo
8180,health_beauty,264.99,socorro
8181,cool_stuff,264.98,santa cruz de monte castelo
8182,telephony,264.91,sao joao de meriti
8183,air_conditioning,264.9,varginha
8184,audio,264.9,rio bonito
8185,watches_gifts,264.9,ijui
8186,cool_stuff,264.9,holambra
8187,office_furniture,264.89,cosmopolis
8188,electronics,264.89,rio claro
8189,office_furniture,264.84000000000003,paulinia
8190,sports_leisure,264.8,pirapora do bom jesus
8191,fashion_bags_accessories,264.79,itauna
8192,computers_accessories,264.78999999999996,varzea paulista
8193,perfumery,264.78000000000003,belford roxo
8194,luggage_accessories,264.70000000000005,acarau
8195,sports_leisure,264.48,amambai
8196,computers_accessories,264.20000000000005,jaguariuna
8197,perfumery,264.0,itajobi
8198,perfumery,264.0,miracema
8199,perfumery,264.0,butia
8200,fixed_telephony,264.0,assis
8201,garden_tools,263.99,cacador
8202,baby,263.99,atalanta
8203,telephony,263.98,colonia leopoldina
8204,telephony,263.98,jacunda
8205,telephony,263.97,rio branco
8206,garden_tools,263.9,tatui
8207,bed_bath_table,263.9,maracas
8208,toys,263.9,jandira
8209,health_beauty,263.79,santos dumont
8210,sports_leisure,263.70000000000005,itatiaia
8211,fashion_bags_accessories,263.68,pouso alegre
8212,bed_bath_table,263.67,caruaru
8213,toys,263.59000000000003,extrema
8214,electronics,263.09,jacobina
8215,health_beauty,262.99,castelo
8216,office_furniture,262.98,embu das artes
8217,perfumery,262.9,jequie
8218,small_appliances,262.9,sao luis
8219,baby,262.89,icara
8220,telephony,262.87,brusque
8221,food,262.86,santa luzia
8222,computers_accessories,262.85,lucas do rio verde
8223,computers_accessories,262.81,ourinhos
8224,housewares,262.8,vargem grande paulista
8225,baby,262.8,andradina
8226,costruction_tools_garden,262.8,luis eduardo magalhaes
8227,auto,262.79,porto velho
8228,bed_bath_table,262.78999999999996,sao joao del rei
8229,computers_accessories,262.70000000000005,barra do pirai
8230,sports_leisure,262.7,umuarama
8231,,262.65999999999997,cuiaba
8232,stationery,262.65999999999997,ipatinga
8233,baby,262.6,rio claro
8234,housewares,262.5,dobrada
8235,housewares,262.5,picos
8236,auto,262.49,pinhais
8237,consoles_games,262.39,contagem
8238,health_beauty,262.22,formiga
8239,watches_gifts,261.88,santo angelo
8240,home_appliances,261.58,porto velho
8241,telephony,261.53,itanhandu
8242,telephony,261.53,carpina
8243,garden_tools,261.52,jaboticabal
8244,auto,261.3,aguas de lindoia
8245,sports_leisure,261.28,cantagalo
8246,sports_leisure,261.0,areado
8247,food,261.0,carapicuiba
8248,housewares,261.0,sao felix do xingu
8249,garden_tools,260.9,montenegro
8250,office_furniture,260.88,almenara
8251,home_confort,260.70000000000005,guaruja
8252,health_beauty,260.65,eusebio
8253,health_beauty,260.5,saquarema
8254,computers_accessories,260.39,santarem
8255,computers_accessories,260.38,vicosa
8256,electronics,260.24,goiania
8257,housewares,260.0,santana do paraiso
8258,baby,260.0,sao marcos
8259,housewares,260.0,turmalina
8260,toys,260.0,mantenopolis
8261,food_drink,260.0,votuporanga
8262,auto,260.0,santa margarida
8263,baby,260.0,tres de maio
8264,telephony,259.99,novo oriente de minas
8265,telephony,259.99,trabiju
8266,,259.99,mirandopolis
8267,furniture_decor,259.99,paranaiba
8268,baby,259.99,pedro leopoldo
8269,cool_stuff,259.99,araruna
8270,luggage_accessories,259.99,feliz natal
8271,cool_stuff,259.99,montauri
8272,cool_stuff,259.99,mambai
8273,sports_leisure,259.99,itapui
8274,office_furniture,259.99,lauro de freitas
8275,,259.99,uniao dos palmares
8276,cool_stuff,259.99,iati
8277,toys,259.98,ituiutaba
8278,fashion_male_clothing,259.98,juiz de fora
8279,office_furniture,259.96,belford roxo
8280,consoles_games,259.91,piracicaba
8281,luggage_accessories,259.9,luziania
8282,bed_bath_table,259.9,santa terezinha
8283,auto,259.9,nova russas
8284,bed_bath_table,259.9,paulo de faria
8285,watches_gifts,259.9,salto do itarare
8286,luggage_accessories,259.9,itaborai
8287,luggage_accessories,259.9,balsamo
8288,luggage_accessories,259.9,ferraz de vasconcelos
8289,pet_shop,259.9,ipaussu
8290,watches_gifts,259.9,candido sales
8291,luggage_accessories,259.9,guarai
8292,luggage_accessories,259.9,bento goncalves
8293,office_furniture,259.9,morungaba
8294,bed_bath_table,259.9,pintadas
8295,toys,259.9,sao bento do sul
8296,luggage_accessories,259.9,ibiai
8297,luggage_accessories,259.9,jaboticabal
8298,sports_leisure,259.9,bayeux
8299,cool_stuff,259.89,mesquita
8300,toys,259.89,frutal
8301,housewares,259.89,nilopolis
8302,computers_accessories,259.89,mossoro
8303,garden_tools,259.89,rio do sul
8304,audio,259.89,sao jose
8305,health_beauty,259.88,jacobina
8306,auto,259.88,monte carmelo
8307,health_beauty,259.8,sao sepe
8308,sports_leisure,259.8,presidente epitacio
8309,luggage_accessories,259.8,mucurici
8310,sports_leisure,259.8,maravilha
8311,toys,259.8,porto seguro
8312,housewares,259.8,senador canedo
8313,sports_leisure,259.8,juazeiro
8314,bed_bath_table,259.8,cosmorama
8315,drinks,259.8,araucaria
8316,books_general_interest,259.8,nanuque
8317,perfumery,259.8,itapetininga
8318,stationery,259.78999999999996,sao joao de meriti
8319,baby,259.78,itapecerica da serra
8320,,259.77,mogi mirim
8321,furniture_decor,259.70000000000005,tramandai
8322,sports_leisure,259.7,ouro branco
8323,bed_bath_table,259.6,jumirim
8324,fashion_sport,259.6,sao paulo
8325,baby,259.55,bom principio
8326,watches_gifts,259.55,viradouro
8327,health_beauty,259.55,oeiras
8328,auto,259.5,itamarandiba
8329,garden_tools,259.0,ibiai
8330,housewares,259.0,martins soares
8331,furniture_bedroom,259.0,salvador
8332,stationery,259.0,cocais
8333,health_beauty,259.0,parati
8334,auto,259.0,maripa
8335,office_furniture,258.97,montenegro
8336,luggage_accessories,258.9,marechal candido rondon
8337,fixed_telephony,258.9,belford roxo
8338,furniture_living_room,258.89,montes claros
8339,housewares,258.88,artur nogueira
8340,bed_bath_table,258.88,guarapuava
8341,agro_industry_and_commerce,258.8,ribeirao preto
8342,bed_bath_table,258.70000000000005,redencao
8343,costruction_tools_garden,258.70000000000005,fortaleza
8344,electronics,258.69,carapicuiba
8345,housewares,258.68,itapeva
8346,housewares,258.55,franco da rocha
8347,food,258.49,praia grande
8348,sports_leisure,258.4,lucas do rio verde
8349,computers_accessories,258.14,rondonopolis
8350,furniture_decor,258.1,realeza
8351,fashion_bags_accessories,258.1,varzea grande
8352,auto,258.0,itapeva
8353,stationery,258.0,trairi
8354,housewares,258.0,princesa isabel
8355,air_conditioning,258.0,guaruja
8356,housewares,258.0,buritis
8357,bed_bath_table,258.0,treze tilias
8358,industry_commerce_and_business,258.0,marau
8359,sports_leisure,257.99,balneario arroio do silva
8360,construction_tools_lights,257.99,canoas
8361,perfumery,257.9,duartina
8362,health_beauty,257.9,regeneracao
8363,stationery,257.9,paranavai
8364,cool_stuff,257.9,palmeira dos indios
8365,housewares,257.89,santa monica
8366,computers_accessories,257.79,miracema
8367,bed_bath_table,257.79,bebedouro
8368,fashion_bags_accessories,257.70000000000005,santa barbara d'oeste
8369,electronics,257.70000000000005,nova friburgo
8370,garden_tools,257.7,apucarana
8371,pet_shop,257.68,vinhedo
8372,party_supplies,257.6,taquaritinga
8373,party_supplies,257.6,fernandopolis
8374,market_place,257.57,guaratingueta
8375,market_place,257.57,barcarena
8376,garden_tools,257.48,cornelio procopio
8377,construction_tools_construction,257.42,monte siao
8378,consoles_games,257.28000000000003,juazeiro
8379,construction_tools_lights,257.0,sao bernardo do campo
8380,computers_accessories,257.0,queimados
8381,furniture_decor,257.0,conceicao do rio verde
8382,bed_bath_table,257.0,morro agudo
8383,watches_gifts,257.0,extrema
8384,watches_gifts,257.0,santa teresa
8385,bed_bath_table,256.99,sao francisco de itabapoana
8386,baby,256.99,mucuge
8387,books_technical,256.89,diadema
8388,office_furniture,256.88,tambau
8389,,256.77,sao jose
8390,sports_leisure,256.69,leopoldina
8391,fashion_shoes,256.5,guaira
8392,garden_tools,256.46,bom jesus dos perdoes
8393,auto,256.3,abreu e lima
8394,auto,256.3,santo antonio do caiua
8395,fixed_telephony,256.0,minas do leao
8396,fixed_telephony,256.0,guaranesia
8397,auto,256.0,pompeu
8398,books_general_interest,255.9,ijui
8399,furniture_decor,255.83,gramado
8400,perfumery,255.8,mogi-guacu
8401,fashion_shoes,255.8,nova iguacu
8402,sports_leisure,255.8,camaragibe
8403,sports_leisure,255.70000000000002,ituiutaba
8404,watches_gifts,255.70000000000002,bom despacho
8405,watches_gifts,255.61,santana do paraiso
8406,books_general_interest,255.60000000000002,guarulhos
8407,perfumery,255.45,andira
8408,auto,255.4,castelo
8409,construction_tools_construction,255.19,ourinhos
8410,computers_accessories,255.05,sao joao
8411,watches_gifts,255.0,carai
8412,cool_stuff,255.0,penapolis
8413,costruction_tools_garden,255.0,ourinhos
8414,sports_leisure,255.0,guarapuava
8415,fashion_bags_accessories,255.0,casa branca
8416,fashion_bags_accessories,255.0,pocos de caldas
8417,furniture_decor,255.0,sobral
8418,costruction_tools_garden,255.0,milagres
8419,watches_gifts,255.0,bonito
8420,cool_stuff,254.99,barbacena
8421,pet_shop,254.97,sao francisco
8422,home_appliances_2,254.9,presidente prudente
8423,construction_tools_construction,254.9,taubate
8424,watches_gifts,254.9,campo mourao
8425,telephony,254.9,ibicoara
8426,cool_stuff,254.9,jales
8427,bed_bath_table,254.9,candeias
8428,bed_bath_table,254.9,marataizes
8429,bed_bath_table,254.8,pesqueira
8430,,254.8,belford roxo
8431,furniture_decor,254.8,icara
8432,electronics,254.79000000000002,uba
8433,fashion_shoes,254.70000000000002,itapema
8434,bed_bath_table,254.70000000000002,gravata
8435,fashion_shoes,254.70000000000002,sao jose dos campos
8436,furniture_decor,254.69,amparo
8437,computers_accessories,254.65,bastos
8438,furniture_living_room,254.6,barueri
8439,garden_tools,254.54,goianira
8440,bed_bath_table,254.4,barra de santa rosa
8441,home_appliances,254.21,vila velha
8442,sports_leisure,254.20000000000002,sales
8443,pet_shop,254.0,reginopolis
8444,watches_gifts,254.0,fartura
8445,housewares,254.0,cafelandia
8446,watches_gifts,254.0,miraima
8447,pet_shop,254.0,sales oliveira
8448,watches_gifts,253.99,palmeira
8449,cool_stuff,253.99,santana de parnaiba
8450,furniture_bedroom,253.98,angra dos reis
8451,office_furniture,253.93,viana
8452,bed_bath_table,253.9,iguatu
8453,housewares,253.9,santa barbara
8454,toys,253.89000000000001,tres coracoes
8455,bed_bath_table,253.89000000000001,paraiba do sul
8456,perfumery,253.89,jacui
8457,bed_bath_table,253.52,igaratinga
8458,housewares,253.5,ribeirao das neves
8459,home_appliances,253.5,parapua
8460,construction_tools_safety,253.0,campinas
8461,watches_gifts,253.0,barra de sao francisco
8462,sports_leisure,252.99,sao cristovao
8463,furniture_living_room,252.9,macae
8464,housewares,252.9,ouricuri
8465,sports_leisure,252.8,carlos barbosa
8466,health_beauty,252.8,cabo de santo agostinho
8467,fashion_bags_accessories,252.79000000000002,sao caetano do sul
8468,computers_accessories,252.79000000000002,teixeira de freitas
8469,baby,252.45999999999998,itabirito
8470,perfumery,252.1,tiete
8471,stationery,252.0,tres coracoes
8472,furniture_bedroom,252.0,natal
8473,sports_leisure,252.0,bacuri
8474,sports_leisure,251.9,nova itaberaba
8475,sports_leisure,251.9,santa juliana
8476,cool_stuff,251.89000000000001,sao joao do paraiso
8477,bed_bath_table,251.8,rosario do sul
8478,drinks,251.8,apucarana
8479,furniture_decor,251.79,piranga
8480,housewares,251.77,apucarana
8481,computers_accessories,251.70000000000002,sao gotardo
8482,health_beauty,251.47000000000003,campos do jordao
8483,health_beauty,250.99,embu
8484,perfumery,250.9,guara
8485,air_conditioning,250.8,sao jose do rio preto
8486,stationery,250.37,aracatuba
8487,home_appliances,250.22,palhoca
8488,construction_tools_lights,250.0,uberlandia
8489,construction_tools_lights,250.0,coromandel
8490,diapers_and_hygiene,250.0,itapeva
8491,construction_tools_lights,250.0,visconde do rio branco
8492,fixed_telephony,250.0,balneario camboriu
8493,furniture_decor,250.0,glicerio
8494,construction_tools_lights,250.0,paco do lumiar
8495,fashion_bags_accessories,250.0,bage
8496,books_imported,250.0,sao jose dos campos
8497,construction_tools_lights,250.0,ceres
8498,sports_leisure,250.0,barros cassal
8499,construction_tools_lights,250.0,janauba
8500,furniture_decor,250.0,porto franco
8501,construction_tools_lights,250.0,vinhedo
8502,construction_tools_lights,250.0,itaquirai
8503,furniture_bedroom,250.0,porto alegre
8504,construction_tools_lights,250.0,hortolandia
8505,auto,250.0,salinas
8506,home_appliances,250.0,nova iguacu
8507,costruction_tools_tools,250.0,salvador
8508,costruction_tools_tools,250.0,valenca
8509,construction_tools_lights,250.0,batatais
8510,construction_tools_lights,250.0,itajai
8511,baby,250.0,palmitos
8512,construction_tools_lights,250.0,itabuna
8513,construction_tools_lights,250.0,campo novo do parecis
8514,health_beauty,250.0,santo estevao
8515,fashion_bags_accessories,250.0,campo formoso
8516,construction_tools_lights,250.0,mirassol
8517,furniture_decor,250.0,picos
8518,costruction_tools_tools,250.0,taboao da serra
8519,construction_tools_lights,250.0,braganca paulista
8520,furniture_decor,250.0,catuipe
8521,computers_accessories,249.99,teotonio vilela
8522,sports_leisure,249.99,colider
8523,telephony,249.99,presidente juscelino
8524,luggage_accessories,249.99,caraguatatuba
8525,luggage_accessories,249.99,humildes
8526,cool_stuff,249.99,terra de areia
8527,cool_stuff,249.99,fazenda rio grande
8528,luggage_accessories,249.99,ipiacu
8529,cool_stuff,249.99,mineiros
8530,luggage_accessories,249.99,manhuacu
8531,computers_accessories,249.99,pau dos ferros
8532,luggage_accessories,249.99,gaspar
8533,luggage_accessories,249.99,ouro preto
8534,luggage_accessories,249.99,espumoso
8535,telephony,249.99,sao miguel do araguaia
8536,cool_stuff,249.98000000000002,nova era
8537,office_furniture,249.97000000000003,jaboatao dos guararapes
8538,toys,249.97000000000003,varginha
8539,books_general_interest,249.95,londrina
8540,watches_gifts,249.9,ituacu
8541,bed_bath_table,249.9,marituba
8542,toys,249.9,ibipora
8543,watches_gifts,249.9,nova ponte
8544,auto,249.9,cedro
8545,furniture_decor,249.9,santa rita do sapucai
8546,sports_leisure,249.9,santana do ipanema
8547,luggage_accessories,249.9,sao miguel arcanjo
8548,bed_bath_table,249.9,itabera
8549,perfumery,249.9,lajeado
8550,pet_shop,249.9,marituba
8551,musical_instruments,249.9,sao miguel do guama
8552,furniture_decor,249.9,pereira barreto
8553,furniture_decor,249.9,itamarandiba
8554,watches_gifts,249.9,caraubas
8555,health_beauty,249.9,cururupu
8556,consoles_games,249.9,cianorte
8557,computers_accessories,249.9,tiete
8558,furniture_decor,249.9,estrela
8559,watches_gifts,249.9,mirassol
8560,furniture_decor,249.9,cabedelo
8561,small_appliances,249.9,natividade
8562,cool_stuff,249.9,divinesia
8563,market_place,249.9,timoteo
8564,auto,249.89000000000001,campo limpo paulista
8565,bed_bath_table,249.8,astolfo dutra
8566,bed_bath_table,249.8,pitangui
8567,fashion_bags_accessories,249.8,mage
8568,baby,249.8,itatiba
8569,luggage_accessories,249.79000000000002,itaquaquecetuba
8570,toys,249.79000000000002,mesquita
8571,toys,249.79,franca
8572,sports_leisure,249.78,jandira
8573,home_construction,249.75,ijui
8574,bed_bath_table,249.70000000000002,santos dumont
8575,health_beauty,249.7,itaguacu da bahia
8576,perfumery,249.7,paulo afonso
8577,garden_tools,249.5,sao mateus do sul
8578,computers_accessories,249.5,getulio vargas
8579,computers_accessories,249.5,carambei
8580,cool_stuff,249.49,quata
8581,baby,249.47000000000003,franca
8582,food_drink,249.2,curitiba
8583,furniture_mattress_and_upholstery,249.0,brasilia
8584,home_confort,249.0,valenca do piaui
8585,construction_tools_construction,249.0,barra do garcas
8586,garden_tools,249.0,boa viagem
8587,furniture_decor,249.0,tucurui
8588,furniture_decor,249.0,rio do campo
8589,home_confort,249.0,santa barbara
8590,furniture_decor,249.0,mangueirinha
8591,electronics,249.0,borda da mata
8592,telephony,249.0,araguatins
8593,watches_gifts,249.0,sousa
8594,electronics,249.0,jaguaribe
8595,health_beauty,249.0,inhambupe
8596,perfumery,249.0,inhumas
8597,home_confort,249.0,uberlandia
8598,telephony,249.0,andorinha
8599,furniture_mattress_and_upholstery,249.0,sao miguel do gostoso
8600,watches_gifts,249.0,aratuba
8601,telephony,249.0,brejo grande
8602,furniture_mattress_and_upholstery,249.0,sao caetano do sul
8603,luggage_accessories,248.99,joao ramalho
8604,luggage_accessories,248.99,firminopolis
8605,fashion_bags_accessories,248.99,teresopolis
8606,luggage_accessories,248.99,redencao
8607,luggage_accessories,248.99,sao joao da boa vista
8608,telephony,248.99,resende
8609,computers_accessories,248.99,tanhacu
8610,luggage_accessories,248.99,taciba
8611,luggage_accessories,248.99,pirapora do bom jesus
8612,,248.99,itaguai
8613,luggage_accessories,248.99,dom feliciano
8614,luggage_accessories,248.99,alcinopolis
8615,telephony,248.97000000000003,jandira
8616,stationery,248.9,cianorte
8617,garden_tools,248.9,campo largo
8618,watches_gifts,248.9,mongagua
8619,stationery,248.9,cambara
8620,bed_bath_table,248.9,sao lourenco
8621,,248.9,indaiatuba
8622,computers_accessories,248.9,santa rita do passa quatro
8623,sports_leisure,248.89000000000001,sao gabriel da palha
8624,sports_leisure,248.89000000000001,queimados
8625,consoles_games,248.89000000000001,londrina
8626,toys,248.89,taquari
8627,computers_accessories,248.89,jaragua do sul
8628,bed_bath_table,248.88,sarapui
8629,housewares,248.86,barretos
8630,bed_bath_table,248.8,sobradinho
8631,bed_bath_table,248.79000000000002,pedro leopoldo
8632,fashion_bags_accessories,248.79000000000002,brumadinho
8633,sports_leisure,248.65,caucaia
8634,auto,248.20000000000002,itapetininga
8635,watches_gifts,248.0,ervalia
8636,stationery,248.0,sete lagoas
8637,stationery,248.0,barretos
8638,perfumery,248.0,charqueada
8639,industry_commerce_and_business,247.99,videira
8640,bed_bath_table,247.99,mairinque
8641,health_beauty,247.98000000000002,barroso
8642,bed_bath_table,247.9,boa esperanca
8643,housewares,247.9,paraisopolis
8644,watches_gifts,247.9,sao francisco do sul
8645,garden_tools,247.9,poa
8646,watches_gifts,247.9,buenos aires
8647,health_beauty,247.89,iturama
8648,musical_instruments,247.88,sao roque
8649,musical_instruments,247.88,colombo
8650,books_technical,247.88,osasco
8651,bed_bath_table,247.87,cruzeiro
8652,computers_accessories,247.8,barrinha
8653,luggage_accessories,247.8,valinhos
8654,toys,247.79000000000002,colatina
8655,computers_accessories,247.70000000000002,buri
8656,consoles_games,247.49,aparecida de goiania
8657,telephony,247.45,ijui
8658,telephony,247.45,canoas
8659,garden_tools,247.44,monte mor
8660,fashion_bags_accessories,247.3,cariacica
8661,computers_accessories,246.99,lages
8662,computers_accessories,246.99,buritis
8663,furniture_decor,246.9,cordeiro
8664,fashion_bags_accessories,246.89999999999998,ibirite
8665,baby,246.89,anapolis
8666,bed_bath_table,246.8,tambau
8667,housewares,246.8,brusque
8668,auto,246.78,paranavai
8669,telephony,246.62,crato
8670,telephony,246.62,sao lourenco da mata
8671,garden_tools,246.42000000000002,francisco morato
8672,perfumery,246.4,rio bonito
8673,health_beauty,246.39000000000001,valenca
8674,computers_accessories,246.38,monte mor
8675,furniture_living_room,246.2,palmas
8676,toys,246.10000000000002,barra do garcas
8677,sports_leisure,245.99,laranjal paulista
8678,small_appliances,245.99,marica
8679,small_appliances,245.99,santa rosa de viterbo
8680,,245.98,boa vista
8681,,245.98,caratinga
8682,home_construction,245.9,inhumas
8683,watches_gifts,245.9,paulinia
8684,bed_bath_table,245.9,conceicao do mato dentro
8685,stationery,245.9,ilha solteira
8686,home_construction,245.9,descalvado
8687,toys,245.89000000000001,ferraz de vasconcelos
8688,toys,245.89000000000001,santa adelia
8689,sports_leisure,245.88,monte mor
8690,fashion_bags_accessories,245.49,itapevi
8691,stationery,245.49,itaperuna
8692,housewares,245.4,brumadinho
8693,computers_accessories,245.4,santa helena
8694,sports_leisure,245.32999999999998,xinguara
8695,drinks,245.07,sao jose dos campos
8696,telephony,245.0,pederneiras
8697,watches_gifts,245.0,monte aprazivel
8698,toys,245.0,itapui
8699,watches_gifts,245.0,cacu
8700,baby,245.0,santa barbara d'oeste
8701,computers_accessories,244.99,paraisopolis
8702,watches_gifts,244.99,esteio
8703,computers_accessories,244.99,itaborai
8704,cool_stuff,244.98000000000002,videira
8705,cool_stuff,244.98000000000002,ponte nova
8706,cool_stuff,244.98000000000002,viana
8707,toys,244.98000000000002,caruaru
8708,luggage_accessories,244.98,sao luis
8709,toys,244.94,macapa
8710,sports_leisure,244.9,paracatu
8711,bed_bath_table,244.9,sao lourenco do oeste
8712,consoles_games,244.9,joao monlevade
8713,furniture_decor,244.9,sarandi
8714,small_appliances,244.9,canoas
8715,baby,244.89000000000001,ibate
8716,garden_tools,244.88,itupeva
8717,sports_leisure,244.8,bocaiuva
8718,bed_bath_table,244.79,inhumas
8719,furniture_decor,244.59,colatina
8720,health_beauty,244.55,santarem
8721,housewares,244.43,iracemapolis
8722,computers_accessories,244.41,campo largo
8723,sports_leisure,244.4,fazenda rio grande
8724,bed_bath_table,244.35000000000002,quirinopolis
8725,sports_leisure,244.07999999999998,itarantim
8726,bed_bath_table,244.05,jaguare
8727,watches_gifts,244.0,tres lagoas
8728,perfumery,244.0,lajinha
8729,perfumery,244.0,boa vista
8730,industry_commerce_and_business,244.0,curitiba
8731,toys,243.97000000000003,marica
8732,stationery,243.9,itajai
8733,furniture_decor,243.9,aruja
8734,health_beauty,243.87000000000003,itupeva
8735,sports_leisure,243.8,vargem bonita
8736,consoles_games,243.8,itapetininga
8737,perfumery,243.78000000000003,ibiruba
8738,pet_shop,243.70000000000002,embu-guacu
8739,toys,243.70000000000002,camacari
8740,bed_bath_table,243.26,tres cachoeiras
8741,stationery,243.0,alagoinhas
8742,baby,243.0,alagoinhas
8743,baby,243.0,paraisopolis
8744,electronics,243.0,planalto
8745,furniture_decor,243.0,itapema
8746,health_beauty,242.99,uruacu
8747,sports_leisure,242.99,nanuque
8748,sports_leisure,242.99,cidade ocidental
8749,telephony,242.98000000000002,curvelo
8750,fashion_underwear_beach,242.9,salvador
8751,toys,242.89000000000001,catanduva
8752,health_beauty,242.89,tramandai
8753,toys,242.88,americo brasiliense
8754,auto,242.8,tapejara
8755,bed_bath_table,242.79000000000002,malacacheta
8756,housewares,242.77,tres passos
8757,housewares,242.76,votuporanga
8758,furniture_decor,242.70000000000002,tres rios
8759,small_appliances,242.7,foz do iguacu
8760,sports_leisure,242.67000000000002,sao sebastiao do paraiso
8761,furniture_decor,242.65,brumadinho
8762,fixed_telephony,242.5,sao carlos
8763,auto,242.29000000000002,itapolis
8764,computers_accessories,242.24,treze tilias
8765,sports_leisure,242.0,barcarena
8766,computers_accessories,242.0,guararema
8767,books_general_interest,241.99,sao jose dos campos
8768,bed_bath_table,241.9,mendes
8769,bed_bath_table,241.9,cordeiro
8770,home_appliances,241.9,sao goncalo
8771,luggage_accessories,241.8,cordeiro
8772,health_beauty,241.8,porto trombetas
8773,consoles_games,241.79,taubate
8774,telephony,241.79,teofilo otoni
8775,housewares,241.76,mafra
8776,housewares,241.60000000000002,andradina
8777,food_drink,241.55,recife
8778,furniture_decor,241.35999999999999,caraguatatuba
8779,small_appliances,241.29,indaiatuba
8780,auto,241.1,sao lourenco
8781,auto,241.1,carmesia
8782,watches_gifts,241.0,ipaba
8783,computers_accessories,241.0,santana dos montes
8784,auto,241.0,cacapava
8785,sports_leisure,241.0,raul soares
8786,home_construction,241.0,navegantes
8787,sports_leisure,240.9,araquari
8788,computers_accessories,240.9,saquarema
8789,bed_bath_table,240.8,passos
8790,books_general_interest,240.6,luziania
8791,housewares,240.6,macaubas
8792,bed_bath_table,240.54000000000002,diamantina
8793,cool_stuff,240.49,caratinga
8794,baby,240.3,queimados
8795,health_beauty,240.22,junqueiropolis
8796,sports_leisure,240.20000000000002,paracambi
8797,computers_accessories,240.01000000000002,ilheus
8798,housewares,240.0,caconde
8799,baby,240.0,galinhos
8800,health_beauty,240.0,ouroeste
8801,housewares,240.0,rio do campo
8802,garden_tools,240.0,candido mota
8803,construction_tools_lights,240.0,ponta grossa
8804,furniture_decor,240.0,nazare paulista
8805,sports_leisure,240.0,santa clara do sul
8806,cds_dvds_musicals,240.0,sao paulo
8807,stationery,240.0,mundo novo
8808,baby,240.0,sapucai-mirim
8809,construction_tools_lights,240.0,jau
8810,construction_tools_lights,240.0,araxa
8811,housewares,240.0,trancoso
8812,cool_stuff,239.99,vera cruz do oeste
8813,cool_stuff,239.99,cosmopolis
8814,cool_stuff,239.99,ribeiraozinho
8815,office_furniture,239.99,mariana
8816,office_furniture,239.99,capela do alto
8817,sports_leisure,239.99,campo formoso
8818,cool_stuff,239.99,minacu
8819,cool_stuff,239.99,sao joaquim
8820,fixed_telephony,239.99,sao leopoldo
8821,office_furniture,239.99,conceicao de macabu
8822,cool_stuff,239.99,orlandia
8823,cool_stuff,239.99,cerquilho
8824,cool_stuff,239.99,alta floresta
8825,cool_stuff,239.99,osvaldo kroeff
8826,cool_stuff,239.98000000000002,rio bonito
8827,health_beauty,239.98000000000002,araripina
8828,office_furniture,239.98000000000002,ubatuba
8829,bed_bath_table,239.98,joaquim tavora
8830,office_furniture,239.98,montalvania
8831,construction_tools_lights,239.96999999999997,tatui
8832,office_furniture,239.96999999999997,januaria
8833,housewares,239.96999999999997,santo antonio de padua
8834,office_furniture,239.93,corumba
8835,health_beauty,239.9,santa cruz
8836,health_beauty,239.9,cafelandia
8837,housewares,239.9,bom jesus da lapa
8838,fashion_shoes,239.9,lagoa grande
8839,computers_accessories,239.9,campo limpo paulista
8840,perfumery,239.9,capivari
8841,stationery,239.9,cansancao
8842,bed_bath_table,239.9,medeiros neto
8843,telephony,239.9,aracuai
8844,watches_gifts,239.9,jacupiranga
8845,stationery,239.9,rio do sul
8846,home_construction,239.9,encruzilhada do sul
8847,health_beauty,239.9,sao jose do hortencio
8848,baby,239.9,fazenda rio grande
8849,pet_shop,239.9,santa fe do sul
8850,bed_bath_table,239.9,clementina
8851,home_construction,239.9,mogi mirim
8852,garden_tools,239.89000000000001,icara
8853,garden_tools,239.89000000000001,bebedouro
8854,toys,239.89,dias d'avila
8855,garden_tools,239.89,itapira
8856,consoles_games,239.89,passa quatro
8857,bed_bath_table,239.88000000000002,holambra
8858,baby,239.8,andradas
8859,sports_leisure,239.8,nova venecia
8860,sports_leisure,239.8,colonia castrolanda
8861,bed_bath_table,239.8,posse
8862,health_beauty,239.8,candido mendes
8863,christmas_supplies,239.8,betim
8864,fixed_telephony,239.8,niteroi
8865,garden_tools,239.8,salinas
8866,sports_leisure,239.8,pitangui
8867,bed_bath_table,239.8,manga
8868,sports_leisure,239.8,jaguare
8869,auto,239.8,presidente dutra
8870,luggage_accessories,239.8,itapecerica da serra
8871,bed_bath_table,239.8,forquilhinha
8872,books_general_interest,239.79000000000002,recife
8873,bed_bath_table,239.70000000000002,espinosa
8874,furniture_decor,239.70000000000002,paranagua
8875,furniture_decor,239.70000000000002,catanduva
8876,sports_leisure,239.7,encantado
8877,air_conditioning,239.59,pinhao
8878,pet_shop,239.58999999999997,nilopolis
8879,garden_tools,239.4,porto ferreira
8880,furniture_decor,239.3,barra de sao joao
8881,auto,239.27999999999997,vitoria da conquista
8882,office_furniture,239.2,pau brasil
8883,office_furniture,239.2,franco da rocha
8884,auto,239.1,miracatu
8885,stationery,239.0,catole do rocha
8886,sports_leisure,239.0,alagoinha
8887,electronics,239.0,mariluz
8888,cool_stuff,239.0,santa terezinha de itaipu
8889,toys,239.0,gramado
8890,musical_instruments,239.0,nova friburgo
8891,books_general_interest,239.0,jaragua do sul
8892,musical_instruments,239.0,parauapebas
8893,small_appliances,239.0,luminarias
8894,stationery,239.0,matao
8895,perfumery,239.0,chapadao do sul
8896,luggage_accessories,239.0,ribeirao das neves
8897,,239.0,ji-parana
8898,kitchen_dining_laundry_garden_furniture,239.0,gravatai
8899,stationery,239.0,campina grande
8900,toys,238.99,ipiau
8901,sports_leisure,238.99,barra do garcas
8902,watches_gifts,238.99,jacaraci
8903,pet_shop,238.98999999999998,vitoria da conquista
8904,bed_bath_table,238.9,paty do alferes
8905,bed_bath_table,238.9,sao roque do canaa
8906,toys,238.9,guadalupe
8907,auto,238.9,piquete
8908,housewares,238.89,telemaco borba
8909,furniture_decor,238.8,matinhos
8910,fashion_bags_accessories,238.79000000000002,praia grande
8911,garden_tools,238.79000000000002,manhuacu
8912,housewares,238.78,itaguai
8913,housewares,238.7,registro
8914,fashion_bags_accessories,238.67,botucatu
8915,market_place,238.49,nova iguacu
8916,baby,238.47,mirai
8917,home_appliances,238.4,laranjal paulista
8918,bed_bath_table,238.38,casimiro de abreu
8919,health_beauty,238.32,papucaia
8920,auto,238.29,catalao
8921,health_beauty,238.19,itapolis
8922,computers_accessories,238.0,catalao
8923,cool_stuff,238.0,peabiru
8924,perfumery,238.0,manhuacu
8925,cool_stuff,238.0,francisco sa
8926,arts_and_craftmanship,238.0,carmo do rio claro
8927,cool_stuff,238.0,guimarania
8928,cool_stuff,238.0,arinos
8929,computers_accessories,238.0,goncalves
8930,bed_bath_table,238.0,aguas da prata
8931,housewares,238.0,conselheiro pena
8932,cine_photo,238.0,uberlandia
8933,home_confort,237.99,sao mateus
8934,home_confort,237.99,vila velha
8935,watches_gifts,237.9,fraiburgo
8936,furniture_decor,237.9,guanambi
8937,sports_leisure,237.9,vargem grande paulista
8938,auto,237.9,rodeio
8939,stationery,237.9,valinhos
8940,pet_shop,237.8,caldas novas
8941,cool_stuff,237.8,agua boa
8942,computers_accessories,237.8,santa vitoria
8943,home_construction,237.8,londrina
8944,sports_leisure,237.79000000000002,conceicao de macabu
8945,computers_accessories,237.70000000000002,gravatai
8946,health_beauty,237.64000000000001,corumba
8947,christmas_supplies,237.60000000000002,santo andre
8948,furniture_decor,237.49,matao
8949,home_appliances,237.3,piracicaba
8950,baby,237.0,penapolis
8951,auto,237.0,sao leopoldo
8952,stationery,237.0,campo largo
8953,bed_bath_table,237.0,analandia
8954,baby,236.99,iguai
8955,cool_stuff,236.98000000000002,nova mutum
8956,construction_tools_construction,236.9,nova friburgo
8957,consoles_games,236.9,palmas
8958,small_appliances,236.89000000000001,cabo de santo agostinho
8959,perfumery,236.89000000000001,tangara da serra
8960,furniture_decor,236.79000000000002,sao lourenco do sul
8961,office_furniture,236.58999999999997,duque de caxias
8962,health_beauty,236.43,potirendaba
8963,health_beauty,236.39,caldas novas
8964,pet_shop,236.0,feira de santana
8965,watches_gifts,236.0,porto nacional
8966,la_cuisine,235.99,porto alegre
8967,pet_shop,235.98,corumba
8968,telephony,235.9,cardoso
8969,telephony,235.9,caraibas
8970,telephony,235.9,candiota
8971,perfumery,235.9,grajau
8972,telephony,235.9,jampruca
8973,toys,235.89000000000001,veranopolis
8974,sports_leisure,235.8,santiago
8975,perfumery,235.8,paraiba do sul
8976,market_place,235.76,santos
8977,baby,235.70000000000002,para de minas
8978,furniture_decor,235.6,marmeleiro
8979,auto,235.49,coronel fabriciano
8980,pet_shop,235.4,dourados
8981,fashion_bags_accessories,235.29000000000002,cotia
8982,furniture_decor,235.2,lencois paulista
8983,musical_instruments,235.0,caratinga
8984,telephony,235.0,buique
8985,sports_leisure,235.0,estancia
8986,cool_stuff,235.0,rio do oeste
8987,cool_stuff,235.0,caarapo
8988,consoles_games,235.0,governador valadares
8989,consoles_games,235.0,neopolis
8990,,235.0,muliterno
8991,small_appliances,234.99,ponta grossa
8992,cool_stuff,234.98000000000002,taiobeiras
8993,stationery,234.9,macapa
8994,computers_accessories,234.9,tres rios
8995,toys,234.9,cacador
8996,stationery,234.9,tabuleiro
8997,stationery,234.9,joao monlevade
8998,stationery,234.9,sao joao da barra
8999,stationery,234.9,cruzeiro
9000,health_beauty,234.9,aguas vermelhas
9001,garden_tools,234.89000000000001,paranavai
9002,sports_leisure,234.89000000000001,timbo
9003,housewares,234.89000000000001,formosa
9004,bed_bath_table,234.8,catu
9005,auto,234.8,unai
9006,baby,234.79,bonito
9007,toys,234.79,rio branco
9008,toys,234.64,barra mansa
9009,toys,234.60000000000002,chapeco
9010,sports_leisure,234.5,benedito novo
9011,bed_bath_table,234.47000000000003,santo antonio de jesus
9012,home_confort,234.4,barueri
9013,bed_bath_table,234.34,almirante tamandare
9014,bed_bath_table,234.1,estrela
9015,sports_leisure,234.0,bom jesus do itabapoana
9016,home_construction,234.0,governador valadares
9017,telephony,233.99,porto feliz
9018,air_conditioning,233.99,osvaldo cruz
9019,office_furniture,233.98,mogi mirim
9020,office_furniture,233.98,arapongas
9021,office_furniture,233.98,armacao dos buzios
9022,office_furniture,233.98,figueira
9023,office_furniture,233.98,santo antonio de jesus
9024,sports_leisure,233.9,cravinhos
9025,luggage_accessories,233.9,sabara
9026,health_beauty,233.9,cravinhos
9027,watches_gifts,233.89,quirinopolis
9028,computers_accessories,233.89,brusque
9029,perfumery,233.8,florestopolis
9030,health_beauty,233.8,orlandia
9031,bed_bath_table,233.8,carangola
9032,bed_bath_table,233.8,nova andradina
9033,pet_shop,233.7,ferraz de vasconcelos
9034,garden_tools,233.6,aruja
9035,health_beauty,233.54,piedade
9036,construction_tools_lights,233.5,praia grande
9037,auto,233.44,estrela
9038,health_beauty,233.39000000000001,icem
9039,perfumery,233.38,sao jose do rio pardo
9040,furniture_decor,233.3,ji-parana
9041,health_beauty,233.25,porto seguro
9042,,233.0,pirassununga
9043,pet_shop,232.99,itaquaquecetuba
9044,fixed_telephony,232.94000000000003,santana
9045,bed_bath_table,232.94,ipaussu
9046,furniture_decor,232.9,timbo
9047,bed_bath_table,232.9,oliveira
9048,garden_tools,232.9,camacari
9049,consoles_games,232.89000000000001,jaragua do sul
9050,sports_leisure,232.8,caratinga
9051,costruction_tools_tools,232.75,marechal floriano
9052,costruction_tools_tools,232.75,nova venecia
9053,sports_leisure,232.70000000000002,regente feijo
9054,pet_shop,232.5,catu
9055,stationery,232.47,novo hamburgo
9056,pet_shop,232.4,palmas
9057,luggage_accessories,232.4,campos dos goytacazes
9058,home_construction,232.35,pains
9059,furniture_decor,232.25,braganca paulista
9060,sports_leisure,232.19,mongagua
9061,pet_shop,232.0,carapicuiba
9062,garden_tools,231.99,umuarama
9063,sports_leisure,231.9,nova europa
9064,luggage_accessories,231.9,marica
9065,books_technical,231.89,campinas
9066,computers_accessories,231.88,correia pinto
9067,health_beauty,231.87,garopaba
9068,consoles_games,231.8,mesquita
9069,toys,231.8,mongagua
9070,electronics,231.74,santana de parnaiba
9071,cool_stuff,231.7,balneario picarras
9072,cool_stuff,231.7,itaperuna
9073,garden_tools,231.61,santa barbara d'oeste
9074,luggage_accessories,231.57999999999998,londrina
9075,bed_bath_table,231.57999999999998,panambi
9076,health_beauty,231.55,viamao
9077,telephony,231.54,ilha de itamaraca
9078,electronics,231.52999999999997,duque de caxias
9079,home_construction,231.4,sao caetano do sul
9080,party_supplies,231.2,paulistana
9081,party_supplies,231.2,brasilia
9082,housewares,231.17000000000002,pinhais
9083,computers_accessories,231.12,osorio
9084,books_general_interest,231.0,campo grande
9085,furniture_decor,231.0,iguatu
9086,perfumery,230.97000000000003,tijucas
9087,perfumery,230.9,moreilandia
9088,toys,230.9,colombo
9089,garden_tools,230.9,cangucu
9090,sports_leisure,230.9,campos do jordao
9091,home_confort,230.70000000000002,flores
9092,home_appliances,230.25,valinhos
9093,health_beauty,230.22,cardoso moreira
9094,fashion_bags_accessories,230.19000000000003,petropolis
9095,baby,230.05,sao mateus
9096,furniture_decor,230.0,canapi
9097,home_confort,230.0,ariranha
9098,construction_tools_lights,230.0,kalore
9099,construction_tools_safety,230.0,quipapa
9100,construction_tools_lights,230.0,dois irmaos
9101,construction_tools_lights,230.0,sao jose dos campos
9102,cool_stuff,230.0,parobe
9103,home_confort,230.0,uberaba
9104,construction_tools_lights,230.0,capelinha
9105,construction_tools_lights,230.0,pongai
9106,construction_tools_lights,230.0,sao joaquim de bicas
9107,furniture_decor,230.0,simonesia
9108,construction_tools_lights,230.0,pindamonhangaba
9109,furniture_decor,230.0,conceicao do para
9110,construction_tools_lights,230.0,aracaju
9111,furniture_decor,230.0,murutinga do sul
9112,furniture_decor,230.0,ivoti
9113,furniture_decor,230.0,igrejinha
9114,home_confort,230.0,unai
9115,furniture_decor,230.0,carazinho
9116,construction_tools_lights,230.0,juina
9117,furniture_living_room,230.0,varginha
9118,furniture_decor,230.0,sao pedro de alcantara
9119,books_general_interest,230.0,brejo santo
9120,watches_gifts,230.0,angatuba
9121,signaling_and_security,230.0,itape
9122,bed_bath_table,230.0,senhor do bonfim
9123,furniture_decor,230.0,santa lucia
9124,construction_tools_lights,230.0,pirangi
9125,construction_tools_safety,230.0,florianopolis
9126,furniture_decor,230.0,nossa senhora do socorro
9127,furniture_decor,230.0,serra talhada
9128,home_confort,230.0,coronel fabriciano
9129,watches_gifts,230.0,rio largo
9130,home_confort,230.0,itanhem
9131,furniture_decor,230.0,pradopolis
9132,stationery,230.0,linhares
9133,home_confort,230.0,mamonas
9134,audio,229.99,igaci
9135,auto,229.99,barauna
9136,cool_stuff,229.99,boa vista do burica
9137,cool_stuff,229.99,panambi
9138,auto,229.99,surubim
9139,cool_stuff,229.99,icem
9140,home_appliances_2,229.99,andradina
9141,cool_stuff,229.99,almirante tamandare
9142,electronics,229.99,mesquita
9143,cool_stuff,229.99,alagoinhas
9144,cool_stuff,229.99,governador celso ramos
9145,cool_stuff,229.99,montenegro
9146,furniture_decor,229.99,catalao
9147,home_appliances_2,229.99,ourinhos
9148,cool_stuff,229.99,barra do mendes
9149,auto,229.99,silvanopolis
9150,audio,229.99,blumenau
9151,cool_stuff,229.99,jaguariaiva
9152,cool_stuff,229.99,juazeiro do norte
9153,cool_stuff,229.99,engenheiro passos
9154,cool_stuff,229.99,posto da mata
9155,air_conditioning,229.99,sao joao de meriti
9156,cool_stuff,229.99,bom jesus da serra
9157,toys,229.99,arcos
9158,cool_stuff,229.99,julio mesquita
9159,cool_stuff,229.99,ponta pora
9160,cool_stuff,229.99,medeiros
9161,office_furniture,229.99,medianeira
9162,cool_stuff,229.98000000000002,santa vitoria do palmar
9163,cool_stuff,229.98000000000002,marechal candido rondon
9164,cool_stuff,229.98000000000002,campo mourao
9165,sports_leisure,229.98000000000002,araci
9166,cool_stuff,229.98000000000002,itanhaem
9167,office_furniture,229.98,pindamonhangaba
9168,telephony,229.97000000000003,para de minas
9169,office_furniture,229.96999999999997,extrema
9170,watches_gifts,229.9,portela
9171,auto,229.9,jijoca de jericoacoara
9172,kitchen_dining_laundry_garden_furniture,229.9,joao monlevade
9173,toys,229.9,montanha
9174,sports_leisure,229.9,lagoa vermelha
9175,kitchen_dining_laundry_garden_furniture,229.9,japi
9176,perfumery,229.9,telemaco borba
9177,auto,229.9,montanha
9178,sports_leisure,229.9,tenente ananias
9179,home_construction,229.9,divinopolis
9180,health_beauty,229.9,campina grande do sul
9181,fashion_bags_accessories,229.9,ararangua
9182,office_furniture,229.9,pompeia
9183,electronics,229.9,vila muriqui
9184,toys,229.9,girua
9185,sports_leisure,229.9,sao domingos do norte
9186,perfumery,229.9,santo angelo
9187,furniture_decor,229.9,francisco sa
9188,toys,229.9,serra talhada
9189,sports_leisure,229.9,barra velha
9190,auto,229.9,formigueiro
9191,computers_accessories,229.9,adamantina
9192,perfumery,229.9,uniao da vitoria
9193,auto,229.9,quirinopolis
9194,watches_gifts,229.9,cachoeira do sul
9195,air_conditioning,229.89000000000001,aracatuba
9196,garden_tools,229.89000000000001,seropedica
9197,toys,229.89000000000001,bento goncalves
9198,baby,229.89,paranavai
9199,bed_bath_table,229.88,morro do chapeu
9200,office_furniture,229.88,paulo afonso
9201,sports_leisure,229.88,dourados
9202,bed_bath_table,229.87,aruja
9203,luggage_accessories,229.8,teresina
9204,small_appliances,229.8,promissao
9205,sports_leisure,229.8,manhuacu
9206,watches_gifts,229.8,campanario
9207,perfumery,229.8,guarapuava
9208,housewares,229.79000000000002,almenara
9209,bed_bath_table,229.70000000000002,sao fidelis
9210,computers_accessories,229.69,sao mateus
9211,garden_tools,229.6,guaratingueta
9212,electronics,229.6,cabo de santo agostinho
9213,furniture_decor,229.45000000000002,vespasiano
9214,sports_leisure,229.39000000000001,araruama
9215,perfumery,229.38000000000002,coronel fabriciano
9216,furniture_decor,229.27,luis eduardo magalhaes
9217,housewares,229.2,mogi-guacu
9218,auto,229.04,ervalia
9219,auto,229.04,cerqueira cesar
9220,auto,229.04,nova xavantina
9221,auto,229.04,santa fe do sul
9222,auto,229.04,guanambi
9223,auto,229.04,ibira
9224,electronics,229.0,erechim
9225,home_confort,229.0,itabirito
9226,sports_leisure,229.0,aguas de sao pedro
9227,air_conditioning,229.0,aguas lindas de goias
9228,industry_commerce_and_business,229.0,ciriaco
9229,home_confort,229.0,pirassununga
9230,watches_gifts,229.0,tubarao
9231,agro_industry_and_commerce,229.0,sao joao nepomuceno
9232,home_confort,229.0,jaboatao dos guararapes
9233,air_conditioning,229.0,iaciara
9234,watches_gifts,229.0,altos
9235,construction_tools_lights,229.0,cariacica
9236,home_confort,229.0,porto velho
9237,garden_tools,229.0,timon
9238,watches_gifts,229.0,xinguara
9239,computers_accessories,229.0,ibaiti
9240,home_confort,229.0,linhares
9241,furniture_decor,229.0,jauru
9242,watches_gifts,229.0,ecoporanga
9243,furniture_bedroom,229.0,volta redonda
9244,furniture_decor,229.0,ibirarema
9245,furniture_bedroom,229.0,joinville
9246,telephony,228.99,itaborai
9247,telephony,228.99,salto
9248,telephony,228.99,santo antonio de jesus
9249,baby,228.99,itabira
9250,sports_leisure,228.99,joacaba
9251,pet_shop,228.99,porto uniao
9252,,228.98000000000002,alfenas
9253,fashion_bags_accessories,228.90000000000003,governador valadares
9254,furniture_living_room,228.9,recife
9255,housewares,228.9,buritama
9256,auto,228.9,potirendaba
9257,computers_accessories,228.9,itupeva
9258,toys,228.9,caldas novas
9259,furniture_decor,228.9,ponta pora
9260,computers_accessories,228.9,sirinhaem
9261,housewares,228.89000000000001,varzea grande
9262,furniture_decor,228.89000000000001,nova venecia
9263,fashion_bags_accessories,228.89,anapolis
9264,furniture_decor,228.89,claudio
9265,toys,228.89,rio bonito
9266,books_technical,228.88,porto alegre
9267,telephony,228.84,araguaina
9268,garden_tools,228.8,viamao
9269,bed_bath_table,228.8,itobi
9270,perfumery,228.8,varzea paulista
9271,health_beauty,228.79000000000002,agua boa
9272,toys,228.79000000000002,corumba
9273,garden_tools,228.79,itumbiara
9274,computers_accessories,228.67000000000002,sao joaquim da barra
9275,perfumery,228.29000000000002,itatiba
9276,bed_bath_table,228.2,campos novos
9277,food_drink,228.12,salvador
9278,fashion_male_clothing,228.1,sorocaba
9279,construction_tools_lights,228.0,pirapora
9280,agro_industry_and_commerce,228.0,macae
9281,construction_tools_lights,228.0,serra negra
9282,baby,228.0,barbacena
9283,kitchen_dining_laundry_garden_furniture,228.0,valinhos
9284,watches_gifts,228.0,ibiraja
9285,construction_tools_lights,228.0,sao carlos
9286,watches_gifts,228.0,castilho
9287,construction_tools_lights,228.0,sumare
9288,construction_tools_lights,228.0,osasco
9289,construction_tools_construction,228.0,curvelo
9290,construction_tools_lights,228.0,paracatu
9291,agro_industry_and_commerce,228.0,itapema
9292,agro_industry_and_commerce,228.0,americana
9293,kitchen_dining_laundry_garden_furniture,228.0,jaboatao dos guararapes
9294,agro_industry_and_commerce,228.0,novo hamburgo
9295,agro_industry_and_commerce,228.0,petropolis
9296,housewares,228.0,iguape
9297,auto,227.9,pirapora
9298,stationery,227.9,itaquaquecetuba
9299,furniture_decor,227.9,barbacena
9300,market_place,227.9,garca
9301,bed_bath_table,227.89000000000001,brumadinho
9302,housewares,227.89000000000001,inhumas
9303,,227.88,torres
9304,health_beauty,227.88,piumhii
9305,,227.88,cachoeira do sul
9306,computers_accessories,227.8,igarapava
9307,musical_instruments,227.8,juiz de fora
9308,computers_accessories,227.79000000000002,araras
9309,furniture_decor,227.70000000000002,castelo do piaui
9310,construction_tools_construction,227.67000000000002,campo mourao
9311,market_place,227.58999999999997,belem
9312,telephony,227.54,campos dos goytacazes
9313,stationery,227.4,peruibe
9314,construction_tools_construction,227.4,pompeia
9315,baby,227.14000000000001,valenca
9316,furniture_decor,227.07,estrela d'oeste
9317,watches_gifts,227.0,ouro fino
9318,watches_gifts,227.0,holambra
9319,electronics,227.0,senador pompeu
9320,pet_shop,227.0,atibaia
9321,stationery,227.0,belford roxo
9322,sports_leisure,227.0,sao domingos do araguaia
9323,bed_bath_table,227.0,lagoinha
9324,telephony,226.97000000000003,campo limpo paulista
9325,auto,226.95,congonhal
9326,auto,226.95,joao pinheiro
9327,construction_tools_construction,226.9,queimadas
9328,watches_gifts,226.9,santana
9329,furniture_decor,226.9,camaqua
9330,sports_leisure,226.9,luziania
9331,air_conditioning,226.9,araruama
9332,computers_accessories,226.88,camboriu
9333,home_construction,226.85000000000002,sao bernardo do campo
9334,housewares,226.8,capinzal
9335,computers_accessories,226.8,bom despacho
9336,housewares,226.8,salto
9337,fashion_bags_accessories,226.79000000000002,macae
9338,stationery,226.79000000000002,jaboatao dos guararapes
9339,furniture_decor,226.77,dores do rio preto
9340,garden_tools,226.70000000000002,araras
9341,home_construction,226.7,sete lagoas
9342,health_beauty,226.52,primavera do leste
9343,toys,226.5,tijucas
9344,furniture_decor,226.25,valenca
9345,health_beauty,226.23,irati
9346,toys,226.2,itaguai
9347,fashion_bags_accessories,226.19000000000003,vila velha
9348,construction_tools_safety,226.18,blumenau
9349,construction_tools_safety,226.18,barra do garcas
9350,sports_leisure,226.0,sao felix do coribe
9351,cool_stuff,225.99,umuarama
9352,christmas_supplies,225.9,goiania
9353,watches_gifts,225.9,pitangui
9354,bed_bath_table,225.9,xangri-la
9355,kitchen_dining_laundry_garden_furniture,225.9,matao
9356,books_technical,225.88,belo horizonte
9357,bed_bath_table,225.8,ibiruba
9358,health_beauty,225.8,conchal
9359,bed_bath_table,225.8,pacajus
9360,garden_tools,225.71,camboriu
9361,housewares,225.41,corguinho
9362,housewares,225.4,timoteo
9363,cool_stuff,225.35999999999999,itatiba
9364,auto,225.22000000000003,barra bonita
9365,consoles_games,225.1,indaiatuba
9366,baby,225.0,itirucu
9367,home_construction,225.0,lajeado
9368,toys,225.0,nova mutum
9369,pet_shop,225.0,jacobina
9370,bed_bath_table,225.0,itaobim
9371,toys,225.0,ouro preto
9372,toys,225.0,santa fe do sul
9373,furniture_decor,225.0,pontalina
9374,fashion_sport,225.0,montes claros
9375,books_general_interest,225.0,fernandopolis
9376,toys,225.0,mafra
9377,furniture_decor,225.0,luis antonio
9378,watches_gifts,225.0,bofete
9379,computers_accessories,225.0,pouso alto
9380,furniture_decor,225.0,irati
9381,watches_gifts,225.0,rodelas
9382,stationery,225.0,raposo
9383,baby,224.98,campo bom
9384,,224.97000000000003,nova iguacu
9385,,224.97,lauro de freitas
9386,fashion_bags_accessories,224.9,sao joao de meriti
9387,health_beauty,224.9,promissao
9388,watches_gifts,224.9,nova veneza
9389,sports_leisure,224.9,bom jardim
9390,baby,224.9,sinop
9391,watches_gifts,224.9,escada
9392,sports_leisure,224.89000000000001,hidreletrica tucurui
9393,sports_leisure,224.89000000000001,santarem
9394,sports_leisure,224.89,ibimirim
9395,bed_bath_table,224.79000000000002,santa rita do sapucai
9396,electronics,224.70000000000002,pelotas
9397,home_construction,224.7,vila velha
9398,auto,224.69,sao lourenco da serra
9399,fashion_bags_accessories,224.69,jacarei
9400,fashion_bags_accessories,224.58999999999997,hortolandia
9401,stationery,224.55,araraquara
9402,consoles_games,224.5,embu das artes
9403,stationery,224.39000000000001,nova friburgo
9404,computers_accessories,224.35000000000002,sales oliveira
9405,watches_gifts,224.0,minacu
9406,garden_tools,224.0,barra da estiva
9407,furniture_decor,224.0,sao sebastiao
9408,baby,223.99,guararema
9409,books_technical,223.99,cotia
9410,health_beauty,223.94,bebedouro
9411,toys,223.9,barra do tarrachil
9412,toys,223.9,mariana
9413,stationery,223.9,santarem
9414,toys,223.9,xanxere
9415,musical_instruments,223.9,nilopolis
9416,furniture_decor,223.9,pinhalzinho
9417,home_appliances_2,223.9,nova iguacu
9418,consoles_games,223.9,iapu
9419,,223.89000000000001,ipatinga
9420,telephony,223.89000000000001,pouso alegre
9421,office_furniture,223.88,rio verde
9422,garden_tools,223.8,esteio
9423,sports_leisure,223.0,promissao
9424,food_drink,223.0,jundiai
9425,watches_gifts,223.0,sao francisco de itabapoana
9426,health_beauty,222.99,serrinha
9427,,222.91000000000003,divinopolis
9428,sports_leisure,222.9,flores da cunha
9429,health_beauty,222.89,paraisopolis
9430,computers_accessories,222.75,raul soares
9431,furniture_decor,222.5,conselheiro pena
9432,auto,222.49,monte santo de minas
9433,electronics,222.34,araras
9434,bed_bath_table,222.06000000000003,novo horizonte
9435,electronics,222.0,ipojuca
9436,market_place,222.0,carmo do rio claro
9437,sports_leisure,221.99,baturite
9438,health_beauty,221.99,ibirama
9439,baby,221.98,matao
9440,art,221.98,teresina
9441,food,221.9,sao vicente
9442,construction_tools_construction,221.76,araraquara
9443,home_confort,221.70000000000002,itapevi
9444,housewares,221.4,guarapuava
9445,art,221.4,itanhaem
9446,bed_bath_table,221.0,nova hartz
9447,electronics,221.0,frutal
9448,cool_stuff,220.99,embu-guacu
9449,bed_bath_table,220.97,telemaco borba
9450,perfumery,220.87,nova serrana
9451,fashion_shoes,220.7,rio branco
9452,fashion_shoes,220.7,itaperuna
9453,fashion_shoes,220.7,uniao do sul
9454,fashion_shoes,220.7,ibirite
9455,health_beauty,220.64,itapema
9456,food,220.57,guarulhos
9457,small_appliances,220.36,santarem
9458,bed_bath_table,220.0,itapipoca
9459,watches_gifts,220.0,serra talhada
9460,bed_bath_table,220.0,ipameri
9461,bed_bath_table,220.0,rio bonito do iguacu
9462,music,220.0,uberlandia
9463,industry_commerce_and_business,220.0,rio das ostras
9464,kitchen_dining_laundry_garden_furniture,220.0,varginha
9465,small_appliances_home_oven_and_coffee,220.0,vacaria
9466,furniture_decor,220.0,gravata
9467,bed_bath_table,220.0,campinorte
9468,housewares,220.0,cachoeiro de itapemirim
9469,home_appliances,220.0,patos
9470,pet_shop,220.0,sao francisco de paula
9471,bed_bath_table,220.0,brasil novo
9472,bed_bath_table,220.0,arapora
9473,bed_bath_table,220.0,sao jose do rio claro
9474,garden_tools,220.0,dianopolis
9475,music,220.0,sao goncalo
9476,garden_tools,220.0,piuma
9477,auto,220.0,varjota
9478,music,220.0,marilia
9479,music,220.0,diadema
9480,cool_stuff,219.99,santa izabel do oeste
9481,baby,219.99,santa cecilia
9482,,219.99,urucui
9483,toys,219.99,sao joao del rei
9484,sports_leisure,219.99,mendes
9485,perfumery,219.99,teixeira de freitas
9486,perfumery,219.99,sao bento do sul
9487,cool_stuff,219.99,sao goncalo do amarante
9488,cool_stuff,219.99,indiana
9489,cool_stuff,219.99,santa cruz do rio pardo
9490,office_furniture,219.99,sao mateus
9491,cool_stuff,219.99,irape
9492,bed_bath_table,219.99,primeiro de maio
9493,cool_stuff,219.99,gravatal
9494,cool_stuff,219.99,munhoz de melo
9495,cool_stuff,219.99,pequizeiro
9496,cool_stuff,219.99,paranaiba
9497,baby,219.99,caratinga
9498,baby,219.99,porto nacional
9499,toys,219.99,iguape
9500,office_furniture,219.99,catanduva
9501,office_furniture,219.98,colniza
9502,cool_stuff,219.98,mafra
9503,toys,219.98,itaipava
9504,bed_bath_table,219.98,socorro
9505,office_furniture,219.98,vinhedo
9506,office_furniture,219.98,sao manuel
9507,office_furniture,219.97,cantagalo
9508,bed_bath_table,219.97,barra do garcas
9509,drinks,219.95000000000002,santo andre
9510,watches_gifts,219.9,iguape
9511,office_furniture,219.9,dona francisca
9512,bed_bath_table,219.9,passa quatro
9513,pet_shop,219.9,barra do ribeiro
9514,watches_gifts,219.9,catende
9515,watches_gifts,219.9,pomerode
9516,watches_gifts,219.9,vila valerio
9517,bed_bath_table,219.9,ouroeste
9518,watches_gifts,219.9,itapipoca
9519,stationery,219.9,videira
9520,musical_instruments,219.9,surubim
9521,housewares,219.9,mombaca
9522,toys,219.9,ribeirao pires
9523,auto,219.9,posse
9524,watches_gifts,219.9,matao
9525,pet_shop,219.9,itapolis
9526,consoles_games,219.9,quatro barras
9527,baby,219.9,canela
9528,cool_stuff,219.9,lagoa santa
9529,stationery,219.9,guidoval
9530,auto,219.9,boa vista
9531,stationery,219.9,santo amaro
9532,construction_tools_lights,219.9,russas
9533,bed_bath_table,219.9,venancio aires
9534,bed_bath_table,219.9,piripiri
9535,fashion_bags_accessories,219.89000000000001,casa nova
9536,fashion_bags_accessories,219.8,tramandai
9537,furniture_decor,219.8,mongagua
9538,musical_instruments,219.8,coronel murta
9539,bed_bath_table,219.8,parnamirim
9540,housewares,219.8,dourado
9541,toys,219.8,itatiba
9542,audio,219.8,teresina
9543,luggage_accessories,219.8,senges
9544,bed_bath_table,219.8,taguatinga
9545,baby,219.79000000000002,cachoeirinha
9546,bed_bath_table,219.79000000000002,tubarao
9547,pet_shop,219.79,assis
9548,housewares,219.71999999999997,santana do livramento
9549,toys,219.70000000000002,artur nogueira
9550,garden_tools,219.7,porto feliz
9551,bed_bath_table,219.69,presidente epitacio
9552,housewares,219.69,pedro de toledo
9553,small_appliances,219.4,petropolis
9554,housewares,219.39000000000001,palmeira d'oeste
9555,stationery,219.20000000000002,lages
9556,electronics,219.19,nilopolis
9557,sports_leisure,219.17000000000004,presidente venceslau
9558,furniture_bedroom,219.0,sorocaba
9559,,219.0,ibiraiaras
9560,garden_tools,219.0,nipoa
9561,watches_gifts,219.0,morrinhos
9562,housewares,219.0,botelhos
9563,home_confort,219.0,aracaju
9564,garden_tools,219.0,paraipaba
9565,watches_gifts,219.0,ceres
9566,computers_accessories,219.0,rio das flores
9567,garden_tools,219.0,castelandia
9568,home_confort,219.0,vespasiano
9569,auto,219.0,mondai
9570,perfumery,219.0,buenopolis
9571,home_confort,219.0,jaboticabal
9572,cool_stuff,219.0,lages
9573,watches_gifts,219.0,puxinana
9574,food,219.0,araucaria
9575,watches_gifts,219.0,laje do muriae
9576,watches_gifts,219.0,brejo santo
9577,telephony,219.0,mossoro
9578,musical_instruments,219.0,olimpia
9579,watches_gifts,219.0,munhoz de melo
9580,watches_gifts,219.0,boa vista
9581,garden_tools,219.0,portalegre
9582,watches_gifts,219.0,tramandai
9583,watches_gifts,219.0,sao joao dos patos
9584,luggage_accessories,219.0,para de minas
9585,audio,219.0,ipaporanga
9586,sports_leisure,219.0,miguelopolis
9587,watches_gifts,219.0,santa cruz do sul
9588,furniture_decor,219.0,barra dos coqueiros
9589,construction_tools_construction,219.0,itabirito
9590,home_confort,219.0,campo bom
9591,watches_gifts,219.0,lagoa do ouro
9592,watches_gifts,219.0,ji-parana
9593,watches_gifts,219.0,portao
9594,furniture_bedroom,219.0,nova iguacu
9595,art,218.99,taboao da serra
9596,watches_gifts,218.99,estrela
9597,cool_stuff,218.99,pedralva
9598,telephony,218.98,ipatinga
9599,home_construction,218.95,ipatinga
9600,furniture_living_room,218.94,araraquara
9601,sports_leisure,218.91,unai
9602,construction_tools_construction,218.9,itaquaquecetuba
9603,furniture_decor,218.9,vere
9604,baby,218.9,nilopolis
9605,sports_leisure,218.9,quixeramobim
9606,watches_gifts,218.9,ibiraci
9607,art,218.9,jacarei
9608,housewares,218.9,candeias
9609,health_beauty,218.89000000000001,goioere
9610,books_imported,218.89,rio de janeiro
9611,stationery,218.8,ijui
9612,baby,218.8,santa fe do sul
9613,bed_bath_table,218.8,viradouro
9614,bed_bath_table,218.8,sabinopolis
9615,health_beauty,218.8,valparaiso de goias
9616,watches_gifts,218.8,fazenda rio grande
9617,watches_gifts,218.79000000000002,ibiuna
9618,auto,218.70000000000002,itupeva
9619,stationery,218.64000000000001,salto
9620,health_beauty,218.62,nova soure
9621,home_appliances,218.19,santa maria
9622,furniture_decor,218.04,pedro leopoldo
9623,auto,218.0,paulo afonso
9624,bed_bath_table,218.0,rio negrinho
9625,garden_tools,218.0,lencois
9626,sports_leisure,218.0,palmeira dos indios
9627,kitchen_dining_laundry_garden_furniture,218.0,cachoeira do sul
9628,pet_shop,217.99,juazeiro
9629,perfumery,217.96,lorena
9630,furniture_decor,217.9,horizontina
9631,bed_bath_table,217.9,cornelio procopio
9632,audio,217.9,feira de santana
9633,cool_stuff,217.9,goitacazes
9634,watches_gifts,217.9,videira
9635,garden_tools,217.86,olimpia
9636,sports_leisure,217.8,brotas
9637,bed_bath_table,217.8,bambui
9638,stationery,217.8,sao sebastiao
9639,fashion_bags_accessories,217.79000000000002,araras
9640,fashion_bags_accessories,217.70000000000002,nova friburgo
9641,electronics,217.53000000000003,diadema
9642,auto,217.4,gurupi
9643,health_beauty,217.39,penapolis
9644,auto,217.38,camaragibe
9645,computers_accessories,217.34,pitangui
9646,computers_accessories,217.19,ponte nova
9647,garden_tools,217.0,venda nova do imigrante
9648,home_appliances_2,217.0,ouro preto
9649,watches_gifts,217.0,sacramento
9650,garden_tools,216.97,nova odessa
9651,auto,216.9,pocos de caldas
9652,watches_gifts,216.9,sabara
9653,computers_accessories,216.9,tabapua
9654,perfumery,216.79000000000002,presidente prudente
9655,toys,216.69,varzea paulista
9656,bed_bath_table,216.65,brusque
9657,furniture_decor,216.59000000000003,ouro branco
9658,,216.48,brusque
9659,toys,216.39,cruzeiro
9660,electronics,216.3,guaratingueta
9661,sports_leisure,216.29,paraguacu paulista
9662,toys,216.24,paranaiba
9663,stationery,216.20000000000002,dourados
9664,consoles_games,216.01999999999998,niteroi
9665,sports_leisure,216.0,vila muriqui
9666,furniture_decor,216.0,benedito novo
9667,signaling_and_security,216.0,santo antonio da patrulha
9668,kitchen_dining_laundry_garden_furniture,216.0,aguas lindas de goias
9669,bed_bath_table,216.0,tarabai
9670,furniture_decor,216.0,eloi mendes
9671,computers_accessories,215.9,virginopolis
9672,sports_leisure,215.9,catanduvas
9673,luggage_accessories,215.9,sao jose
9674,watches_gifts,215.9,santa branca
9675,home_construction,215.9,avare
9676,cool_stuff,215.8,artur nogueira
9677,market_place,215.8,juiz de fora
9678,pet_shop,215.8,santa rita do sapucai
9679,furniture_decor,215.77000000000004,poa
9680,housewares,215.74,carangola
9681,housewares,215.7,cruzeiro
9682,perfumery,215.7,valparaiso de goias
9683,health_beauty,215.64,mongagua
9684,food_drink,215.56,ferraz de vasconcelos
9685,food_drink,215.56,juiz de fora
9686,food_drink,215.56,olinda
9687,food_drink,215.56,teresina
9688,food_drink,215.56,ceara-mirim
9689,luggage_accessories,215.4,fernandopolis
9690,construction_tools_construction,215.4,viamao
9691,furniture_decor,215.28000000000003,manaus
9692,health_beauty,215.13,pedreira
9693,furniture_decor,215.09,videira
9694,cool_stuff,215.0,santa cruz da conceicao
9695,cool_stuff,215.0,tres coroas
9696,watches_gifts,215.0,sao bento do una
9697,bed_bath_table,215.0,minacu
9698,cool_stuff,215.0,nova granada
9699,computers_accessories,215.0,manhumirim
9700,cool_stuff,215.0,progresso
9701,watches_gifts,215.0,alexania
9702,cool_stuff,215.0,itanhandu
9703,auto,215.0,santanesia
9704,perfumery,215.0,serra azul de minas
9705,cool_stuff,215.0,monte carlo
9706,cool_stuff,215.0,santa rosa
9707,construction_tools_lights,214.99,recife
9708,computers_accessories,214.99,muzambinho
9709,baby,214.98000000000002,marilia
9710,telephony,214.98000000000002,lavras
9711,small_appliances_home_oven_and_coffee,214.9,pelotas
9712,furniture_decor,214.9,holambra
9713,housewares,214.9,itumbiara
9714,stationery,214.9,sao jose da lapa
9715,furniture_decor,214.89000000000001,morrinhos
9716,bed_bath_table,214.89000000000001,cabrobo
9717,furniture_living_room,214.89,lajeado
9718,bed_bath_table,214.89,francisco beltrao
9719,fixed_telephony,214.88,guarulhos
9720,electronics,214.8,umuarama
9721,cool_stuff,214.8,mendonca
9722,computers_accessories,214.8,varzea grande
9723,toys,214.8,leme
9724,bed_bath_table,214.8,mococa
9725,perfumery,214.79,paranagua
9726,toys,214.70000000000002,barretos
9727,computers_accessories,214.31,medina
9728,auto,214.0,araguatins
9729,housewares,214.0,novo cruzeiro
9730,housewares,214.0,guamiranga
9731,auto,214.0,colonia leopoldina
9732,furniture_decor,214.0,sao roque
9733,cool_stuff,214.0,garopaba
9734,auto,214.0,itapecerica
9735,furniture_living_room,213.99,vila velha
9736,housewares,213.98000000000002,cosmopolis
9737,office_furniture,213.98,santa rita do sapucai
9738,office_furniture,213.98,cacador
9739,pet_shop,213.9,itapecerica da serra
9740,watches_gifts,213.9,porto ferreira
9741,watches_gifts,213.9,silva jardim
9742,home_confort,213.9,serra
9743,watches_gifts,213.9,miracema
9744,bed_bath_table,213.9,barao de cocais
9745,watches_gifts,213.9,sao joao
9746,consoles_games,213.9,marica
9747,furniture_decor,213.88000000000002,piedade de caratinga
9748,baby,213.7,louveira
9749,housewares,213.64999999999998,patos de minas
9750,baby,213.6,santana de parnaiba
9751,sports_leisure,213.4,araguari
9752,housewares,213.29000000000002,lindoia
9753,fashion_bags_accessories,213.2,presidente prudente
9754,baby,213.0,cachoeira paulista
9755,baby,213.0,armacao dos buzios
9756,baby,213.0,goianesia do para
9757,bed_bath_table,212.99,dois irmaos
9758,drinks,212.98000000000002,florianopolis
9759,health_beauty,212.97,ipora
9760,telephony,212.95999999999998,porto seguro
9761,pet_shop,212.9,guaxupe
9762,sports_leisure,212.8,telemaco borba
9763,luggage_accessories,212.79000000000002,nova friburgo
9764,telephony,212.70000000000002,barroso
9765,sports_leisure,212.7,carpina
9766,bed_bath_table,212.5,nova olinda do maranhao
9767,bed_bath_table,212.49,paranapanema
9768,telephony,212.4,telha
9769,telephony,212.4,santo amaro da imperatriz
9770,housewares,212.1,santo antonio da platina
9771,watches_gifts,212.0,guaira
9772,books_imported,212.0,petropolis
9773,watches_gifts,211.91,jequia da praia
9774,sports_leisure,211.9,capao da canoa
9775,health_beauty,211.9,sao sebastiao do paraiso
9776,sports_leisure,211.89,caxias
9777,perfumery,211.8,colombo
9778,garden_tools,211.8,itaborai
9779,housewares,211.74,santa rosa de viterbo
9780,health_beauty,211.44,timoteo
9781,sports_leisure,211.4,taquara
9782,construction_tools_construction,211.1,contagem
9783,telephony,211.05,doutor camargo
9784,housewares,211.01,camacari
9785,auto,211.0,senhor do bonfim
9786,watches_gifts,210.97,mossoro
9787,pet_shop,210.92999999999998,valinhos
9788,furniture_decor,210.9,garopaba
9789,computers_accessories,210.9,sapucaia do sul
9790,garden_tools,210.9,lauro de freitas
9791,telephony,210.82000000000002,poa
9792,bed_bath_table,210.8,sao jose do norte
9793,computers_accessories,210.79000000000002,caratinga
9794,housewares,210.65,itapiranga
9795,auto,210.32999999999998,anapolis
9796,housewares,210.3,sao marcos
9797,,210.18,teresina
9798,fixed_telephony,210.14,osasco
9799,computers_accessories,210.10000000000002,aracati
9800,health_beauty,210.01,uaua
9801,garden_tools,210.0,boa vista
9802,sports_leisure,210.0,andorinha
9803,furniture_decor,210.0,campos novos
9804,computers_accessories,210.0,capanema
9805,construction_tools_construction,210.0,cocal
9806,stationery,210.0,santo antonio do grama
9807,watches_gifts,210.0,vianopolis
9808,garden_tools,210.0,macapa
9809,watches_gifts,210.0,santa adelia
9810,kitchen_dining_laundry_garden_furniture,210.0,sao goncalo do para
9811,sports_leisure,210.0,altamira do parana
9812,watches_gifts,210.0,camamu
9813,consoles_games,210.0,ibirite
9814,sports_leisure,210.0,dias d'avila
9815,home_construction,210.0,pedra bela
9816,cool_stuff,209.99,cruzeiro do oeste
9817,auto,209.99,tucurui
9818,cool_stuff,209.99,imbituba
9819,home_appliances_2,209.99,sao pedro dos ferros
9820,cool_stuff,209.99,schroeder
9821,cool_stuff,209.99,gramado dos loureiros
9822,cool_stuff,209.99,bombinhas
9823,health_beauty,209.99,estancia
9824,cool_stuff,209.99,uaua
9825,toys,209.99,novo horizonte
9826,watches_gifts,209.99,nazare paulista
9827,garden_tools,209.99,bom despacho
9828,home_construction,209.99,sinop
9829,telephony,209.99,tobias barreto
9830,home_appliances_2,209.99,limeira
9831,cool_stuff,209.99,valparaiso de goias
9832,cool_stuff,209.99,jucurucu
9833,cool_stuff,209.99,terra nova
9834,cool_stuff,209.99,sao francisco de paula
9835,home_appliances_2,209.99,balneario camboriu
9836,cool_stuff,209.99,santo expedito do sul
9837,home_appliances_2,209.99,petrolina
9838,cool_stuff,209.99,gameleira
9839,telephony,209.99,jaqueira
9840,cool_stuff,209.99,borrazopolis
9841,pet_shop,209.9,eusebio
9842,furniture_decor,209.9,soledade
9843,cool_stuff,209.9,sao miguel do iguacu
9844,kitchen_dining_laundry_garden_furniture,209.9,bauru
9845,home_appliances_2,209.9,sumare
9846,bed_bath_table,209.9,pinheiros
9847,air_conditioning,209.9,indaiatuba
9848,sports_leisure,209.9,bom despacho
9849,home_appliances_2,209.9,barra de sao joao
9850,telephony,209.9,sao goncalo do rio preto
9851,sports_leisure,209.9,sao pedro do ivai
9852,fashion_underwear_beach,209.9,campinas
9853,toys,209.9,lapa
9854,fashion_bags_accessories,209.9,rubiataba
9855,luggage_accessories,209.9,morro redondo
9856,perfumery,209.89000000000001,maracanau
9857,toys,209.89000000000001,sete lagoas
9858,baby,209.89000000000001,sapucaia do sul
9859,auto,209.89000000000001,holambra
9860,health_beauty,209.89,sao joao da boa vista
9861,health_beauty,209.89,vila muriqui
9862,health_beauty,209.89,ivaipora
9863,computers_accessories,209.81,parauapebas
9864,consoles_games,209.8,caieiras
9865,furniture_decor,209.8,barra do pirai
9866,sports_leisure,209.8,sao luis de montes belos
9867,health_beauty,209.8,balneario pinhal
9868,bed_bath_table,209.8,itaocara
9869,housewares,209.8,itaqui
9870,fashion_bags_accessories,209.8,matias barbosa
9871,baby,209.8,juazeiro do norte
9872,garden_tools,209.70000000000002,itapecerica da serra
9873,pet_shop,209.70000000000002,toledo
9874,furniture_decor,209.70000000000002,diamantina
9875,computers_accessories,209.70000000000002,valenca
9876,pet_shop,209.69,criciuma
9877,,209.67000000000002,botucatu
9878,bed_bath_table,209.67000000000002,ipubi
9879,,209.67000000000002,jacobina
9880,home_appliances,209.45,chapeco
9881,,209.31,bom jesus da lapa
9882,housewares,209.3,taguatinga
9883,toys,209.29,atibaia
9884,home_appliances,209.0,camboriu
9885,watches_gifts,209.0,maracanau
9886,computers_accessories,209.0,curaca
9887,telephony,209.0,santana do paraiso
9888,sports_leisure,209.0,borborema
9889,watches_gifts,209.0,saquarema
9890,pet_shop,209.0,sapiranga
9891,sports_leisure,209.0,sucesso
9892,watches_gifts,209.0,sao gotardo
9893,perfumery,209.0,sao lourenco
9894,bed_bath_table,208.99,sud mennucci
9895,construction_tools_construction,208.92,mage
9896,auto,208.9,tres coracoes
9897,electronics,208.9,laranjal do jari
9898,watches_gifts,208.9,iracemapolis
9899,stationery,208.9,saquarema
9900,,208.9,ibirite
9901,health_beauty,208.9,abaete
9902,computers_accessories,208.89000000000001,cerqueira cesar
9903,furniture_decor,208.72,sao joao do triunfo
9904,sports_leisure,208.70000000000002,socorro
9905,auto,208.60000000000002,planaltina
9906,computers_accessories,208.60000000000002,dois corregos
9907,cool_stuff,208.5,faxinal dos guedes
9908,furniture_decor,208.24,garca
9909,auto,208.1,nova laranjeiras
9910,home_construction,208.0,sao jose
9911,industry_commerce_and_business,208.0,carmo do cajuru
9912,watches_gifts,208.0,uruguaiana
9913,garden_tools,208.0,candeias
9914,furniture_decor,208.0,cumaru
9915,home_appliances,208.0,lucas do rio verde
9916,stationery,208.0,alvorada
9917,computers_accessories,208.0,luizlandia do oeste
9918,health_beauty,208.0,santa rosa de viterbo
9919,health_beauty,208.0,morada nova de minas
9920,sports_leisure,207.99,ecoporanga
9921,perfumery,207.99,pinhais
9922,,207.99,montes claros
9923,toys,207.98000000000002,itabuna
9924,furniture_living_room,207.94,vitoria
9925,furniture_living_room,207.94,ourinhos
9926,furniture_living_room,207.94,itaguacu
9927,consoles_games,207.94,lages
9928,furniture_living_room,207.94,paulinia
9929,stationery,207.9,luziania
9930,stationery,207.9,gravatai
9931,bed_bath_table,207.89,castro
9932,fashion_bags_accessories,207.8,caieiras
9933,sports_leisure,207.7,carandai
9934,pet_shop,207.63,resende
9935,baby,207.60000000000002,araraquara
9936,home_appliances,207.58999999999997,juiz de fora
9937,,207.44,suzano
9938,housewares,207.36,pindamonhangaba
9939,baby,207.2,itajai
9940,furniture_decor,207.06,americo brasiliense
9941,furniture_decor,207.06,orleans
9942,furniture_decor,207.0,quatro bocas
9943,sports_leisure,207.0,torres
9944,housewares,207.0,sapiranga
9945,watches_gifts,207.0,ico
9946,office_furniture,206.98,serra
9947,watches_gifts,206.9,itaperuna
9948,bed_bath_table,206.9,arroio dos ratos
9949,,206.89,pindamonhangaba
9950,home_appliances,206.85,aparecida de goiania
9951,bed_bath_table,206.8,pedreira
9952,garden_tools,206.8,ji-parana
9953,books_technical,206.79,feira de santana
9954,baby,206.74,frei lagonegro
9955,home_construction,206.7,uberlandia
9956,housewares,206.65,chavantes
9957,fashion_bags_accessories,206.6,araxa
9958,garden_tools,206.4,cosmopolis
9959,perfumery,206.10000000000002,penapolis
9960,industry_commerce_and_business,206.0,lorena
9961,electronics,206.0,sao joao da barra
9962,home_appliances_2,205.99,rondonopolis
9963,home_appliances_2,205.99,nova vicosa
9964,bed_bath_table,205.99,quatis
9965,furniture_decor,205.92000000000002,castelo
9966,fashion_sport,205.9,sao vicente ferrer
9967,computers_accessories,205.9,faxinal dos guedes
9968,bed_bath_table,205.89000000000001,rianapolis
9969,construction_tools_construction,205.89000000000001,vespasiano
9970,pet_shop,205.88,muriae
9971,watches_gifts,205.81,ibipora
9972,watches_gifts,205.81,cabo de santo agostinho
9973,food,205.8,valparaiso de goias
9974,pet_shop,205.8,passo fundo
9975,housewares,205.8,panambi
9976,electronics,205.78999999999996,bebedouro
9977,bed_bath_table,205.70000000000002,bofete
9978,bed_bath_table,205.70000000000002,cacador
9979,pet_shop,205.60000000000002,itauna
9980,perfumery,205.44,votorantim
9981,health_beauty,205.36999999999998,vitoria de santo antao
9982,home_appliances,205.1,pocos de caldas
9983,bed_bath_table,205.0,serra de sao bento
9984,bed_bath_table,205.0,tiangua
9985,bed_bath_table,205.0,estancia
9986,bed_bath_table,205.0,garanhuns
9987,bed_bath_table,205.0,terra de areia
9988,bed_bath_table,205.0,joviania
9989,bed_bath_table,205.0,aurea
9990,bed_bath_table,205.0,rio pardo
9991,bed_bath_table,205.0,irupi
9992,bed_bath_table,205.0,santa cruz de goias
9993,bed_bath_table,205.0,pombal
9994,bed_bath_table,205.0,conceicao do rio verde
9995,bed_bath_table,205.0,rolante
9996,bed_bath_table,205.0,monte carmelo
9997,watches_gifts,205.0,diamantina
9998,bed_bath_table,205.0,pendencias
9999,bed_bath_table,205.0,timbauba
10000,bed_bath_table,205.0,alpinopolis
10001,bed_bath_table,205.0,munhoz de melo
10002,health_beauty,205.0,esperanca
10003,sports_leisure,204.99,tres passos
10004,toys,204.96999999999997,dianopolis
10005,toys,204.9,batatais
10006,furniture_decor,204.9,camboriu
10007,telephony,204.89000000000001,monte carmelo
10008,perfumery,204.89,sao sebastiao do paraiso
10009,baby,204.88,ponte nova
10010,bed_bath_table,204.8,nova granada
10011,bed_bath_table,204.8,natividade
10012,baby,204.8,lucas do rio verde
10013,audio,204.8,angra dos reis
10014,pet_shop,204.7,varzea grande
10015,watches_gifts,204.55,piranguinho
10016,computers_accessories,204.5,aurea
10017,sports_leisure,204.49,barrinha
10018,electronics,204.3,bauru
10019,stationery,204.2,bonfim paulista
10020,watches_gifts,204.0,marialva
10021,construction_tools_construction,204.0,teofilo otoni
10022,watches_gifts,204.0,sao mateus do maranhao
10023,stationery,204.0,caxias do sul
10024,home_appliances_2,204.0,gameleiras
10025,housewares,204.0,tucunduva
10026,watches_gifts,204.0,iati
10027,home_appliances_2,204.0,londrina
10028,home_appliances_2,204.0,cotia
10029,sports_leisure,204.0,adolfo
10030,furniture_bedroom,204.0,santa branca
10031,costruction_tools_garden,204.0,jandira
10032,watches_gifts,204.0,barreiros
10033,health_beauty,203.99,capim grosso
10034,books_technical,203.99,aracatuba
10035,auto,203.99,coroata
10036,watches_gifts,203.9,brumado
10037,furniture_decor,203.9,rio azul
10038,furniture_decor,203.8,ilhabela
10039,fashion_bags_accessories,203.8,cafelandia
10040,cool_stuff,203.79,pinheiral
10041,electronics,203.55,orlandia
10042,stationery,203.39,toledo
10043,,203.20000000000002,presidente prudente
10044,industry_commerce_and_business,203.0,cuiaba
10045,stationery,203.0,avanhandava
10046,bed_bath_table,203.0,corrente
10047,bed_bath_table,202.9,ibatiba
10048,bed_bath_table,202.9,santa isabel do para
10049,furniture_decor,202.89000000000001,jequitinhonha
10050,baby,202.79000000000002,barra mansa
10051,bed_bath_table,202.70000000000002,colorado
10052,food,202.70000000000002,santana de parnaiba
10053,home_appliances,202.65,ribeirao pires
10054,bed_bath_table,202.43,esperantina
10055,baby,202.3,capao do cipo
10056,housewares,202.0,santo augusto
10057,industry_commerce_and_business,202.0,macae
10058,auto,202.0,imigrante
10059,bed_bath_table,201.8,barra bonita
10060,housewares,201.8,tubarao
10061,computers_accessories,201.8,tremembe
10062,toys,201.79000000000002,campos do jordao
10063,furniture_decor,201.79,jandira
10064,electronics,201.70000000000002,jacarei
10065,housewares,201.68,uruguaiana
10066,computers_accessories,201.49,joacaba
10067,health_beauty,201.48,coribe
10068,perfumery,201.2,toledo
10069,fashion_bags_accessories,201.09000000000003,maua
10070,signaling_and_security,201.0,itapecerica da serra
10071,perfumery,200.99,novo horizonte
10072,air_conditioning,200.9,sorocaba
10073,,200.89,sao joao da boa vista
10074,telephony,200.88,araguari
10075,luggage_accessories,200.8,sao goncalo do rio abaixo
10076,auto,200.43,espumoso
10077,health_beauty,200.31,leme
10078,garden_tools,200.0,amparo
10079,industry_commerce_and_business,200.0,campinas
10080,baby,200.0,flora rica
10081,food,200.0,taubate
10082,watches_gifts,200.0,condado
10083,small_appliances_home_oven_and_coffee,200.0,divinopolis
10084,garden_tools,200.0,capivari de baixo
10085,bed_bath_table,200.0,sucupira do norte
10086,bed_bath_table,200.0,aripuana
10087,market_place,200.0,lagoa santa
10088,construction_tools_safety,200.0,garanhuns
10089,auto,200.0,janauba
10090,auto,200.0,tangara da serra
10091,home_construction,200.0,pindamonhangaba
10092,bed_bath_table,200.0,itapecuru mirim
10093,signaling_and_security,200.0,cachoeirinha
10094,home_construction,200.0,sao jose dos quatro marcos
10095,housewares,200.0,santa maria da vitoria
10096,garden_tools,199.99,itapecerica
10097,cool_stuff,199.99,paraiso
10098,garden_tools,199.99,kalore
10099,computers_accessories,199.99,tupancireta
10100,cool_stuff,199.99,rio do sul
10101,auto,199.99,prudente de morais
10102,telephony,199.99,morro do chapeu
10103,cool_stuff,199.99,araripina
10104,toys,199.99,pinheiral
10105,cool_stuff,199.99,maracai
10106,cool_stuff,199.99,cerro largo
10107,cool_stuff,199.99,uruguaiana
10108,luggage_accessories,199.99,sao jose de uba
10109,health_beauty,199.99,pinheiros
10110,auto,199.99,santa barbara
10111,watches_gifts,199.99,guimaraes
10112,cool_stuff,199.99,quixada
10113,toys,199.99,mococa
10114,health_beauty,199.99,sao sebastiao
10115,construction_tools_construction,199.99,guapimirim
10116,toys,199.99,ouro branco
10117,computers_accessories,199.99,carmo da cachoeira
10118,health_beauty,199.99,vazante
10119,auto,199.99,jucurucu
10120,computers_accessories,199.99,carangola
10121,furniture_decor,199.99,granja
10122,auto,199.99,leopoldina
10123,office_furniture,199.99,holambra
10124,cool_stuff,199.98000000000002,unai
10125,toys,199.98,rafard
10126,office_furniture,199.98,conceicao da barra
10127,art,199.98,macae
10128,art,199.98,itapecerica da serra
10129,office_furniture,199.98,curvelo
10130,office_furniture,199.97,santa barbara
10131,office_furniture,199.97,lorena
10132,office_furniture,199.96,alem paraiba
10133,furniture_living_room,199.94,medianeira
10134,bed_bath_table,199.94,trindade
10135,construction_tools_safety,199.9,piracicaba
10136,stationery,199.9,pitangui
10137,audio,199.9,viamao
10138,baby,199.9,barao de cocais
10139,auto,199.9,balsas
10140,costruction_tools_tools,199.9,ijui
10141,books_general_interest,199.9,umuarama
10142,construction_tools_safety,199.9,ortigueira
10143,telephony,199.9,acopiara
10144,fashion_bags_accessories,199.9,uirauna
10145,construction_tools_safety,199.9,candido mota
10146,air_conditioning,199.9,embu das artes
10147,fashion_male_clothing,199.9,taubate
10148,watches_gifts,199.9,canapolis
10149,bed_bath_table,199.9,irati
10150,auto,199.9,rio novo
10151,auto,199.9,icarai de minas
10152,sports_leisure,199.9,pacajus
10153,auto,199.9,eldorado do sul
10154,watches_gifts,199.9,dourado
10155,cine_photo,199.9,altamira
10156,sports_leisure,199.9,bom principio
10157,toys,199.9,santiago
10158,stationery,199.9,bom jesus do sul
10159,perfumery,199.9,italva
10160,construction_tools_construction,199.9,mangaratiba
10161,bed_bath_table,199.9,tenente portela
10162,sports_leisure,199.9,parati
10163,auto,199.9,monte gordo
10164,fixed_telephony,199.9,matao
10165,construction_tools_safety,199.9,eusebio
10166,agro_industry_and_commerce,199.9,sao bernardo do campo
10167,stationery,199.9,santiago
10168,bed_bath_table,199.9,bom jesus do galho
10169,watches_gifts,199.9,guabiruba
10170,sports_leisure,199.9,agua boa
10171,watches_gifts,199.9,piratininga
10172,electronics,199.9,andradina
10173,watches_gifts,199.9,campina da lagoa
10174,watches_gifts,199.9,santa quiteria
10175,health_beauty,199.9,igarape
10176,toys,199.89000000000001,estrela
10177,health_beauty,199.89,bom jesus do amparo
10178,baby,199.89,peruibe
10179,telephony,199.85999999999999,lorena
10180,home_construction,199.85,sao mateus
10181,luggage_accessories,199.8,ponte nova
10182,sports_leisure,199.8,uniao da vitoria
10183,furniture_decor,199.8,eusebio
10184,bed_bath_table,199.8,pradopolis
10185,bed_bath_table,199.8,sanclerlandia
10186,fashion_shoes,199.8,jundiai
10187,computers_accessories,199.8,cidade ocidental
10188,bed_bath_table,199.8,auriflama
10189,luggage_accessories,199.8,perdizes
10190,luggage_accessories,199.8,paracambi
10191,toys,199.8,icara
10192,bed_bath_table,199.8,guaramirim
10193,home_construction,199.75,volta redonda
10194,furniture_decor,199.70000000000002,campos do jordao
10195,fashion_underwear_beach,199.7,carapicuiba
10196,fashion_shoes,199.7,nilopolis
10197,fashion_shoes,199.7,lages
10198,fashion_shoes,199.7,floriano
10199,furniture_decor,199.7,sao jose do rio pardo
10200,fashion_shoes,199.7,cachoeiro de itapemirim
10201,fashion_shoes,199.7,tanhacu
10202,fashion_shoes,199.7,xambioa
10203,fashion_shoes,199.7,barreiras
10204,fashion_shoes,199.7,sao gotardo
10205,fashion_shoes,199.7,paragominas
10206,fashion_shoes,199.7,natal
10207,fashion_shoes,199.7,maceio
10208,fashion_shoes,199.7,santana de parnaiba
10209,fashion_shoes,199.7,sao fidelis
10210,perfumery,199.7,ilheus
10211,fashion_shoes,199.7,patos de minas
10212,home_construction,199.65,assis
10213,garden_tools,199.6,pirajui
10214,electronics,199.6,vereda
10215,cine_photo,199.55,araraquara
10216,electronics,199.45000000000002,taboao da serra
10217,sports_leisure,199.4,marechal candido rondon
10218,consoles_games,199.4,manhuacu
10219,sports_leisure,199.4,manhumirim
10220,home_appliances,199.38,ribeirao preto
10221,bed_bath_table,199.14,perdizes
10222,furniture_decor,199.0,cruzilia
10223,industry_commerce_and_business,199.0,igreja nova
10224,cool_stuff,199.0,sao simao
10225,telephony,199.0,calcado
10226,cool_stuff,199.0,itambacuri
10227,fixed_telephony,199.0,salto veloso
10228,musical_instruments,199.0,jacutinga
10229,cool_stuff,199.0,aparecida de sao manuel
10230,cool_stuff,199.0,rancharia
10231,musical_instruments,199.0,concordia
10232,cool_stuff,199.0,mairipora
10233,cool_stuff,199.0,recreio
10234,cool_stuff,199.0,ametista do sul
10235,air_conditioning,199.0,nova friburgo
10236,construction_tools_construction,199.0,porto feliz
10237,furniture_decor,199.0,serrinha
10238,watches_gifts,199.0,canarana
10239,cool_stuff,199.0,fontoura xavier
10240,home_confort,199.0,mage
10241,furniture_bedroom,199.0,guarulhos
10242,cool_stuff,199.0,guapo
10243,cool_stuff,199.0,santa rita do araguaia
10244,industry_commerce_and_business,199.0,piratininga
10245,cool_stuff,199.0,ilhabela
10246,home_appliances_2,199.0,sao jose
10247,air_conditioning,199.0,anapolis
10248,watches_gifts,199.0,apucarana
10249,home_appliances_2,199.0,sao bernardo do campo
10250,cool_stuff,199.0,galia
10251,watches_gifts,199.0,itau de minas
10252,home_appliances_2,199.0,varzea paulista
10253,watches_gifts,199.0,carinhanha
10254,watches_gifts,199.0,sao joaquim da barra
10255,cool_stuff,199.0,pedro canario
10256,musical_instruments,199.0,ouro branco
10257,cool_stuff,199.0,mendes
10258,health_beauty,199.0,andrequice
10259,fashion_male_clothing,199.0,pojuca
10260,cool_stuff,199.0,comendador levy gasparian
10261,air_conditioning,199.0,venda nova do imigrante
10262,watches_gifts,199.0,carapebus
10263,food,199.0,aimores
10264,air_conditioning,199.0,janiopolis
10265,food,199.0,paranavai
10266,cool_stuff,199.0,edeia
10267,watches_gifts,199.0,carmo do paranaiba
10268,health_beauty,199.0,cidreira
10269,housewares,199.0,sabino
10270,bed_bath_table,199.0,mambore
10271,cool_stuff,199.0,rio real
10272,auto,199.0,alvaro de carvalho
10273,cool_stuff,199.0,alto garcas
10274,computers_accessories,199.0,bambui
10275,cool_stuff,199.0,general carneiro
10276,cool_stuff,199.0,arroio dos ratos
10277,health_beauty,199.0,mateus leme
10278,watches_gifts,199.0,curral de cima
10279,cool_stuff,199.0,colniza
10280,cool_stuff,199.0,parapua
10281,cool_stuff,199.0,biguacu
10282,cool_stuff,199.0,jeremoabo
10283,bed_bath_table,199.0,santa rosa do sul
10284,home_appliances_2,199.0,tubarao
10285,cool_stuff,199.0,orleans
10286,bed_bath_table,199.0,crissiumal
10287,cool_stuff,199.0,cacapava
10288,construction_tools_construction,199.0,ipero
10289,cool_stuff,199.0,bacabal
10290,cool_stuff,199.0,palminopolis
10291,cool_stuff,199.0,tres rios
10292,sports_leisure,199.0,pradopolis
10293,cool_stuff,199.0,alto alegre do pindare
10294,cool_stuff,199.0,abadia dos dourados
10295,stationery,199.0,patrocinio
10296,musical_instruments,199.0,trairi
10297,baby,199.0,oroco
10298,health_beauty,199.0,nova xavantina
10299,watches_gifts,199.0,capitao andrade
10300,cool_stuff,199.0,sumidouro
10301,watches_gifts,199.0,alvorada
10302,luggage_accessories,199.0,ubatuba
10303,air_conditioning,199.0,sao luis
10304,stationery,199.0,domingos martins
10305,watches_gifts,199.0,nova santa rita
10306,cool_stuff,199.0,monte azul
10307,stationery,199.0,gandu
10308,telephony,199.0,santa cruz cabralia
10309,bed_bath_table,199.0,sao jose do belmonte
10310,perfumery,199.0,jordania
10311,home_appliances_2,199.0,hortolandia
10312,cool_stuff,199.0,passos
10313,cool_stuff,199.0,crixas
10314,watches_gifts,199.0,goianinha
10315,watches_gifts,199.0,campos do jordao
10316,cool_stuff,199.0,tocos
10317,cool_stuff,199.0,piracuruca
10318,cool_stuff,199.0,sabino
10319,cool_stuff,199.0,salto de pirapora
10320,cool_stuff,199.0,saquarema
10321,watches_gifts,199.0,senador pompeu
10322,cool_stuff,199.0,tangua
10323,watches_gifts,199.0,lagoa de velhos
10324,watches_gifts,199.0,macuco de minas
10325,telephony,199.0,itarare
10326,cool_stuff,199.0,morro da garca
10327,cool_stuff,199.0,irati
10328,computers_accessories,199.0,marechal candido rondon
10329,sports_leisure,198.98,corumba
10330,perfumery,198.97,batatais
10331,sports_leisure,198.92,ibate
10332,perfumery,198.9,guanambi
10333,watches_gifts,198.9,divino
10334,stationery,198.9,ilheus
10335,perfumery,198.9,francisco dantas
10336,luggage_accessories,198.9,uniao da vitoria
10337,toys,198.9,aguas de lindoia
10338,fashio_female_clothing,198.9,ferraz de vasconcelos
10339,luggage_accessories,198.9,passo fundo
10340,luggage_accessories,198.9,jardinopolis
10341,perfumery,198.9,fagundes
10342,watches_gifts,198.9,joao neiva
10343,health_beauty,198.9,santo antonio do monte
10344,auto,198.9,barao de cocais
10345,watches_gifts,198.9,sapeacu
10346,cool_stuff,198.89000000000001,arcos
10347,sports_leisure,198.89000000000001,mar de espanha
10348,books_general_interest,198.89000000000001,araraquara
10349,health_beauty,198.89,arceburgo
10350,,198.89,anapolis
10351,health_beauty,198.88,igarassu
10352,telephony,198.87,santa rita do sapucai
10353,fashion_bags_accessories,198.81,guaruja
10354,fashion_male_clothing,198.8,santa fe de goias
10355,stationery,198.8,sumare
10356,housewares,198.8,tremembe
10357,garden_tools,198.8,guacui
10358,stationery,198.7,betim
10359,stationery,198.4,concordia
10360,garden_tools,198.0,leme
10361,construction_tools_safety,198.0,ponta grossa
10362,tablets_printing_image,198.0,teresina
10363,sports_leisure,198.0,jarinu
10364,industry_commerce_and_business,198.0,arroio grande
10365,tablets_printing_image,198.0,salvador
10366,tablets_printing_image,198.0,curitiba
10367,tablets_printing_image,198.0,januaria
10368,watches_gifts,198.0,cabrobo
10369,furniture_living_room,198.0,itaguai
10370,auto,198.0,rondon do para
10371,watches_gifts,198.0,piraju
10372,furniture_decor,198.0,sao romao
10373,watches_gifts,198.0,pimenta
10374,watches_gifts,198.0,biritiba-mirim
10375,tablets_printing_image,198.0,campo grande
10376,watches_gifts,198.0,novo gama
10377,perfumery,198.0,mira estrela
10378,toys,198.0,sao simao
10379,costruction_tools_garden,198.0,petrolina
10380,watches_gifts,197.99,planalto
10381,bed_bath_table,197.99,cacapava do sul
10382,consoles_games,197.99,olinda
10383,electronics,197.92000000000002,mairinque
10384,stationery,197.9,jau
10385,furniture_decor,197.9,brasilia de minas
10386,perfumery,197.9,santa vitoria
10387,garden_tools,197.9,charqueadas
10388,stationery,197.9,guaratingueta
10389,bed_bath_table,197.89000000000001,pederneiras
10390,small_appliances,197.89,caieiras
10391,furniture_decor,197.8,rio do sul
10392,computers_accessories,197.8,morrinhos
10393,watches_gifts,197.8,sao lourenco
10394,,197.79000000000002,franco da rocha
10395,home_construction,197.70000000000002,tambau
10396,,197.66000000000003,itajai
10397,computers_accessories,197.5,pontal do parana
10398,computers_accessories,197.5,general maynard
10399,small_appliances,197.5,francisco beltrao
10400,stationery,197.49,sao vicente
10401,auto,197.4,itambacuri
10402,sports_leisure,197.39,aracuai
10403,home_construction,197.38,uruguaiana
10404,auto,197.2,itapecerica da serra
10405,computers_accessories,197.0,jequitiba
10406,watches_gifts,197.0,passa quatro
10407,cool_stuff,197.0,itapoa
10408,watches_gifts,197.0,pitangueiras
10409,art,196.99,jundiai
10410,office_furniture,196.99,governador valadares
10411,telephony,196.95,itabuna
10412,office_furniture,196.93,monte aprazivel
10413,small_appliances,196.9,diadema
10414,stationery,196.9,montenegro
10415,baby,196.9,itabuna
10416,sports_leisure,196.9,paraguacu
10417,auto,196.9,itaborai
10418,computers_accessories,196.9,japeri
10419,bed_bath_table,196.89000000000001,cangucu
10420,books_technical,196.89,vila velha
10421,bed_bath_table,196.84000000000003,ouro preto
10422,furniture_decor,196.8,lagoa da prata
10423,health_beauty,196.8,itapecerica
10424,sports_leisure,196.58999999999997,itaporanga
10425,stationery,196.47,porto seguro
10426,computers_accessories,196.0,estrela
10427,auto,196.0,montenegro
10428,,196.0,sao leopoldo
10429,housewares,195.99,rio acima
10430,watches_gifts,195.99,conceicao do formoso
10431,perfumery,195.97000000000003,cariacica
10432,luggage_accessories,195.9,volta redonda
10433,cool_stuff,195.9,cachoeira do brumado
10434,bed_bath_table,195.9,agronomica
10435,food,195.86,salto
10436,telephony,195.84,eunapolis
10437,watches_gifts,195.6,paraguacu
10438,christmas_supplies,195.5,ipatinga
10439,christmas_supplies,195.5,salgueiro
10440,christmas_supplies,195.5,araxa
10441,watches_gifts,195.5,baixo guandu
10442,computers_accessories,195.3,mineiros
10443,pet_shop,195.2,brumado
10444,,195.2,monte verde
10445,garden_tools,195.1,conselheiro lafaiete
10446,,195.0,codo
10447,,195.0,sao miguel do araguaia
10448,health_beauty,195.0,campanha
10449,auto,195.0,guaramirim
10450,watches_gifts,195.0,lajinha
10451,pet_shop,195.0,pimenta bueno
10452,pet_shop,195.0,campos de julio
10453,watches_gifts,195.0,promissao
10454,bed_bath_table,195.0,montanha
10455,pet_shop,195.0,lagoa santa
10456,pet_shop,195.0,mandaguacu
10457,,195.0,guapo
10458,luggage_accessories,195.0,cabedelo
10459,perfumery,195.0,juina
10460,fashion_male_clothing,195.0,vila velha
10461,sports_leisure,194.99,teutonia
10462,office_furniture,194.99,tiete
10463,garden_tools,194.99,maximiliano de almeida
10464,sports_leisure,194.99,manoel urbano
10465,toys,194.99,catigua
10466,cool_stuff,194.99,ipojuca
10467,housewares,194.99,itupeva
10468,health_beauty,194.98,campo alegre do fidalgo
10469,office_furniture,194.97,itapema
10470,health_beauty,194.95999999999998,rio grande da serra
10471,watches_gifts,194.9,nova alvorada do sul
10472,stationery,194.9,ji-parana
10473,watches_gifts,194.9,castelo do piaui
10474,watches_gifts,194.9,paty do alferes
10475,furniture_decor,194.9,itamonte
10476,cool_stuff,194.9,vinhedo
10477,watches_gifts,194.9,lavras do sul
10478,consoles_games,194.89000000000001,rondonopolis
10479,bed_bath_table,194.89,nova bandeirantes
10480,bed_bath_table,194.89,teixeiras
10481,stationery,194.8,blumenau
10482,housewares,194.8,xangri-la
10483,computers_accessories,194.79000000000002,pinhais
10484,sports_leisure,194.70000000000002,parauapebas
10485,furniture_decor,194.69000000000003,viamao
10486,computers_accessories,194.68,santiago
10487,consoles_games,194.5,patos de minas
10488,stationery,194.38,olinda
10489,home_appliances,194.3,barra da estiva
10490,home_appliances,194.25,canarana
10491,home_appliances,194.0,brasilia de minas
10492,sports_leisure,194.0,jaguarao
10493,small_appliances,194.0,tabatinga
10494,auto,194.0,comodoro
10495,small_appliances,194.0,claudio
10496,health_beauty,194.0,sao jose da lapa
10497,housewares,194.0,sao luis do paraitinga
10498,bed_bath_table,193.99,ilhota
10499,furniture_decor,193.99,ipameri
10500,office_furniture,193.93,santa isabel
10501,furniture_decor,193.9,fundao
10502,telephony,193.88000000000002,colatina
10503,books_general_interest,193.8,divinopolis
10504,garden_tools,193.8,itatiba
10505,bed_bath_table,193.7,colombo
10506,cine_photo,193.65,mandaguari
10507,home_appliances,193.5,bastos
10508,health_beauty,193.48000000000002,jarinu
10509,garden_tools,193.48000000000002,jacarei
10510,home_appliances,193.25,vila dos cabanos
10511,computers_accessories,193.12,santa rita do sapucai
10512,small_appliances,193.0,rio do sul
10513,la_cuisine,193.0,canoas
10514,small_appliances,193.0,gaspar
10515,stationery,193.0,francisco beltrao
10516,small_appliances,193.0,matinhos
10517,small_appliances,193.0,sao francisco do sul
10518,small_appliances,193.0,nova prata
10519,housewares,193.0,espera feliz
10520,small_appliances,193.0,guaruja
10521,sports_leisure,193.0,corrente
10522,office_furniture,192.99,parnaiba
10523,office_furniture,192.99,tenente portela
10524,office_furniture,192.99,guaruja
10525,office_furniture,192.99,buritama
10526,housewares,192.9,aluminio
10527,cool_stuff,192.9,aracatuba
10528,,192.76000000000002,sao joao del rei
10529,,192.76,tatui
10530,,192.76,socorro
10531,,192.67000000000002,tangara da serra
10532,housewares,192.63,queimados
10533,drinks,192.5,lages
10534,bed_bath_table,192.49,itamonte
10535,food,192.27,sao jose do rio preto
10536,sports_leisure,192.24,rio casca
10537,fashion_underwear_beach,192.0,itaja
10538,fashion_underwear_beach,192.0,dourados
10539,health_beauty,192.0,virgolandia
10540,home_appliances,192.0,campos do jordao
10541,small_appliances,192.0,itatiba
10542,garden_tools,191.99,paraiba do sul
10543,cool_stuff,191.98000000000002,itupeva
10544,construction_tools_safety,191.94,fortaleza
10545,furniture_decor,191.9,santiago
10546,housewares,191.89000000000001,itaporanga
10547,musical_instruments,191.89000000000001,sao carlos
10548,health_beauty,191.88,mafra
10549,health_beauty,191.8,dias d'avila
10550,sports_leisure,191.8,tres coracoes
10551,pet_shop,191.8,planaltino
10552,computers_accessories,191.78,caldas novas
10553,bed_bath_table,191.68,conquista
10554,sports_leisure,191.0,forquilhinha
10555,sports_leisure,191.0,caninde de sao francisco
10556,audio,190.9,santana do deserto
10557,watches_gifts,190.9,mairinque
10558,audio,190.9,ponta pora
10559,audio,190.9,cangucu
10560,,190.89,gravatai
10561,watches_gifts,190.83,ipero
10562,watches_gifts,190.83,arcos
10563,watches_gifts,190.83,barra dos coqueiros
10564,watches_gifts,190.83,bom jardim de minas
10565,sports_leisure,190.8,santana do paraiso
10566,furniture_decor,190.8,raposos
10567,furniture_decor,190.6,sao lourenco
10568,electronics,190.55,lavras
10569,pet_shop,190.4,cotia
10570,construction_tools_construction,190.4,otacilio costa
10571,garden_tools,190.3,barra do pirai
10572,furniture_decor,190.2,artur nogueira
10573,baby,190.2,lagoa santa
10574,market_place,190.0,maceio
10575,costruction_tools_tools,190.0,bauru
10576,watches_gifts,190.0,estiva gerbi
10577,furniture_bedroom,190.0,maua
10578,christmas_supplies,190.0,santa vitoria do palmar
10579,fashion_underwear_beach,190.0,campo grande
10580,costruction_tools_tools,190.0,cuiaba
10581,audio,190.0,ilha de itamaraca
10582,furniture_bedroom,190.0,sao joao da boa vista
10583,auto,190.0,sao joao do oriente
10584,construction_tools_safety,190.0,bom jardim
10585,books_general_interest,190.0,vitoria
10586,air_conditioning,190.0,primeiro de maio
10587,baby,190.0,ibia
10588,stationery,190.0,vazante
10589,sports_leisure,190.0,porto belo
10590,pet_shop,190.0,santa adelia
10591,home_appliances,190.0,mondai
10592,costruction_tools_tools,190.0,itajuba
10593,home_construction,190.0,osasco
10594,costruction_tools_tools,190.0,recife
10595,health_beauty,190.0,pacaembu
10596,costruction_tools_tools,190.0,uruguaiana
10597,watches_gifts,190.0,tuparetama
10598,computers_accessories,190.0,canela
10599,sports_leisure,190.0,bandeirantes
10600,construction_tools_safety,190.0,canoas
10601,art,189.99,sao joao de meriti
10602,office_furniture,189.99,goianapolis
10603,stationery,189.99,barra mansa
10604,auto,189.99,moema
10605,office_furniture,189.99,porto velho
10606,pet_shop,189.99,santo antonio do descoberto
10607,health_beauty,189.99,faxinal dos guedes
10608,health_beauty,189.99,simao dias
10609,kitchen_dining_laundry_garden_furniture,189.99,mangaratiba
10610,pet_shop,189.99,tremembe
10611,market_place,189.99,queimados
10612,watches_gifts,189.99,medina
10613,fixed_telephony,189.99,piracanjuba
10614,fashion_bags_accessories,189.99,serrania
10615,small_appliances_home_oven_and_coffee,189.99,regente feijo
10616,furniture_bedroom,189.99,aracaju
10617,stationery,189.99,wanderley
10618,cool_stuff,189.98000000000002,tabapua
10619,bed_bath_table,189.98000000000002,santiago
10620,art,189.98,londrina
10621,office_furniture,189.98,divinopolis
10622,toys,189.98,santo antonio de padua
10623,garden_tools,189.98,ipero
10624,housewares,189.98,botelho
10625,bed_bath_table,189.98,muzambinho
10626,luggage_accessories,189.95999999999998,braganca paulista
10627,industry_commerce_and_business,189.95,contagem
10628,baby,189.94,xapuri
10629,garden_tools,189.9,ribeirao das neves
10630,furniture_decor,189.9,pintadas
10631,electronics,189.9,alegre
10632,market_place,189.9,jari
10633,market_place,189.9,ibicare
10634,health_beauty,189.9,maraba
10635,construction_tools_construction,189.9,francisco beltrao
10636,bed_bath_table,189.9,serranopolis do iguacu
10637,bed_bath_table,189.9,mozarlandia
10638,market_place,189.9,chapeco
10639,health_beauty,189.9,olimpia
10640,consoles_games,189.9,jaguariuna
10641,electronics,189.9,berizal
10642,stationery,189.9,grao mogol
10643,furniture_decor,189.9,encantado
10644,watches_gifts,189.9,santa helena
10645,perfumery,189.9,ubatuba
10646,electronics,189.9,pinhalzinho
10647,perfumery,189.9,ubaitaba
10648,luggage_accessories,189.9,confresa
10649,small_appliances,189.9,fernando prestes
10650,perfumery,189.9,major vieira
10651,market_place,189.9,gramado
10652,furniture_decor,189.9,sao luis do quitunde
10653,telephony,189.9,boituva
10654,electronics,189.9,itabaiana
10655,stationery,189.9,parnamirim
10656,cool_stuff,189.9,ressaquinha
10657,health_beauty,189.9,santa mariana
10658,fashion_bags_accessories,189.9,antonio cardoso
10659,musical_instruments,189.9,barbacena
10660,cool_stuff,189.9,mariana
10661,market_place,189.9,aurora
10662,home_appliances_2,189.9,vicentina
10663,luggage_accessories,189.9,presidente prudente
10664,health_beauty,189.9,diamantina
10665,garden_tools,189.9,romaria
10666,telephony,189.9,cunha
10667,cool_stuff,189.9,sao francisco do guapore
10668,consoles_games,189.9,formosa
10669,luggage_accessories,189.9,sapucaia do sul
10670,fashion_bags_accessories,189.9,porangatu
10671,sports_leisure,189.9,jose bonifacio
10672,cool_stuff,189.9,cruz
10673,cool_stuff,189.9,ariquemes
10674,market_place,189.9,santo augusto
10675,sports_leisure,189.9,sao bernardino
10676,food,189.9,maceio
10677,cool_stuff,189.9,alfredo chaves
10678,fashion_bags_accessories,189.89000000000001,barra de sao francisco
10679,cool_stuff,189.89000000000001,ferraz de vasconcelos
10680,toys,189.89000000000001,castanhal
10681,bed_bath_table,189.89,itapetinga
10682,furniture_decor,189.88,bariri
10683,telephony,189.88,videira
10684,sports_leisure,189.8,itinga
10685,garden_tools,189.8,conceicao de macabu
10686,toys,189.8,pimenta bueno
10687,bed_bath_table,189.8,espera feliz
10688,pet_shop,189.8,amambai
10689,bed_bath_table,189.8,portalegre
10690,office_furniture,189.8,itaiopolis
10691,fashion_bags_accessories,189.8,ribeirao bonito
10692,luggage_accessories,189.8,itauna
10693,auto,189.8,aparecida
10694,bed_bath_table,189.8,frederico westphalen
10695,auto,189.8,jaiba
10696,luggage_accessories,189.8,aperibe
10697,pet_shop,189.8,batatais
10698,furniture_decor,189.8,paraguacu paulista
10699,furniture_decor,189.8,erechim
10700,bed_bath_table,189.8,mariana
10701,furniture_decor,189.8,salto
10702,luggage_accessories,189.70000000000002,ribeirao pires
10703,electronics,189.69,jundiai
10704,sports_leisure,189.69,teixeiras
10705,furniture_decor,189.48,fartura
10706,telephony,189.44,rondonopolis
10707,sports_leisure,189.39,marau
10708,construction_tools_safety,189.36,gravatai
10709,bed_bath_table,189.35000000000002,jequie
10710,,189.3,araraquara
10711,consoles_games,189.11,vitoria
10712,furniture_decor,189.1,sao francisco de itabapoana
10713,sports_leisure,189.09000000000003,formiga
10714,audio,189.0,sao carlos
10715,auto,189.0,palma sola
10716,toys,189.0,roque gonzales
10717,stationery,189.0,guaranta
10718,health_beauty,189.0,rondon
10719,health_beauty,189.0,schroeder
10720,watches_gifts,189.0,guanambi
10721,furniture_decor,189.0,piumhii
10722,construction_tools_construction,189.0,agudos
10723,watches_gifts,189.0,penapolis
10724,audio,189.0,franca
10725,baby,189.0,monte azul
10726,audio,189.0,natal
10727,perfumery,189.0,ipaussu
10728,sports_leisure,189.0,santa maria de jetiba
10729,bed_bath_table,189.0,curvelandia
10730,furniture_decor,189.0,santo antonio do planalto
10731,perfumery,189.0,jaguaribe
10732,auto,189.0,magda
10733,health_beauty,189.0,caetanopolis
10734,health_beauty,189.0,cambuci
10735,health_beauty,189.0,macaiba
10736,sports_leisure,189.0,iguatama
10737,construction_tools_safety,189.0,curitiba
10738,bed_bath_table,189.0,coronel joao sa
10739,health_beauty,189.0,queimadas
10740,watches_gifts,189.0,tururu
10741,perfumery,189.0,campo maior
10742,watches_gifts,189.0,araguatins
10743,sports_leisure,189.0,cabo de santo agostinho
10744,computers_accessories,189.0,saltinho
10745,perfumery,189.0,adamantina
10746,construction_tools_construction,189.0,santana de parnaiba
10747,construction_tools_safety,189.0,mirandopolis
10748,watches_gifts,189.0,camapua
10749,watches_gifts,189.0,chapada dos guimaraes
10750,health_beauty,189.0,alvares machado
10751,,188.99,sao sebastiao do paraiso
10752,market_place,188.99,vila velha
10753,toys,188.99,piuma
10754,housewares,188.9,itabuna
10755,,188.9,valinhos
10756,housewares,188.9,guaraciaba do norte
10757,housewares,188.9,campina verde
10758,,188.9,paulinia
10759,bed_bath_table,188.9,tomazina
10760,stationery,188.9,lauro de freitas
10761,furniture_decor,188.9,eldorado do sul
10762,stationery,188.9,sao miguel arcanjo
10763,watches_gifts,188.9,rio negro
10764,electronics,188.8,rio das ostras
10765,furniture_decor,188.78,ubaporanga
10766,health_beauty,188.76,curralinho
10767,bed_bath_table,188.70000000000002,guanhaes
10768,small_appliances,188.65,jacarei
10769,construction_tools_construction,188.4,conselheiro lafaiete
10770,computers_accessories,188.4,palmas
10771,health_beauty,188.39,porto ferreira
10772,cool_stuff,188.29,campo limpo paulista
10773,furniture_decor,188.19,campo novo do parecis
10774,construction_tools_construction,188.16,madre de deus de minas
10775,construction_tools_construction,188.16,matao
10776,garden_tools,188.0,sao pedro da aldeia
10777,cool_stuff,188.0,virgolandia
10778,fashion_bags_accessories,188.0,jequie
10779,health_beauty,188.0,afranio
10780,cool_stuff,188.0,erere
10781,watches_gifts,188.0,valparaiso
10782,toys,188.0,luis eduardo magalhaes
10783,watches_gifts,188.0,mundo novo
10784,cool_stuff,188.0,sao francisco do sul
10785,furniture_decor,188.0,wenceslau braz
10786,cool_stuff,188.0,catigua
10787,stationery,188.0,feira nova
10788,computers_accessories,187.99,jaboticabal
10789,toys,187.99,bage
10790,telephony,187.99,catalao
10791,toys,187.96999999999997,itupeva
10792,air_conditioning,187.9,cachoeiro de itapemirim
10793,garden_tools,187.9,tramandai
10794,air_conditioning,187.9,promissao
10795,watches_gifts,187.9,cianorte
10796,air_conditioning,187.9,aracruz
10797,industry_commerce_and_business,187.9,capinopolis
10798,pet_shop,187.9,rolandia
10799,furniture_decor,187.9,nova odessa
10800,audio,187.9,maua
10801,air_conditioning,187.9,bugre
10802,fashion_bags_accessories,187.89000000000001,jatai
10803,baby,187.84,jaboatao dos guararapes
10804,fashion_bags_accessories,187.8,iguatu
10805,toys,187.8,nova alvorada
10806,fashion_shoes,187.8,niteroi
10807,electronics,187.79000000000002,teofilo otoni
10808,furniture_decor,187.70000000000002,registro
10809,computers_accessories,187.70000000000002,porto ferreira
10810,telephony,187.69,governador valadares
10811,pet_shop,187.68,barroso
10812,auto,187.64999999999998,engenheiro paulo de frontin
10813,housewares,187.6,hortolandia
10814,housewares,187.57,pinhalzinho
10815,baby,187.51000000000002,paranagua
10816,sports_leisure,187.43,ubaitaba
10817,stationery,187.3,fernandopolis
10818,housewares,187.23000000000002,aguas lindas de goias
10819,fashion_male_clothing,187.2,tres rios
10820,home_appliances,187.2,caxias do sul
10821,sports_leisure,187.19,ariranha
10822,fashion_bags_accessories,187.0,ibiuna
10823,food_drink,187.0,salto
10824,computers_accessories,187.0,xanxere
10825,office_furniture,186.99,araxa
10826,office_furniture,186.99,sao luis de montes belos
10827,pet_shop,186.99,bebedouro
10828,telephony,186.9,atibaia
10829,furniture_decor,186.9,assis chateaubriand
10830,computers_accessories,186.9,rio do sul
10831,air_conditioning,186.9,palmares
10832,furniture_decor,186.9,vargem grande paulista
10833,home_construction,186.9,braganca paulista
10834,electronics,186.9,brumadinho
10835,garden_tools,186.89,maraba
10836,toys,186.89,aparecida de goiania
10837,computers_accessories,186.79,cambui
10838,sports_leisure,186.69,cruz alta
10839,baby,186.69,ourinhos
10840,construction_tools_safety,186.65,joao monlevade
10841,small_appliances,186.6,balneario camboriu
10842,computers_accessories,186.5,tres pontas
10843,construction_tools_construction,186.4,mogi-guacu
10844,housewares,186.29,santa cruz do rio pardo
10845,,186.0,catalao
10846,watches_gifts,186.0,itarare
10847,sports_leisure,185.99,mendes pimentel
10848,market_place,185.99,araraquara
10849,watches_gifts,185.99,baturite
10850,pet_shop,185.98,macae
10851,construction_tools_construction,185.9,criciuma
10852,furniture_decor,185.9,santo antonio das missoes
10853,musical_instruments,185.9,vinhedo
10854,watches_gifts,185.9,frutal
10855,musical_instruments,185.9,votuporanga
10856,musical_instruments,185.9,chapeco
10857,bed_bath_table,185.9,cariri do tocantins
10858,,185.89000000000001,hortolandia
10859,bed_bath_table,185.89,paulista
10860,computers_accessories,185.88,avare
10861,bed_bath_table,185.88,serrinha
10862,computers_accessories,185.81,esperantinopolis
10863,computers_accessories,185.81,paraibuna
10864,computers_accessories,185.81,castilho
10865,home_appliances,185.8,petropolis
10866,sports_leisure,185.8,ipueiras
10867,toys,185.79,itambe
10868,auto,185.70000000000002,iguaba grande
10869,furniture_decor,185.70000000000002,mirassol d'oeste
10870,stationery,185.5,resende
10871,computers_accessories,185.38,cubatao
10872,toys,185.03,analandia
10873,,185.0,armazem
10874,market_place,185.0,bombinhas
10875,watches_gifts,185.0,jeronimo monteiro
10876,furniture_bedroom,185.0,carapicuiba
10877,watches_gifts,185.0,barra do corda
10878,furniture_bedroom,185.0,cajamar
10879,furniture_bedroom,185.0,caxias do sul
10880,baby,185.0,nova odessa
10881,watches_gifts,185.0,bezerros
10882,furniture_bedroom,185.0,campinas
10883,fixed_telephony,185.0,eliseu martins
10884,health_beauty,184.99,sertania
10885,computers_accessories,184.99,maravilhas
10886,computers_accessories,184.98000000000002,cambara
10887,health_beauty,184.98,sao joao nepomuceno
10888,telephony,184.95,santo angelo
10889,telephony,184.93,mage
10890,musical_instruments,184.9,sao leopoldo
10891,market_place,184.9,bauru
10892,housewares,184.9,ipigua
10893,musical_instruments,184.9,alpinopolis
10894,pet_shop,184.9,santa helena
10895,bed_bath_table,184.9,indaial
10896,home_appliances_2,184.9,santa cruz do sul
10897,sports_leisure,184.89000000000001,itapiranga
10898,health_beauty,184.89,maracanau
10899,watches_gifts,184.89,bento goncalves
10900,books_general_interest,184.8,nova friburgo
10901,luggage_accessories,184.8,paracatu
10902,health_beauty,184.78,araucaria
10903,home_confort,184.70000000000002,salvador
10904,toys,184.7,salto
10905,perfumery,184.69,taubate
10906,pet_shop,184.60000000000002,paranavai
10907,pet_shop,184.60000000000002,timoteo
10908,,184.54,embu das artes
10909,computers_accessories,184.5,jarinu
10910,sports_leisure,184.5,itauna
10911,sports_leisure,184.49,santo amaro
10912,housewares,184.3,capao bonito
10913,construction_tools_construction,184.3,cariacica
10914,furniture_decor,184.0,santo antonio do sudoeste
10915,watches_gifts,184.0,nova granada
10916,housewares,184.0,saloa
10917,auto,184.0,pedra bela
10918,sports_leisure,184.0,riacho das almas
10919,books_imported,183.99,jundiai
10920,industry_commerce_and_business,183.9,aracatuba
10921,health_beauty,183.89000000000001,itapora
10922,auto,183.8,quatro barras
10923,home_appliances,183.75,itamaraju
10924,housewares,183.7,tucuma
10925,health_beauty,183.7,cacu
10926,fashion_shoes,183.60000000000002,salvador
10927,housewares,183.6,colonia jordaozinho
10928,toys,183.49,sabara
10929,security_and_services,183.29,rolim de moura
10930,housewares,183.22000000000003,japeri
10931,fashion_underwear_beach,183.0,porto alegre
10932,perfumery,182.99,cambara
10933,computers_accessories,182.99,campo maior
10934,,182.98,jaboatao dos guararapes
10935,electronics,182.9,mage
10936,home_appliances,182.89,jundiai
10937,computers_accessories,182.89,palmeira das missoes
10938,sports_leisure,182.88,registro
10939,sports_leisure,182.88,matupa
10940,luggage_accessories,182.8,pocos de caldas
10941,construction_tools_lights,182.72,boituva
10942,housewares,182.53,maristela
10943,electronics,182.45000000000002,avare
10944,electronics,182.29000000000002,araucaria
10945,computers_accessories,182.0,aurora
10946,computers_accessories,182.0,itanhandu
10947,bed_bath_table,182.0,santo antonio da patrulha
10948,industry_commerce_and_business,182.0,sao bernardo do campo
10949,health_beauty,181.99,formosa
10950,bed_bath_table,181.98,eugenopolis
10951,pet_shop,181.96,uberaba
10952,sports_leisure,181.9,vassouras
10953,baby,181.9,igrejinha
10954,stationery,181.89000000000001,viamao
10955,telephony,181.87,araraquara
10956,perfumery,181.82,pirapozinho
10957,computers_accessories,181.8,santa ines
10958,watches_gifts,181.68,ipojuca
10959,small_appliances,181.67,londrina
10960,bed_bath_table,181.60000000000002,tres lagoas
10961,cool_stuff,181.5,tapiratiba
10962,home_appliances,181.47,santa rita do passa quatro
10963,computers_accessories,181.4,monte azul paulista
10964,home_appliances,181.17,pato branco
10965,computers_accessories,181.01,cajati
10966,computers_accessories,181.01,vera cruz
10967,computers_accessories,181.01,paulo frontin
10968,bed_bath_table,181.0,pojuca
10969,luggage_accessories,181.0,quatro bocas
10970,baby,180.98000000000002,ilheus
10971,baby,180.98,apiaca
10972,baby,180.94,sao lourenco da mata
10973,fashion_shoes,180.9,palhoca
10974,health_beauty,180.9,tucano
10975,fashion_sport,180.9,palmital
10976,pet_shop,180.88,senhor do bonfim
10977,furniture_living_room,180.8,contagem
10978,fashion_shoes,180.6,campinas
10979,watches_gifts,180.54,bacabal
10980,fashion_bags_accessories,180.49,itaquaquecetuba
10981,baby,180.4,pontal
10982,baby,180.4,sao gabriel da palha
10983,health_beauty,180.3,farroupilha
10984,bed_bath_table,180.24,cajuru
10985,health_beauty,180.0,valente
10986,computers_accessories,180.0,ibatiba
10987,baby,180.0,timbo
10988,home_construction,180.0,pontalina
10989,computers_accessories,180.0,arcoverde
10990,computers_accessories,180.0,oliveira
10991,sports_leisure,180.0,sao jose dos cordeiros
10992,health_beauty,180.0,arantina
10993,computers_accessories,180.0,dianopolis
10994,computers_accessories,180.0,taio
10995,sports_leisure,180.0,iaciara
10996,computers_accessories,180.0,sao bento do sapucai
10997,market_place,180.0,divinopolis
10998,bed_bath_table,180.0,pirai do sul
10999,computers_accessories,180.0,januaria
11000,computers_accessories,180.0,lima duarte
11001,baby,180.0,cachoeira do sul
11002,baby,180.0,canarana
11003,sports_leisure,180.0,dionisio cerqueira
11004,market_place,180.0,manaus
11005,health_beauty,180.0,taiobeiras
11006,computers_accessories,180.0,alta floresta d'oeste
11007,health_beauty,180.0,coelho neto
11008,health_beauty,179.99,trajano de moraes
11009,bed_bath_table,179.99,urucui
11010,office_furniture,179.99,antonio cardoso
11011,furniture_living_room,179.99,caetite
11012,cool_stuff,179.99,avanhandava
11013,furniture_living_room,179.99,jequie
11014,garden_tools,179.99,goiabeira
11015,office_furniture,179.99,tarabai
11016,office_furniture,179.99,votuporanga
11017,watches_gifts,179.99,russas
11018,garden_tools,179.99,claudio
11019,construction_tools_lights,179.99,ourinhos
11020,garden_tools,179.99,gravatal
11021,pet_shop,179.99,carnaubal
11022,furniture_living_room,179.99,castanhal
11023,furniture_living_room,179.99,avai
11024,toys,179.99,california da barra
11025,baby,179.99,capitao poco
11026,furniture_living_room,179.99,carlos barbosa
11027,furniture_living_room,179.99,linhares
11028,garden_tools,179.99,rio manso
11029,furniture_living_room,179.99,mogi das cruzes
11030,furniture_living_room,179.99,lucas do rio verde
11031,toys,179.99,campo novo
11032,watches_gifts,179.99,apuiares
11033,baby,179.99,nova venecia
11034,construction_tools_lights,179.99,sao joaquim da barra
11035,health_beauty,179.99,gurupi
11036,watches_gifts,179.99,brazopolis
11037,furniture_living_room,179.99,mantena
11038,cool_stuff,179.99,para de minas
11039,baby,179.99,moncoes
11040,furniture_living_room,179.99,barra do pirai
11041,construction_tools_lights,179.98000000000002,betim
11042,,179.98,sao lourenco da serra
11043,office_furniture,179.98,sao sebastiao do alto
11044,cool_stuff,179.98,gaurama
11045,office_furniture,179.98,salgueiro
11046,bed_bath_table,179.98,sao pedro
11047,office_furniture,179.96,lapa
11048,office_furniture,179.96,guarapuava
11049,office_furniture,179.96,santa barbara do para
11050,office_furniture,179.96,palhoca
11051,bed_bath_table,179.94,janauba
11052,baby,179.94,jacunda
11053,office_furniture,179.92,brusque
11054,office_furniture,179.92,luis eduardo magalhaes
11055,furniture_living_room,179.9,aracuai
11056,office_furniture,179.9,avanhandava
11057,office_furniture,179.9,iacu
11058,auto,179.9,pereira barreto
11059,office_furniture,179.9,campos novos
11060,office_furniture,179.9,sao jose dos pinhais
11061,computers_accessories,179.9,mamanguape
11062,furniture_decor,179.9,itapui
11063,furniture_decor,179.9,conceicao do araguaia
11064,office_furniture,179.9,mineiros
11065,computers_accessories,179.9,mari
11066,computers_accessories,179.9,pirapozinho
11067,furniture_bedroom,179.9,conceicao do rio verde
11068,computers_accessories,179.9,jeceaba
11069,computers_accessories,179.9,presidente getulio
11070,office_furniture,179.9,braganca paulista
11071,furniture_decor,179.9,jacaraci
11072,housewares,179.9,maraba
11073,housewares,179.9,saubara
11074,computers_accessories,179.9,ipubi
11075,computers_accessories,179.9,teodoro sampaio
11076,housewares,179.9,parobe
11077,toys,179.9,apucarana
11078,housewares,179.9,pantano grande
11079,sports_leisure,179.9,apodi
11080,computers_accessories,179.9,maranguape
11081,watches_gifts,179.9,presidente epitacio
11082,office_furniture,179.9,jacupiranga
11083,home_construction,179.9,guaruja
11084,electronics,179.9,cachoeirinha
11085,auto,179.9,buriti dos lopes
11086,stationery,179.9,guarapari
11087,computers_accessories,179.9,taguai
11088,furniture_living_room,179.9,itaporanga
11089,computers_accessories,179.9,tres marias
11090,garden_tools,179.9,foz do iguacu
11091,furniture_decor,179.9,guacui
11092,housewares,179.9,nova andradina
11093,computers_accessories,179.9,erechim
11094,office_furniture,179.9,luziania
11095,computers_accessories,179.9,porto de pedras
11096,toys,179.9,rio do sul
11097,computers_accessories,179.9,itambe
11098,watches_gifts,179.9,campo largo
11099,sports_leisure,179.9,caravelas
11100,luggage_accessories,179.9,umuarama
11101,watches_gifts,179.9,aparecida de monte alto
11102,auto,179.9,bom jesus do norte
11103,bed_bath_table,179.9,guaranta
11104,perfumery,179.9,potim
11105,furniture_decor,179.9,japoata
11106,auto,179.9,floriano
11107,watches_gifts,179.9,campinacu
11108,fashion_bags_accessories,179.89000000000001,sao lourenco do oeste
11109,cool_stuff,179.89000000000001,osvaldo cruz
11110,housewares,179.89,imbituba
11111,health_beauty,179.89,coluna
11112,health_beauty,179.89,tupi paulista
11113,toys,179.89,campo belo
11114,bed_bath_table,179.86,sidrolandia
11115,home_confort,179.8,guarapari
11116,bed_bath_table,179.8,santo angelo
11117,bed_bath_table,179.8,icem
11118,stationery,179.8,teixeira de freitas
11119,bed_bath_table,179.8,candiota
11120,bed_bath_table,179.8,cristalina
11121,bed_bath_table,179.8,redencao do gurgueia
11122,fashion_shoes,179.8,uberlandia
11123,home_confort,179.8,claudia
11124,furniture_decor,179.8,santo antonio do amparo
11125,audio,179.8,jacare
11126,home_confort,179.8,vassouras
11127,party_supplies,179.8,rio de janeiro
11128,,179.8,iguaba grande
11129,home_appliances,179.8,cotia
11130,market_place,179.8,niteroi
11131,audio,179.8,indaiatuba
11132,home_confort,179.8,tupaciguara
11133,home_confort,179.8,maua
11134,cool_stuff,179.79,martinopolis
11135,musical_instruments,179.76,nova odessa
11136,garden_tools,179.7,rio grande
11137,garden_tools,179.7,ouroeste
11138,furniture_decor,179.7,novo progresso
11139,garden_tools,179.7,araputanga
11140,garden_tools,179.7,paulo de faria
11141,garden_tools,179.7,guarai
11142,computers_accessories,179.64000000000001,borda da mata
11143,housewares,179.6,engenheiro balduino
11144,fashion_shoes,179.6,ribeirao preto
11145,computers_accessories,179.6,carmo do paranaiba
11146,sports_leisure,179.5,ilheus
11147,auto,179.49,capitao poco
11148,furniture_decor,179.46,senador amaral
11149,construction_tools_lights,179.4,icara
11150,pet_shop,179.4,itororo
11151,stationery,179.28,sao carlos
11152,auto,179.2,quijingue
11153,pet_shop,179.17,rondonopolis
11154,garden_tools,179.0,cipo
11155,industry_commerce_and_business,179.0,niteroi
11156,perfumery,179.0,novo oriente
11157,housewares,179.0,guapo
11158,home_confort,179.0,paracatu
11159,stationery,179.0,camboriu
11160,watches_gifts,179.0,marco
11161,housewares,179.0,bom jesus
11162,luggage_accessories,179.0,guara
11163,home_confort,179.0,itanhaem
11164,housewares,179.0,malacacheta
11165,garden_tools,179.0,sao fidelis
11166,pet_shop,179.0,osvaldo cruz
11167,electronics,179.0,itaberai
11168,home_confort,179.0,araguari
11169,home_confort,179.0,barra do garcas
11170,,179.0,tubarao
11171,construction_tools_construction,179.0,garca
11172,computers_accessories,179.0,hidrolandia
11173,housewares,179.0,cumari
11174,perfumery,179.0,promissao
11175,,179.0,pote
11176,garden_tools,179.0,catu
11177,home_confort,179.0,alto caparao
11178,home_confort,179.0,cruz das almas
11179,perfumery,179.0,quintana
11180,furniture_bedroom,179.0,corumba
11181,housewares,179.0,salvador do sul
11182,housewares,179.0,pocao de pedras
11183,garden_tools,179.0,palmeira das missoes
11184,garden_tools,179.0,guapimirim
11185,watches_gifts,179.0,sao joao do ivai
11186,garden_tools,179.0,palmital
11187,home_confort,179.0,praia grande
11188,garden_tools,179.0,frutal
11189,garden_tools,179.0,juatuba
11190,drinks,179.0,salvador
11191,garden_tools,179.0,guaicara
11192,watches_gifts,179.0,anchieta
11193,stationery,179.0,ouricuri
11194,watches_gifts,179.0,balsas
11195,housewares,179.0,dois corregos
11196,watches_gifts,179.0,fortim
11197,art,178.99,maua
11198,watches_gifts,178.99,itapecerica
11199,watches_gifts,178.99,canaa dos carajas
11200,bed_bath_table,178.99,ibiam
11201,furniture_decor,178.98,tatui
11202,sports_leisure,178.9,caetite
11203,construction_tools_safety,178.9,volta redonda
11204,auto,178.9,riachao das neves
11205,cool_stuff,178.9,sambaiba
11206,luggage_accessories,178.9,ibiaca
11207,fashion_bags_accessories,178.9,resende
11208,garden_tools,178.9,brumado
11209,musical_instruments,178.9,auriflama
11210,housewares,178.9,joao pinheiro
11211,watches_gifts,178.9,pirassununga
11212,telephony,178.87,viamao
11213,cool_stuff,178.8,uba
11214,housewares,178.8,januaria
11215,sports_leisure,178.8,miranda
11216,pet_shop,178.8,francisco beltrao
11217,housewares,178.6,guaxupe
11218,garden_tools,178.43,itanhaem
11219,furniture_decor,178.36,mirandopolis
11220,stationery,178.0,fazenda rio grande
11221,small_appliances,178.0,juruena
11222,air_conditioning,178.0,alto horizonte
11223,audio,178.0,nova lima
11224,furniture_decor,178.0,cardoso
11225,computers_accessories,178.0,dionisio cerqueira
11226,small_appliances,178.0,sao francisco
11227,housewares,177.99,nova bassano
11228,perfumery,177.99,tiangua
11229,housewares,177.99,rancho queimado
11230,computers_accessories,177.99,celso ramos
11231,consoles_games,177.99,paulo afonso
11232,housewares,177.99,floreal
11233,furniture_living_room,177.99,resende
11234,furniture_living_room,177.99,cachoeira alta
11235,consoles_games,177.99,urupes
11236,musical_instruments,177.9,varzea paulista
11237,garden_tools,177.9,saquarema
11238,small_appliances,177.9,atibaia
11239,furniture_decor,177.9,parnamirim
11240,musical_instruments,177.9,igarapava
11241,construction_tools_safety,177.9,monte santo de minas
11242,costruction_tools_garden,177.9,goiania
11243,baby,177.89000000000001,ijui
11244,telephony,177.89000000000001,martins
11245,bed_bath_table,177.89,santana do jacare
11246,health_beauty,177.86999999999998,araquari
11247,computers_accessories,177.8,diamantina
11248,health_beauty,177.8,japira
11249,furniture_decor,177.79000000000002,bastos
11250,housewares,177.79,campina grande
11251,telephony,177.67999999999998,sao joao da boa vista
11252,bed_bath_table,177.65,jarinu
11253,health_beauty,177.60000000000002,bage
11254,furniture_decor,177.6,aguas da prata
11255,drinks,177.49,caxias do sul
11256,art,177.4,barueri
11257,baby,177.2,cabo de santo agostinho
11258,computers_accessories,177.0,sao jose da lapa
11259,garden_tools,177.0,lins
11260,food,177.0,rio das ostras
11261,furniture_decor,176.99,tavares
11262,office_furniture,176.99,claudio
11263,perfumery,176.99,bocaiuva
11264,cool_stuff,176.99,jequitinhonha
11265,cool_stuff,176.99,palmeira das missoes
11266,cool_stuff,176.99,guarara
11267,sports_leisure,176.98999999999998,iracemapolis
11268,office_furniture,176.97,sao jose de ribamar
11269,office_furniture,176.96,guape
11270,office_furniture,176.96,araguaina
11271,telephony,176.92999999999998,rio claro
11272,auto,176.9,itanhaem
11273,auto,176.9,paraguacu paulista
11274,bed_bath_table,176.9,manhumirim
11275,auto,176.9,tatui
11276,watches_gifts,176.89,manhuacu
11277,housewares,176.89,nova granada
11278,perfumery,176.87,sao vicente
11279,furniture_decor,176.8,mirassol
11280,home_confort,176.8,pelotas
11281,home_confort,176.8,manhuacu
11282,bed_bath_table,176.70000000000002,concordia
11283,perfumery,176.69,dois vizinhos
11284,watches_gifts,176.67000000000002,esperantina
11285,perfumery,176.5,fazenda rio grande
11286,health_beauty,176.48,capanema
11287,air_conditioning,176.26,iraquara
11288,air_conditioning,176.26,caucaia
11289,sports_leisure,175.99,bastos
11290,watches_gifts,175.99,setubinha
11291,garden_tools,175.99,sirinhaem
11292,baby,175.9,extrema
11293,perfumery,175.9,iguape
11294,office_furniture,175.9,cachoeiro de itapemirim
11295,baby,175.9,pojuca
11296,health_beauty,175.9,lencois paulista
11297,garden_tools,175.89,vargem grande do sul
11298,cool_stuff,175.89,itaquaquecetuba
11299,housewares,175.88,barra do pirai
11300,computers_accessories,175.8,pradopolis
11301,auto,175.8,bebedouro
11302,electronics,175.79000000000002,uberaba
11303,auto,175.79,ribeirao pires
11304,cool_stuff,175.69,ouro preto
11305,home_appliances,175.59,campos dos goytacazes
11306,sports_leisure,175.59,sarzedo
11307,toys,175.59,eunapolis
11308,furniture_decor,175.4,cambe
11309,,175.19,itaquaquecetuba
11310,bed_bath_table,175.18,coromandel
11311,audio,175.18,vitoria
11312,bed_bath_table,175.1,santo amaro da imperatriz
11313,costruction_tools_tools,175.09,itapecerica da serra
11314,perfumery,175.01,matias barbosa
11315,perfumery,175.0,ibiuna
11316,bed_bath_table,175.0,conceicao do castelo
11317,audio,175.0,varzea grande
11318,construction_tools_construction,175.0,valinhos
11319,sports_leisure,175.0,casca
11320,health_beauty,175.0,cacoal
11321,furniture_decor,175.0,tres lagoas
11322,home_appliances,175.0,macaubas
11323,audio,175.0,chapadao do ceu
11324,auto,175.0,morretes
11325,electronics,175.0,dois irmaos do buriti
11326,home_appliances,175.0,uruguaiana
11327,perfumery,175.0,dobrada
11328,auto,175.0,goiana
11329,audio,175.0,palmas
11330,cool_stuff,174.99,lavras
11331,garden_tools,174.99,piracanjuba
11332,bed_bath_table,174.99,barra velha
11333,fashio_female_clothing,174.95000000000002,barueri
11334,baby,174.9,alpercata
11335,luggage_accessories,174.9,jacobina
11336,baby,174.9,una
11337,baby,174.9,dias d'avila
11338,luggage_accessories,174.9,sertaozinho
11339,baby,174.9,iracema
11340,baby,174.9,leopoldina
11341,health_beauty,174.9,garuva
11342,furniture_decor,174.9,canudos
11343,baby,174.9,itapemirim
11344,baby,174.9,matupa
11345,sports_leisure,174.9,aguas lindas de goias
11346,baby,174.9,pirangi
11347,computers_accessories,174.9,cruz
11348,computers_accessories,174.9,passa quatro
11349,baby,174.9,nortelandia
11350,sports_leisure,174.9,santo augusto
11351,housewares,174.9,itabera
11352,sports_leisure,174.9,presidente medici
11353,sports_leisure,174.9,edeia
11354,computers_accessories,174.9,limoeiro
11355,telephony,174.89000000000001,valenca
11356,computers_accessories,174.89,porto belo
11357,,174.88,maua
11358,cool_stuff,174.8,sao fidelis
11359,fashion_shoes,174.8,guarapari
11360,garden_tools,174.8,camocim
11361,sports_leisure,174.8,timon
11362,baby,174.8,ponta pora
11363,garden_tools,174.8,cacu
11364,health_beauty,174.64,salesopolis
11365,consoles_games,174.49,cajamar
11366,consoles_games,174.48,presidente prudente
11367,auto,174.4,ampere
11368,,174.34,cariacica
11369,luggage_accessories,174.33,ananindeua
11370,luggage_accessories,174.33,timon
11371,auto,174.3,paraibuna
11372,bed_bath_table,174.09,buritis
11373,auto,174.0,icara
11374,la_cuisine,174.0,maua
11375,health_beauty,174.0,girua
11376,fashion_underwear_beach,174.0,jacarei
11377,housewares,174.0,ouroeste
11378,books_technical,174.0,sao jose do rio preto
11379,signaling_and_security,174.0,santo andre
11380,electronics,174.0,itapecerica
11381,telephony,174.0,poco de pedra
11382,toys,174.0,brauna
11383,housewares,174.0,vista alegre do alto
11384,construction_tools_safety,174.0,joao pessoa
11385,drinks,173.99,catalao
11386,housewares,173.99,itiuba
11387,bed_bath_table,173.99,descoberto
11388,consoles_games,173.98000000000002,maracanau
11389,housewares,173.98,promissao
11390,office_furniture,173.92,boa esperanca
11391,watches_gifts,173.9,quedas do iguacu
11392,sports_leisure,173.9,macambira
11393,watches_gifts,173.9,concordia
11394,auto,173.9,petrolandia
11395,construction_tools_safety,173.9,mogi mirim
11396,health_beauty,173.89000000000001,penha
11397,perfumery,173.89000000000001,poco fundo
11398,books_general_interest,173.8,piracicaba
11399,sports_leisure,173.8,diamantina
11400,health_beauty,173.78,jose bonifacio
11401,toys,173.78,mogi mirim
11402,,173.75,aracaju
11403,bed_bath_table,173.72000000000003,goias
11404,garden_tools,173.7,araguari
11405,books_technical,173.67000000000002,pocos de caldas
11406,electronics,173.64000000000001,paracatu
11407,,173.57,vila velha
11408,electronics,173.5,lorena
11409,baby,173.5,paraiba do sul
11410,drinks,173.49,gravatai
11411,health_beauty,173.48000000000002,matinhos
11412,perfumery,173.42,reriutaba
11413,baby,173.39000000000001,ouro fino
11414,health_beauty,173.25,perola
11415,home_appliances,173.25,ponte nova
11416,construction_tools_construction,173.2,santana do livramento
11417,toys,173.2,caceres
11418,,173.12,campos dos goytacazes
11419,bed_bath_table,173.0,ibira
11420,watches_gifts,173.0,ituiutaba
11421,watches_gifts,173.0,indaial
11422,audio,173.0,cariacica
11423,audio,173.0,colatina
11424,furniture_decor,173.0,faxinal dos guedes
11425,small_appliances_home_oven_and_coffee,173.0,mogi das cruzes
11426,construction_tools_construction,172.97,chapeco
11427,telephony,172.97,seara
11428,housewares,172.9,abelardo luz
11429,pet_shop,172.54,aracaju
11430,computers_accessories,172.5,trancoso
11431,furniture_decor,172.25,rancharia
11432,home_appliances,172.2,hortolandia
11433,bed_bath_table,172.07999999999998,goianesia
11434,construction_tools_construction,172.04,sertaozinho
11435,watches_gifts,172.0,ribeirao bonito
11436,sports_leisure,172.0,maracana
11437,auto,172.0,castelandia
11438,perfumery,171.99,juruaia
11439,perfumery,171.98000000000002,nilopolis
11440,telephony,171.94,itajai
11441,bed_bath_table,171.9,sao francisco do sul
11442,food_drink,171.9,taboao da serra
11443,furniture_decor,171.9,mococa
11444,sports_leisure,171.89,sao luiz gonzaga
11445,small_appliances,171.88,piracicaba
11446,health_beauty,171.8,viradouro
11447,toys,171.8,caldas
11448,signaling_and_security,171.79,curitiba
11449,cool_stuff,171.79,pinhais
11450,fashion_shoes,171.72,maua
11451,computers_accessories,171.32,santo antonio de jesus
11452,construction_tools_construction,171.3,itajuba
11453,furniture_decor,171.2,maracaju
11454,housewares,171.0,taguai
11455,health_beauty,171.0,claraval
11456,computers_accessories,170.9,morada nova de minas
11457,sports_leisure,170.9,sertanopolis
11458,housewares,170.9,mineiros
11459,bed_bath_table,170.83,aguai
11460,computers_accessories,170.8,simao dias
11461,health_beauty,170.8,sao francisco do humaita
11462,stationery,170.79,maceio
11463,bed_bath_table,170.70000000000002,mimoso do sul
11464,bed_bath_table,170.70000000000002,tres coracoes
11465,stationery,170.7,pelotas
11466,sports_leisure,170.48,vespasiano
11467,food_drink,170.4,serra
11468,sports_leisure,170.3,placas
11469,bed_bath_table,170.26,campos gerais
11470,books_imported,170.0,jaguariuna
11471,home_appliances_2,170.0,itatiba
11472,watches_gifts,170.0,caiana
11473,telephony,170.0,sao joaquim da barra
11474,telephony,170.0,lagoa d'anta
11475,telephony,170.0,serrolandia
11476,watches_gifts,170.0,bom jesus do norte
11477,sports_leisure,170.0,canaa dos carajas
11478,telephony,170.0,acailandia
11479,telephony,170.0,vicencia
11480,telephony,170.0,sao miguel do tapuio
11481,telephony,170.0,araponga
11482,watches_gifts,170.0,mirai
11483,home_appliances_2,170.0,cabo frio
11484,watches_gifts,170.0,santo amaro
11485,watches_gifts,170.0,santa gertrudes
11486,computers_accessories,170.0,santa mercedes
11487,sports_leisure,170.0,vargem alegre
11488,telephony,170.0,ararangua
11489,telephony,170.0,isaias coelho
11490,watches_gifts,170.0,ibiruba
11491,home_appliances_2,170.0,suzano
11492,home_appliances_2,170.0,estancia velha
11493,cool_stuff,169.99,itamari
11494,cool_stuff,169.99,sao vicente ferrer
11495,furniture_living_room,169.99,cascavel
11496,cool_stuff,169.99,camaragibe
11497,construction_tools_lights,169.99,santo antonio da alegria
11498,housewares,169.99,loanda
11499,cool_stuff,169.99,comodoro
11500,office_furniture,169.99,paracatu
11501,construction_tools_lights,169.99,ortigueira
11502,fashion_bags_accessories,169.99,itapecuru mirim
11503,computers_accessories,169.99,caceres
11504,office_furniture,169.99,ibitioca
11505,sports_leisure,169.99,alfredo chaves
11506,watches_gifts,169.99,monte azul paulista
11507,office_furniture,169.99,serra bonita
11508,office_furniture,169.99,fernandopolis
11509,fashion_bags_accessories,169.99,desembargador otoni
11510,telephony,169.99,cerro largo
11511,furniture_living_room,169.99,forquilhinha
11512,office_furniture,169.99,pocoes
11513,construction_tools_lights,169.99,sao bento do sul
11514,toys,169.99,timoteo
11515,luggage_accessories,169.99,cerqueira cesar
11516,computers_accessories,169.99,prata
11517,office_furniture,169.99,pinheiral
11518,bed_bath_table,169.99,guariroba
11519,construction_tools_lights,169.99,sericita
11520,construction_tools_lights,169.99,sao leopoldo
11521,construction_tools_lights,169.99,saudades
11522,construction_tools_lights,169.99,para de minas
11523,housewares,169.99,rafard
11524,housewares,169.99,apuarema
11525,office_furniture,169.99,arcos
11526,furniture_living_room,169.99,sao roque
11527,telephony,169.99,nhandeara
11528,construction_tools_lights,169.99,santa rita de caldas
11529,office_furniture,169.99,maraba
11530,fashion_bags_accessories,169.99,pato branco
11531,fashion_bags_accessories,169.99,camanducaia
11532,furniture_decor,169.99,cedral
11533,cool_stuff,169.99,iconha
11534,construction_tools_lights,169.99,timbo
11535,electronics,169.99,sousa
11536,office_furniture,169.99,miguel pereira
11537,watches_gifts,169.99,forquilha
11538,office_furniture,169.99,inhambupe
11539,housewares,169.99,pequi
11540,construction_tools_lights,169.99,campo grande
11541,fashion_bags_accessories,169.99,canela
11542,telephony,169.99,sao gabriel da palha
11543,office_furniture,169.99,pejucara
11544,garden_tools,169.99,ananindeua
11545,construction_tools_lights,169.99,euclides da cunha
11546,construction_tools_lights,169.99,jacarezinho
11547,construction_tools_lights,169.99,xanxere
11548,construction_tools_lights,169.99,ijui
11549,office_furniture,169.99,altamira
11550,construction_tools_lights,169.99,caruaru
11551,construction_tools_lights,169.99,varzea grande
11552,office_furniture,169.99,jaguarao
11553,office_furniture,169.99,imbe
11554,sports_leisure,169.99,chavantes
11555,computers_accessories,169.99,bento de abreu
11556,cool_stuff,169.99,ipueira
11557,toys,169.98000000000002,guaxupe
11558,housewares,169.98,urupes
11559,signaling_and_security,169.98,aracaju
11560,cool_stuff,169.97,miraguai
11561,office_furniture,169.96,araguari
11562,furniture_living_room,169.95,sao goncalo
11563,office_furniture,169.94,boituva
11564,office_furniture,169.94,sao miguel das matas
11565,baby,169.9,taio
11566,sports_leisure,169.9,benevides
11567,housewares,169.9,palmital
11568,watches_gifts,169.9,cristalina
11569,baby,169.9,guaramirim
11570,baby,169.9,diamante do norte
11571,musical_instruments,169.9,jaguare
11572,office_furniture,169.9,conceicao do coite
11573,stationery,169.9,utinga
11574,perfumery,169.9,caetanopolis
11575,garden_tools,169.9,presidente prudente
11576,housewares,169.9,marataizes
11577,toys,169.9,russas
11578,health_beauty,169.9,pedra
11579,computers_accessories,169.9,arroio trinta
11580,furniture_decor,169.9,bambui
11581,perfumery,169.9,ibiraci
11582,housewares,169.9,fortuna
11583,watches_gifts,169.9,correntes
11584,cool_stuff,169.9,brusque
11585,musical_instruments,169.9,cosmopolis
11586,housewares,169.9,sao francisco
11587,housewares,169.9,casimiro de abreu
11588,furniture_decor,169.9,rodeiro
11589,housewares,169.9,barreirinhas
11590,housewares,169.9,campestre do maranhao
11591,baby,169.9,alterosa
11592,stationery,169.9,peixoto de azevedo
11593,housewares,169.9,itariri
11594,computers_accessories,169.9,afranio
11595,furniture_decor,169.9,ipuiuna
11596,musical_instruments,169.9,laranjeiras do sul
11597,housewares,169.9,itamaraju
11598,musical_instruments,169.9,formosa
11599,perfumery,169.9,camacan
11600,air_conditioning,169.9,andira
11601,cool_stuff,169.9,itapeva
11602,baby,169.9,senhor do bonfim
11603,baby,169.9,rolante
11604,home_appliances,169.9,rio das ostras
11605,auto,169.9,dumont
11606,housewares,169.9,jaguaruana
11607,housewares,169.9,porto calvo
11608,housewares,169.9,ipu
11609,construction_tools_safety,169.9,sorocaba
11610,computers_accessories,169.9,sapucai-mirim
11611,baby,169.9,timburi
11612,furniture_decor,169.9,ribeira do pombal
11613,watches_gifts,169.9,campos de julio
11614,stationery,169.9,campinapolis
11615,baby,169.9,esperantinopolis
11616,bed_bath_table,169.9,cachoeira paulista
11617,stationery,169.9,monnerat
11618,perfumery,169.9,orindiuva
11619,auto,169.9,inhapi
11620,sports_leisure,169.9,felicio dos santos
11621,toys,169.9,tramandai
11622,baby,169.9,america dourada
11623,toys,169.9,amambai
11624,baby,169.9,novo sao joaquim
11625,auto,169.9,sao pedro dos ferros
11626,musical_instruments,169.9,passos
11627,housewares,169.9,juti
11628,furniture_decor,169.9,tangara da serra
11629,baby,169.9,pariquera-acu
11630,construction_tools_construction,169.9,seropedica
11631,baby,169.9,lindoia
11632,baby,169.9,irapuru
11633,baby,169.9,montauri
11634,furniture_decor,169.9,altamira
11635,baby,169.9,trindade
11636,fashion_bags_accessories,169.9,ferraz de vasconcelos
11637,computers_accessories,169.9,itueta
11638,housewares,169.9,herval
11639,auto,169.9,ipaporanga
11640,bed_bath_table,169.9,palma sola
11641,health_beauty,169.89000000000001,santa vitoria
11642,fashion_bags_accessories,169.89000000000001,ipameri
11643,housewares,169.89000000000001,sao leopoldo
11644,bed_bath_table,169.89000000000001,vera cruz
11645,cool_stuff,169.89,vespasiano
11646,books_technical,169.88,mairipora
11647,bed_bath_table,169.85000000000002,emilianopolis
11648,bed_bath_table,169.85000000000002,arenapolis
11649,air_conditioning,169.8,santos
11650,garden_tools,169.8,ubaira
11651,,169.8,espirito santo do turvo
11652,fashion_shoes,169.8,garanhuns
11653,,169.8,mage
11654,sports_leisure,169.8,piumhii
11655,fashion_bags_accessories,169.8,caruaru
11656,stationery,169.79000000000002,cubatao
11657,fashion_shoes,169.79,papucaia
11658,fashion_shoes,169.79,ariquemes
11659,housewares,169.79,caratinga
11660,,169.76,mairinque
11661,sports_leisure,169.7,pedro de toledo
11662,garden_tools,169.7,alfenas
11663,,169.67000000000002,parnamirim
11664,health_beauty,169.55,sapiranga
11665,housewares,169.49,sao miguel do araguaia
11666,garden_tools,169.49,tremembe
11667,drinks,169.48000000000002,ribeirao preto
11668,cool_stuff,169.4,assis
11669,fashion_bags_accessories,169.4,camacari
11670,home_construction,169.31,suzano
11671,furniture_decor,169.22,tres cachoeiras
11672,construction_tools_lights,169.17000000000002,salvador
11673,,169.0,cosmopolis
11674,furniture_bedroom,169.0,tarumirim
11675,computers_accessories,169.0,piranhas
11676,baby,169.0,conceicao do coite
11677,small_appliances,169.0,lages
11678,furniture_bedroom,169.0,sao goncalo
11679,electronics,169.0,xangri-la
11680,furniture_decor,169.0,couto de magalhaes
11681,toys,169.0,tupa
11682,toys,169.0,abaiara
11683,furniture_bedroom,169.0,sao jose dos campos
11684,toys,169.0,ibate
11685,fashion_male_clothing,169.0,penapolis
11686,sports_leisure,169.0,tambau
11687,electronics,169.0,cabreuva
11688,construction_tools_construction,169.0,petrolina
11689,housewares,169.0,alagoinhas
11690,furniture_bedroom,169.0,santo andre
11691,auto,169.0,sao goncalo do rio das pedras
11692,perfumery,169.0,pinheiro
11693,perfumery,169.0,imbe
11694,sports_leisure,169.0,braganca
11695,stationery,169.0,lagoa da prata
11696,auto,169.0,verissimo
11697,auto,169.0,pinhalzinho
11698,baby,169.0,jaru
11699,stationery,169.0,urbano santos
11700,sports_leisure,169.0,faxinal dos guedes
11701,construction_tools_construction,169.0,barbacena
11702,pet_shop,169.0,jaragua do sul
11703,baby,169.0,barreiros
11704,perfumery,169.0,sao miguel arcanjo
11705,furniture_bedroom,169.0,vitoria da conquista
11706,construction_tools_construction,169.0,ararica
11707,sports_leisure,169.0,porto real
11708,garden_tools,169.0,sao felix do xingu
11709,baby,169.0,iguatu
11710,sports_leisure,169.0,sao francisco do conde
11711,cine_photo,169.0,campo bom
11712,health_beauty,168.99,igrejinha
11713,small_appliances,168.99,itupeva
11714,bed_bath_table,168.98,nova serrana
11715,bed_bath_table,168.9,tanabi
11716,watches_gifts,168.9,bandeira
11717,stationery,168.9,comendador levy gasparian
11718,computers_accessories,168.9,louveira
11719,auto,168.9,guararema
11720,sports_leisure,168.9,cosmopolis
11721,bed_bath_table,168.9,santa albertina
11722,watches_gifts,168.9,remanso
11723,watches_gifts,168.9,tocantinopolis
11724,toys,168.9,cristina
11725,art,168.89,rio claro
11726,fashion_bags_accessories,168.8,eunapolis
11727,fashion_bags_accessories,168.8,santo antonio de padua
11728,signaling_and_security,168.8,chapeco
11729,bed_bath_table,168.8,paraty
11730,perfumery,168.79,vespasiano
11731,bed_bath_table,168.78,santarem
11732,consoles_games,168.77999999999997,uberlandia
11733,bed_bath_table,168.7,vilhena
11734,small_appliances,168.60000000000002,itaquaquecetuba
11735,pet_shop,168.49,itaparica
11736,auto,168.4,tres lagoas
11737,consoles_games,168.39,limeira
11738,baby,168.0,olinda
11739,furniture_decor,168.0,itaju
11740,furniture_decor,168.0,campanha
11741,furniture_decor,168.0,piranguinho
11742,pet_shop,168.0,tres pontas
11743,health_beauty,168.0,brotas de macaubas
11744,electronics,167.99,bom repouso
11745,housewares,167.99,nazario
11746,garden_tools,167.99,alvorada
11747,health_beauty,167.97,irece
11748,housewares,167.95,ijui
11749,perfumery,167.92,descalvado
11750,perfumery,167.92,olimpia
11751,perfumery,167.92,doverlandia
11752,pet_shop,167.9,ponte nova
11753,consoles_games,167.9,campos dos goytacazes
11754,computers_accessories,167.9,terra roxa
11755,perfumery,167.89000000000001,almenara
11756,,167.89,marica
11757,health_beauty,167.87,marechal candido rondon
11758,telephony,167.86,imperatriz
11759,toys,167.86,erechim
11760,furniture_decor,167.84,queluz
11761,health_beauty,167.8,barra velha
11762,food,167.74,barra mansa
11763,telephony,167.29000000000002,esteio
11764,fashion_bags_accessories,167.10000000000002,itatiba
11765,construction_tools_lights,167.0,itaquaquecetuba
11766,furniture_decor,167.0,sao miguel do araguaia
11767,cool_stuff,166.99,guapiacu
11768,cool_stuff,166.99,candido mota
11769,cool_stuff,166.99,sirinhaem
11770,cool_stuff,166.99,quixeramobim
11771,cool_stuff,166.99,pirai do sul
11772,cool_stuff,166.99,igarape
11773,cool_stuff,166.99,moncoes
11774,toys,166.99,tupandi
11775,cool_stuff,166.99,tres de maio
11776,cool_stuff,166.99,piacu
11777,cool_stuff,166.99,parnarama
11778,cool_stuff,166.99,purilandia
11779,cool_stuff,166.99,santo antonio de padua
11780,telephony,166.98,belford roxo
11781,food,166.95000000000002,santo andre
11782,furniture_decor,166.94,santa cruz
11783,auto,166.9,inimutaba
11784,auto,166.9,hidrolandia
11785,housewares,166.9,alem paraiba
11786,perfumery,166.9,araucaria
11787,auto,166.9,socorro
11788,auto,166.9,sao felix do xingu
11789,auto,166.9,almenara
11790,computers_accessories,166.89000000000001,campo novo do parecis
11791,bed_bath_table,166.85000000000002,petrolandia
11792,telephony,166.85,itatiba
11793,housewares,166.8,santa fe do sul
11794,home_confort,166.8,aguas formosas
11795,home_appliances,166.8,corinto
11796,computers_accessories,166.8,patrocinio
11797,bed_bath_table,166.74,raposos
11798,auto,166.70000000000002,maracanau
11799,watches_gifts,166.66,mambore
11800,stationery,166.6,aguas de lindoia
11801,health_beauty,166.59,colombo
11802,baby,166.33,ecoporanga
11803,furniture_decor,166.3,passos
11804,home_appliances,166.0,diadema
11805,auto,166.0,alvinopolis
11806,housewares,166.0,morrinhos
11807,bed_bath_table,165.99,conceicao do coite
11808,kitchen_dining_laundry_garden_furniture,165.99,embu
11809,perfumery,165.99,torres
11810,housewares,165.98,minas novas
11811,consoles_games,165.9,sao vicente
11812,electronics,165.9,portao
11813,toys,165.9,braco do norte
11814,sports_leisure,165.89000000000001,rio grande da serra
11815,baby,165.89,cruzeiro
11816,stationery,165.89,gaspar
11817,books_technical,165.87,guarulhos
11818,bed_bath_table,165.87,quedas do iguacu
11819,sports_leisure,165.8,alfenas
11820,books_general_interest,165.69,belem
11821,housewares,165.6,paranagua
11822,sports_leisure,165.56,pinhalzinho
11823,computers_accessories,165.48,vargem grande paulista
11824,luggage_accessories,165.3,dois vizinhos
11825,books_technical,165.25,mogi das cruzes
11826,housewares,165.0,pedralva
11827,food_drink,165.0,iati
11828,home_appliances,165.0,fazenda rio grande
11829,watches_gifts,165.0,alvinopolis
11830,home_appliances,165.0,gravatai
11831,furniture_decor,165.0,sitio novo do tocantins
11832,bed_bath_table,165.0,arapoti
11833,garden_tools,165.0,santo antonio do jacinto
11834,auto,165.0,campos sales
11835,watches_gifts,165.0,itapissuma
11836,signaling_and_security,165.0,leme
11837,bed_bath_table,165.0,barretos
11838,housewares,165.0,santa cruz de salinas
11839,baby,164.99,vicosa
11840,computers_accessories,164.99,ipu
11841,garden_tools,164.99,tres coroas
11842,pet_shop,164.99,mirandopolis
11843,fashion_bags_accessories,164.98000000000002,vargem grande paulista
11844,toys,164.98,cocal
11845,housewares,164.9,guarani
11846,musical_instruments,164.9,sao jose dos pinhais
11847,toys,164.9,sao joao evangelista
11848,electronics,164.9,sao bento do sul
11849,pet_shop,164.9,matao
11850,cool_stuff,164.9,cachoeira
11851,pet_shop,164.9,bom jardim de minas
11852,consoles_games,164.9,suzano
11853,furniture_decor,164.9,alvinopolis
11854,pet_shop,164.89,parnamirim
11855,sports_leisure,164.89,coroata
11856,cool_stuff,164.89,miguel pereira
11857,perfumery,164.89,parobe
11858,cool_stuff,164.89,cha grande
11859,baby,164.85000000000002,gurupi
11860,sports_leisure,164.8,pojuca
11861,baby,164.8,guanambi
11862,toys,164.8,imbituba
11863,cool_stuff,164.8,luziania
11864,bed_bath_table,164.8,nova odessa
11865,sports_leisure,164.79,sao gabriel do oeste
11866,housewares,164.7,ivoti
11867,sports_leisure,164.53,guaicara
11868,sports_leisure,164.5,pariquera-acu
11869,luggage_accessories,164.5,formiga
11870,furniture_decor,164.41,cravinhos
11871,books_technical,164.34,praia grande
11872,baby,164.33,vassouras
11873,baby,164.33,carajas
11874,baby,164.33,sobral
11875,,164.29,braco do norte
11876,computers_accessories,164.25,conceicao do mato dentro
11877,pet_shop,164.0,sao goncalo do amarante
11878,home_appliances,164.0,assis
11879,home_appliances,164.0,lins
11880,home_appliances,164.0,guaratuba
11881,watches_gifts,163.99,saboeiro
11882,bed_bath_table,163.99,pedro afonso
11883,housewares,163.9,passo de torres
11884,cool_stuff,163.9,itumbiara
11885,health_beauty,163.9,brasilia de minas
11886,auto,163.9,boquim
11887,bed_bath_table,163.89000000000001,itatiaia
11888,health_beauty,163.8,janauba
11889,auto,163.7,brumado
11890,furniture_decor,163.60000000000002,viradouro
11891,housewares,163.6,laranjal paulista
11892,sports_leisure,163.34,xanxere
11893,cool_stuff,163.32,uruara
11894,health_beauty,163.12,ipira
11895,food,163.09,barueri
11896,musical_instruments,163.0,suzano
11897,garden_tools,162.9,cabreuva
11898,electronics,162.9,conselheiro pena
11899,furniture_decor,162.9,botucatu
11900,toys,162.89000000000001,tremembe
11901,baby,162.89000000000001,diamantina
11902,telephony,162.89000000000001,nova era
11903,,162.89,natal
11904,books_general_interest,162.88,sao goncalo
11905,furniture_decor,162.8,sao jose de mipibu
11906,pet_shop,162.8,fernandopolis
11907,computers_accessories,162.5,ibertioga
11908,bed_bath_table,162.5,martinopolis
11909,stationery,162.4,palmas
11910,food,162.38,guaruja
11911,electronics,162.35,sao mateus
11912,cool_stuff,162.29000000000002,monte carmelo
11913,auto,162.2,aparecida de goiania
11914,sports_leisure,162.03,pedrinopolis
11915,pet_shop,162.0,ouro preto do oeste
11916,agro_industry_and_commerce,161.99,sao jose dos campos
11917,construction_tools_construction,161.99,feira de santana
11918,telephony,161.98000000000002,sao jose dos pinhais
11919,computers_accessories,161.9,guararapes
11920,furniture_decor,161.89000000000001,varzea grande
11921,housewares,161.89000000000001,campina grande do sul
11922,garden_tools,161.7,sao luis de montes belos
11923,garden_tools,161.7,canela
11924,garden_tools,161.7,japura
11925,garden_tools,161.7,mato verde
11926,garden_tools,161.7,teofilo otoni
11927,garden_tools,161.7,visconde do rio branco
11928,health_beauty,161.68,lagoa vermelha
11929,home_appliances,161.6,sao jose
11930,costruction_tools_garden,161.6,sorocaba
11931,health_beauty,161.59,sao borja
11932,computers_accessories,161.55,senhor do bonfim
11933,computers_accessories,161.55,nossa senhora da gloria
11934,bed_bath_table,161.5,cacoal
11935,auto,161.5,santa cruz do sul
11936,health_beauty,161.4,tres rios
11937,construction_tools_safety,161.25,barra do bugres
11938,construction_tools_safety,161.25,santa barbara d'oeste
11939,health_beauty,161.15,jatai
11940,auto,161.0,vilhena
11941,bed_bath_table,160.99,arapiraca
11942,bed_bath_table,160.99,lagoa da canoa
11943,cool_stuff,160.99,caceres
11944,luggage_accessories,160.99,espinosa
11945,housewares,160.99,charqueada
11946,bed_bath_table,160.99,guapo
11947,computers_accessories,160.9,nova trento
11948,sports_leisure,160.78,indiapora
11949,baby,160.76,nova bassano
11950,furniture_decor,160.73000000000002,santana do livramento
11951,sports_leisure,160.7,jaboti
11952,housewares,160.69,ouro preto
11953,housewares,160.69,itauna
11954,books_general_interest,160.69,sao bernardo do campo
11955,auto,160.55,tucuma
11956,auto,160.55,itariri
11957,luggage_accessories,160.33,coronel fabriciano
11958,computers_accessories,160.0,muqui
11959,toys,160.0,taua
11960,telephony,160.0,custodia
11961,market_place,160.0,colombo
11962,furniture_decor,160.0,arraial d'ajuda
11963,auto,160.0,rio formoso
11964,toys,160.0,barao de cocais
11965,baby,160.0,tanque novo
11966,watches_gifts,160.0,pau dos ferros
11967,bed_bath_table,160.0,pimenta bueno
11968,,160.0,valenca
11969,construction_tools_lights,160.0,loanda
11970,toys,160.0,santo antonio do canaa
11971,watches_gifts,160.0,triunfo
11972,health_beauty,160.0,pirajui
11973,health_beauty,160.0,santa filomena
11974,fashion_bags_accessories,160.0,alegre
11975,sports_leisure,160.0,nova xavantina
11976,construction_tools_safety,160.0,santo anastacio
11977,health_beauty,160.0,santa amelia
11978,bed_bath_table,160.0,nossa senhora de caravaggio
11979,health_beauty,160.0,simoes filho
11980,sports_leisure,159.99,jose da penha
11981,pet_shop,159.99,varginha
11982,pet_shop,159.99,macedonia
11983,health_beauty,159.99,nova andradina
11984,toys,159.99,sao joao da parauna
11985,baby,159.99,quissama
11986,baby,159.99,sao pedro
11987,baby,159.99,sumidouro
11988,home_confort,159.99,aracatuba
11989,toys,159.99,pilao arcado
11990,toys,159.99,descalvado
11991,baby,159.99,itaporanga d'ajuda
11992,housewares,159.99,congonhas
11993,baby,159.99,presidente bernardes
11994,baby,159.99,feliz deserto
11995,baby,159.99,orindiuva
11996,office_furniture,159.99,itapage
11997,office_furniture,159.99,altos
11998,office_furniture,159.99,estrela
11999,sports_leisure,159.99,imaculada
12000,home_confort,159.99,santa maria
12001,sports_leisure,159.99,ariquemes
12002,watches_gifts,159.99,olindina
12003,office_furniture,159.99,crato
12004,computers_accessories,159.99,prado
12005,office_furniture,159.99,carazinho
12006,office_furniture,159.99,cruz
12007,auto,159.99,saudade do iguacu
12008,baby,159.99,irape
12009,watches_gifts,159.99,romelandia
12010,home_confort,159.99,baixa grande do ribeiro
12011,office_furniture,159.98,maracai
12012,telephony,159.98,alfenas
12013,office_furniture,159.98,loanda
12014,office_furniture,159.98,imbuia
12015,office_furniture,159.98,massaranduba
12016,office_furniture,159.98,braganca
12017,food_drink,159.98,brumado
12018,office_furniture,159.98,toledo
12019,office_furniture,159.98,teofilo otoni
12020,office_furniture,159.98,barao de cocais
12021,garden_tools,159.95,pirapora
12022,office_furniture,159.94,sao luiz gonzaga
12023,office_furniture,159.94,senador pompeu
12024,office_furniture,159.94,pancas
12025,health_beauty,159.9,serra talhada
12026,health_beauty,159.9,santa maria do suacui
12027,auto,159.9,vianopolis
12028,furniture_decor,159.9,osvaldo cruz
12029,sports_leisure,159.9,guacui
12030,home_appliances_2,159.9,sobral
12031,stationery,159.9,ibira
12032,audio,159.9,bebedouro
12033,bed_bath_table,159.9,bombinhas
12034,furniture_decor,159.9,monteiropolis
12035,housewares,159.9,barrinha
12036,watches_gifts,159.9,mimoso de goias
12037,furniture_decor,159.9,frei martinho
12038,toys,159.9,marechal floriano
12039,sports_leisure,159.9,apuiares
12040,watches_gifts,159.9,taquaritinga
12041,bed_bath_table,159.9,parapua
12042,watches_gifts,159.9,governador dix-sept rosado
12043,home_appliances_2,159.9,pilar do sul
12044,watches_gifts,159.9,areial
12045,bed_bath_table,159.9,marilandia do sul
12046,books_general_interest,159.9,tomazina
12047,baby,159.9,lambari
12048,health_beauty,159.9,mairinque
12049,consoles_games,159.9,sao jose dos pinhais
12050,toys,159.9,ibatiba
12051,auto,159.9,campanha
12052,bed_bath_table,159.9,cruzeiro do sul
12053,computers_accessories,159.9,otacilio costa
12054,toys,159.9,palmares do sul
12055,sports_leisure,159.9,sao joao dos patos
12056,watches_gifts,159.9,sarzedo
12057,garden_tools,159.9,guaratuba
12058,pet_shop,159.9,barra do pirai
12059,baby,159.9,areal
12060,furniture_decor,159.9,junco do serido
12061,stationery,159.9,severinia
12062,health_beauty,159.9,santa fe de minas
12063,small_appliances,159.9,serra do ramalho
12064,bed_bath_table,159.9,sao jose de uba
12065,health_beauty,159.9,campo belo
12066,watches_gifts,159.9,bonfinopolis
12067,books_general_interest,159.9,itabira
12068,sports_leisure,159.9,japeri
12069,housewares,159.9,terra nova do norte
12070,home_appliances_2,159.9,francisco morato
12071,baby,159.9,olimpia
12072,books_general_interest,159.9,toledo
12073,bed_bath_table,159.9,batatais
12074,baby,159.9,triunfo
12075,bed_bath_table,159.9,pompeu
12076,watches_gifts,159.9,serrita
12077,bed_bath_table,159.89000000000001,ararangua
12078,health_beauty,159.89,rio largo
12079,sports_leisure,159.89,santa adelia
12080,baby,159.89,teutonia
12081,bed_bath_table,159.88,irapuru
12082,toys,159.8,embu-guacu
12083,sports_leisure,159.8,rio azul
12084,fashion_bags_accessories,159.8,cubatao
12085,baby,159.8,santa rosa de viterbo
12086,bed_bath_table,159.8,bom repouso
12087,costruction_tools_garden,159.8,ribeirao vermelho
12088,home_construction,159.8,itajuba
12089,audio,159.8,santo andre
12090,bed_bath_table,159.8,encruzilhada do sul
12091,luggage_accessories,159.8,brusque
12092,market_place,159.8,ponta grossa
12093,furniture_living_room,159.8,itabuna
12094,furniture_decor,159.8,cidade gaucha
12095,bed_bath_table,159.79000000000002,caxambu
12096,,159.77,vianopolis
12097,,159.77,pinhais
12098,,159.77,sarandi
12099,,159.77,navegantes
12100,,159.77,candido mota
12101,,159.77,paragominas
12102,,159.77,quirinopolis
12103,,159.77,frecheirinha
12104,fashion_sport,159.6,parauapebas
12105,perfumery,159.58,luis eduardo magalhaes
12106,auto,159.5,salgueiro
12107,health_beauty,159.5,balneario barra do sul
12108,housewares,159.49,caraubas
12109,housewares,159.49,tres coroas
12110,housewares,159.49,matipo
12111,housewares,159.49,muritiba
12112,auto,159.49,matozinhos
12113,arts_and_craftmanship,159.39000000000001,sao paulo
12114,bed_bath_table,159.3,ribeirao do pinhal
12115,sports_leisure,159.3,tres rios
12116,sports_leisure,159.2,maracanau
12117,home_appliances,159.1,ervalia
12118,home_appliances,159.0,carlinda
12119,stationery,159.0,jatoba
12120,home_appliances_2,159.0,maringa
12121,furniture_bedroom,159.0,trindade
12122,furniture_decor,159.0,prata
12123,cine_photo,159.0,pelotas
12124,health_beauty,159.0,serafina correa
12125,home_appliances_2,159.0,senhor do bonfim
12126,auto,159.0,porto feliz
12127,home_appliances,159.0,floriano
12128,sports_leisure,159.0,carajas
12129,bed_bath_table,159.0,pereira barreto
12130,home_appliances,159.0,itatinga
12131,stationery,159.0,feira de santana
12132,watches_gifts,159.0,caldas
12133,kitchen_dining_laundry_garden_furniture,159.0,saquarema
12134,watches_gifts,159.0,augusto correa
12135,cool_stuff,159.0,santa cruz
12136,cine_photo,159.0,nova prata
12137,watches_gifts,159.0,santo antonio dos campos
12138,computers_accessories,159.0,lajedo
12139,furniture_bedroom,159.0,lauro de freitas
12140,home_appliances_2,159.0,salvador
12141,furniture_decor,159.0,alvaro de carvalho
12142,furniture_decor,159.0,penedo
12143,sports_leisure,159.0,juquia
12144,bed_bath_table,159.0,sao gabriel do oeste
12145,furniture_decor,159.0,ronda alta
12146,books_technical,159.0,cascavel
12147,home_appliances_2,159.0,guaruja
12148,small_appliances,159.0,franca
12149,health_beauty,159.0,moreno
12150,health_beauty,159.0,aparecida do taboado
12151,sports_leisure,159.0,ouroeste
12152,watches_gifts,159.0,santa ines
12153,toys,159.0,lagarto
12154,home_appliances_2,159.0,ubatuba
12155,sports_leisure,159.0,ponta pora
12156,stationery,159.0,campo novo do parecis
12157,home_appliances,159.0,marica
12158,furniture_decor,159.0,santo angelo
12159,auto,159.0,carpina
12160,musical_instruments,159.0,taiobeiras
12161,watches_gifts,159.0,arenapolis
12162,home_appliances_2,159.0,capivari do sul
12163,garden_tools,159.0,japeri
12164,bed_bath_table,159.0,trajano de moraes
12165,,159.0,assis
12166,books_technical,159.0,suzano
12167,furniture_decor,158.99,piuma
12168,computers_accessories,158.99,palotina
12169,garden_tools,158.9,colombo
12170,fashion_bags_accessories,158.9,santana de parnaiba
12171,bed_bath_table,158.9,santa rosa de viterbo
12172,cool_stuff,158.9,patos
12173,furniture_decor,158.9,casa branca
12174,stationery,158.9,primavera
12175,computers_accessories,158.9,caruaru
12176,computers_accessories,158.9,nova europa
12177,stationery,158.9,bebedouro
12178,watches_gifts,158.9,pires do rio
12179,sports_leisure,158.9,ararangua
12180,auto,158.88,matias barbosa
12181,health_beauty,158.88,marinopolis
12182,bed_bath_table,158.8,itanhandu
12183,luggage_accessories,158.8,itatiba
12184,sports_leisure,158.8,ouro preto
12185,costruction_tools_garden,158.79000000000002,rio claro
12186,furniture_decor,158.70000000000002,pedreira
12187,health_beauty,158.7,sao patricio
12188,audio,158.69,sao bernardo do campo
12189,garden_tools,158.67,pranchita
12190,,158.49,sao francisco do sul
12191,electronics,158.45,chapeco
12192,sports_leisure,158.29000000000002,votorantim
12193,luggage_accessories,158.26,pitangui
12194,luggage_accessories,158.26,dores de campos
12195,furniture_decor,158.2,cacapava do sul
12196,perfumery,158.19,congonhas
12197,telephony,158.0,montenegro
12198,industry_commerce_and_business,158.0,nepomuceno
12199,furniture_decor,158.0,sao jose do norte
12200,bed_bath_table,158.0,timon
12201,watches_gifts,158.0,senador canedo
12202,housewares,158.0,piratuba
12203,housewares,158.0,bananal
12204,computers_accessories,158.0,carmopolis de minas
12205,fixed_telephony,158.0,eunapolis
12206,watches_gifts,158.0,regente feijo
12207,fixed_telephony,158.0,campos dos goytacazes
12208,industry_commerce_and_business,158.0,foz do iguacu
12209,pet_shop,158.0,una
12210,bed_bath_table,158.0,balneario pinhal
12211,telephony,157.99,botucatu
12212,health_beauty,157.99,ibiapina
12213,consoles_games,157.99,candido mota
12214,sports_leisure,157.99,bento de abreu
12215,office_furniture,157.98,piedade do rio grande
12216,furniture_decor,157.98,guararapes
12217,bed_bath_table,157.91,canitar
12218,fashion_shoes,157.9,itamonte
12219,electronics,157.9,indaiatuba
12220,fashion_shoes,157.9,sapucaia do sul
12221,fashion_shoes,157.9,uruara
12222,health_beauty,157.9,santo angelo
12223,garden_tools,157.9,sao sebastiao da serra
12224,fashion_shoes,157.9,araputanga
12225,fashion_shoes,157.9,tabira
12226,fashion_shoes,157.9,goiania
12227,sports_leisure,157.9,livramento de nossa senhora
12228,fashion_shoes,157.9,tapejara
12229,fashion_shoes,157.9,jaboatao dos guararapes
12230,toys,157.9,caieiras
12231,fashion_shoes,157.9,vacaria
12232,fashion_shoes,157.9,itanhaem
12233,telephony,157.9,sobral
12234,fashion_shoes,157.9,montezuma
12235,home_construction,157.9,joinville
12236,luggage_accessories,157.9,sao jose do egito
12237,pet_shop,157.89000000000001,costa rica
12238,baby,157.89,aguas da prata
12239,baby,157.8,laranjeiras do sul
12240,,157.77,moreira sales
12241,,157.77,lagoa do carro
12242,,157.77,raul soares
12243,,157.77,nova serrana
12244,telephony,157.76999999999998,itu
12245,garden_tools,157.7,birigui
12246,sports_leisure,157.65,conceicao da aparecida
12247,electronics,157.5,coromandel
12248,health_beauty,157.49,bela vista
12249,health_beauty,157.49,acu
12250,food,157.41,pontes e lacerda
12251,stationery,157.4,assis
12252,sports_leisure,157.28,patrocinio
12253,computers_accessories,157.0,cantagalo
12254,bed_bath_table,157.0,tres pontas
12255,bed_bath_table,157.0,jaguaribe
12256,pet_shop,156.99,angra dos reis
12257,housewares,156.99,divinolandia
12258,office_furniture,156.94,jandira
12259,office_furniture,156.94,sao jose da bela vista
12260,toys,156.9,nanuque
12261,health_beauty,156.8,fernando prestes
12262,bed_bath_table,156.8,teixeira de freitas
12263,health_beauty,156.8,piedade de caratinga
12264,health_beauty,156.8,gramado
12265,health_beauty,156.8,sarzedo
12266,housewares,156.49999999999997,concordia
12267,home_construction,156.45,lagoao
12268,food,156.39,florianopolis
12269,home_appliances,156.25,carazinho
12270,garden_tools,156.1,picos
12271,watches_gifts,156.0,camaqua
12272,watches_gifts,156.0,itapaci
12273,watches_gifts,156.0,ribeirao claro
12274,watches_gifts,156.0,jaguariuna
12275,watches_gifts,156.0,tiradentes
12276,sports_leisure,156.0,ibirama
12277,watches_gifts,155.99,limoeiro do norte
12278,auto,155.99,santo amaro de campos
12279,watches_gifts,155.99,camacan
12280,watches_gifts,155.99,glicerio
12281,home_construction,155.99,araras
12282,watches_gifts,155.99,campo grande do piaui
12283,bed_bath_table,155.99,bossoroca
12284,watches_gifts,155.99,buriticupu
12285,food,155.97,fortaleza
12286,watches_gifts,155.97,humaita
12287,watches_gifts,155.97,nucleo residencial pilar
12288,baby,155.96,jales
12289,bed_bath_table,155.96,tiradentes
12290,cool_stuff,155.9,guararema
12291,construction_tools_safety,155.9,serrania
12292,consoles_games,155.9,guarapuava
12293,auto,155.9,sao joao del rei
12294,,155.89,petrolina
12295,sports_leisure,155.8,parobe
12296,auto,155.8,bambui
12297,auto,155.8,sinop
12298,baby,155.79000000000002,aracatuba
12299,auto,155.75,pedreira
12300,food,155.72,niteroi
12301,computers_accessories,155.71,carandai
12302,electronics,155.7,jaragua do sul
12303,toys,155.59,sao jose do ouro
12304,computers_accessories,155.55,tapes
12305,electronics,155.5,rodeiro
12306,health_beauty,155.44,conceicao do caninde
12307,perfumery,155.3,campo mourao
12308,fashion_underwear_beach,155.0,volta redonda
12309,auto,155.0,mongagua
12310,fashion_underwear_beach,155.0,itabuna
12311,watches_gifts,155.0,serrolandia
12312,fashion_underwear_beach,155.0,dom vicoso
12313,garden_tools,155.0,carazinho
12314,books_technical,155.0,goiania
12315,furniture_decor,155.0,rio do antonio
12316,watches_gifts,155.0,buri
12317,computers_accessories,155.0,picarras
12318,fashion_underwear_beach,155.0,conchas
12319,perfumery,155.0,franco da rocha
12320,auto,155.0,santo antonio do monte
12321,computers_accessories,155.0,arroio do tigre
12322,fashion_underwear_beach,155.0,riacho dos machados
12323,fashion_underwear_beach,155.0,nova hartz
12324,drinks,155.0,porto alegre
12325,fashion_underwear_beach,155.0,ibicarai
12326,luggage_accessories,154.99,itapevi
12327,toys,154.99,pato branco
12328,cool_stuff,154.99,campos novos
12329,auto,154.99,mariopolis
12330,health_beauty,154.98000000000002,marataizes
12331,bed_bath_table,154.96,campinapolis
12332,watches_gifts,154.91,santo antonio da patrulha
12333,watches_gifts,154.9,ibirite
12334,luggage_accessories,154.9,tres coracoes
12335,sports_leisure,154.9,novo barreiro
12336,computers_accessories,154.9,sao sebastiao da grama
12337,books_general_interest,154.9,sorocaba
12338,sports_leisure,154.9,macatuba
12339,stationery,154.9,conselheiro lafaiete
12340,garden_tools,154.9,vilhena
12341,watches_gifts,154.9,casa nova
12342,sports_leisure,154.9,pindare mirim
12343,consoles_games,154.9,tramandai
12344,fashion_bags_accessories,154.9,eldorado
12345,toys,154.89,alagoinhas
12346,cool_stuff,154.89,cordeiro
12347,luggage_accessories,154.89,santa helena de minas
12348,sports_leisure,154.89,jales
12349,computers_accessories,154.87,arapongas
12350,perfumery,154.85,sao bento do sapucai
12351,perfumery,154.8,arcoverde
12352,drinks,154.8,nova iguacu
12353,pet_shop,154.8,monte alto
12354,auto,154.8,corinto
12355,telephony,154.79,pocos de caldas
12356,bed_bath_table,154.7,euclides da cunha
12357,garden_tools,154.69,mendes
12358,books_general_interest,154.69,joao pessoa
12359,health_beauty,154.55,conselheiro pena
12360,health_beauty,154.22,paraty
12361,perfumery,154.17,estrela
12362,computers_accessories,154.0,camaragibe
12363,computers_accessories,154.0,pinheiral
12364,pet_shop,154.0,ilheus
12365,sports_leisure,153.99,bituruna
12366,computers_accessories,153.99,pedro leopoldo
12367,market_place,153.98000000000002,araruama
12368,auto,153.98,cabo de santo agostinho
12369,furniture_living_room,153.95,osasco
12370,watches_gifts,153.9,cabreuva
12371,bed_bath_table,153.9,aracoiaba da serra
12372,electronics,153.9,sao joao da boa vista
12373,office_furniture,153.9,turmalina
12374,books_general_interest,153.8,viamao
12375,sports_leisure,153.8,prata
12376,furniture_decor,153.79,guaira
12377,home_appliances,153.75,dias d'avila
12378,baby,153.70000000000002,atibaia
12379,garden_tools,153.7,ferraz de vasconcelos
12380,home_appliances,153.5,cachoeira do sul
12381,stationery,153.5,monte alto
12382,health_beauty,153.49,porto calvo
12383,small_appliances,153.4,suzano
12384,health_beauty,153.4,nova crixas
12385,telephony,153.35999999999999,ribeirao pires
12386,home_construction,153.2,balneario camboriu
12387,housewares,153.17,santa ernestina
12388,stationery,153.1,cotia
12389,housewares,153.0,cafeara
12390,furniture_decor,153.0,caruaru
12391,pet_shop,153.0,sao miguel do oeste
12392,bed_bath_table,153.0,potirendaba
12393,bed_bath_table,153.0,itaberai
12394,tablets_printing_image,152.99,imperatriz
12395,pet_shop,152.99,santa barbara d'oeste
12396,drinks,152.98000000000002,barueri
12397,sports_leisure,152.98,lagoa formosa
12398,sports_leisure,152.9,camutanga
12399,fashion_underwear_beach,152.9,campos dos goytacazes
12400,sports_leisure,152.9,trajano de moraes
12401,garden_tools,152.9,mandaguari
12402,baby,152.89,braco do norte
12403,sports_leisure,152.89,bombinhas
12404,toys,152.88,cariacica
12405,pet_shop,152.84,vilhena
12406,home_construction,152.8,franca
12407,sports_leisure,152.8,campo ere
12408,sports_leisure,152.8,rio verde
12409,garden_tools,152.8,petrolina
12410,computers_accessories,152.79000000000002,quissama
12411,sports_leisure,152.49,sao lourenco do piaui
12412,home_construction,152.19,lages
12413,watches_gifts,152.15,ipora do oeste
12414,watches_gifts,152.15,groairas
12415,perfumery,152.0,lagoa santa
12416,sports_leisure,152.0,baixo guandu
12417,toys,152.0,vargem grande do sul
12418,health_beauty,152.0,buritirama
12419,sports_leisure,152.0,itajobi
12420,fashion_underwear_beach,152.0,rio claro
12421,fashion_underwear_beach,152.0,piripiri
12422,fashion_underwear_beach,152.0,belo horizonte
12423,health_beauty,152.0,pontes e lacerda
12424,health_beauty,152.0,bom jesus do galho
12425,fashion_underwear_beach,152.0,agua fria de goias
12426,health_beauty,152.0,cocalinho
12427,health_beauty,152.0,boa viagem
12428,fashion_underwear_beach,152.0,santa cruz do capibaribe
12429,drinks,151.98000000000002,limeira
12430,pet_shop,151.98,vassouras
12431,furniture_decor,151.98,primavera do leste
12432,furniture_decor,151.98,pedrinhas paulista
12433,watches_gifts,151.9,venancio aires
12434,health_beauty,151.9,santa maria de jetiba
12435,computers_accessories,151.9,castanhal
12436,watches_gifts,151.9,bonfim
12437,housewares,151.89,sao simao
12438,furniture_decor,151.8,itapetim
12439,auto,151.8,inhambupe
12440,home_construction,151.8,catalao
12441,construction_tools_construction,151.75,duque de caxias
12442,home_appliances,151.55,maceio
12443,baby,151.49,mariana
12444,construction_tools_construction,151.3,registro
12445,garden_tools,151.24,escada
12446,baby,151.2,afonso claudio
12447,small_appliances,151.08,presidente prudente
12448,bed_bath_table,151.0,torres
12449,health_beauty,151.0,monte azul
12450,tablets_printing_image,151.0,suzano
12451,housewares,150.98,avare
12452,fashion_male_clothing,150.9,nova venecia
12453,computers_accessories,150.9,guacui
12454,watches_gifts,150.9,jales
12455,health_beauty,150.9,marialva
12456,electronics,150.89000000000001,cariacica
12457,telephony,150.88,colombo
12458,perfumery,150.82,pilar do sul
12459,baby,150.8,ribeirao das neves
12460,health_beauty,150.8,piranguinho
12461,computers_accessories,150.60000000000002,sertao
12462,bed_bath_table,150.52,cunha pora
12463,housewares,150.5,tiete
12464,housewares,150.3,taquara
12465,housewares,150.18,sao mateus
12466,housewares,150.15,arraial do cabo
12467,cool_stuff,150.08999999999997,planalto
12468,industry_commerce_and_business,150.0,belford roxo
12469,furniture_decor,150.0,macau
12470,housewares,150.0,itamonte
12471,watches_gifts,150.0,imbe de minas
12472,health_beauty,150.0,santo antonio da patrulha
12473,health_beauty,150.0,engenheiro coelho
12474,home_construction,150.0,gaspar
12475,health_beauty,150.0,monsenhor tabosa
12476,home_construction,150.0,domingos martins
12477,home_construction,150.0,astorga
12478,sports_leisure,150.0,itambaraca
12479,housewares,150.0,balneario gaivota
12480,furniture_decor,150.0,crateus
12481,fashion_bags_accessories,150.0,mogi-guacu
12482,electronics,150.0,jaru
12483,home_construction,150.0,pouso alegre
12484,industry_commerce_and_business,150.0,jau
12485,home_construction,150.0,araguari
12486,industry_commerce_and_business,150.0,natal
12487,,150.0,guaiba
12488,cool_stuff,150.0,guaira
12489,health_beauty,150.0,presidente dutra
12490,bed_bath_table,150.0,casa branca
12491,sports_leisure,150.0,nova cantu
12492,telephony,150.0,cruzeiro do oeste
12493,health_beauty,150.0,panambi
12494,health_beauty,150.0,rolim de moura
12495,home_construction,150.0,campina grande
12496,computers_accessories,150.0,barros cassal
12497,home_construction,150.0,penedo
12498,housewares,150.0,espigao do oeste
12499,furniture_decor,150.0,mamanguape
12500,furniture_decor,150.0,tres coroas
12501,home_construction,150.0,sumare
12502,health_beauty,150.0,brejo da madre de deus
12503,,150.0,itapetininga
12504,home_construction,150.0,bom despacho
12505,fashion_bags_accessories,150.0,tapes
12506,home_construction,150.0,palhoca
12507,construction_tools_construction,150.0,franco da rocha
12508,health_beauty,150.0,barreiros
12509,home_construction,150.0,duque de caxias
12510,stationery,150.0,cajamar
12511,consoles_games,150.0,botucatu
12512,home_construction,150.0,maringa
12513,musical_instruments,150.0,montes claros
12514,furniture_living_room,150.0,ibipora
12515,home_construction,150.0,botucatu
12516,bed_bath_table,150.0,nazare
12517,furniture_bedroom,150.0,niteroi
12518,consoles_games,150.0,santana de parnaiba
12519,,150.0,aguas lindas de goias
12520,health_beauty,150.0,jundiai do sul
12521,musical_instruments,150.0,sao francisco do sul
12522,housewares,150.0,chaval
12523,computers_accessories,149.99,simoes filho
12524,bed_bath_table,149.99,cacu
12525,computers_accessories,149.99,travessao
12526,cool_stuff,149.99,coaraci
12527,computers_accessories,149.99,arceburgo
12528,computers_accessories,149.99,pirapetinga
12529,sports_leisure,149.99,colorado
12530,sports_leisure,149.99,agua branca
12531,fashion_bags_accessories,149.99,terra rica
12532,luggage_accessories,149.99,araxa
12533,toys,149.99,potengi
12534,telephony,149.99,aroeiras
12535,health_beauty,149.99,jatoba
12536,computers_accessories,149.99,arinos
12537,baby,149.99,conselheiro lafaiete
12538,health_beauty,149.99,uruara
12539,computers_accessories,149.99,sao jose da barra
12540,computers_accessories,149.99,esteio
12541,computers_accessories,149.99,centenario do sul
12542,cool_stuff,149.99,imbituva
12543,cool_stuff,149.99,urucuia
12544,fixed_telephony,149.99,pirassununga
12545,computers_accessories,149.99,dores do indaia
12546,market_place,149.99,ariquemes
12547,luggage_accessories,149.99,pio ix
12548,auto,149.99,santo cristo
12549,office_furniture,149.99,porangatu
12550,office_furniture,149.99,lavras
12551,sports_leisure,149.99,monte azul paulista
12552,toys,149.99,caete
12553,computers_accessories,149.99,gastao vidigal
12554,health_beauty,149.99,euclides da cunha
12555,auto,149.99,tecainda
12556,art,149.99,leme
12557,sports_leisure,149.99,pilar do sul
12558,fashion_bags_accessories,149.99,parnamirim
12559,electronics,149.99,valenca
12560,telephony,149.99,sabara
12561,cool_stuff,149.99,teodoro sampaio
12562,home_confort,149.99,cabo frio
12563,consoles_games,149.99,juazeiro do norte
12564,toys,149.97,ibirama
12565,stationery,149.97,julio de castilhos
12566,housewares,149.97,tibagi
12567,office_furniture,149.94,caarapo
12568,office_furniture,149.94,araras
12569,office_furniture,149.94,santa fe do sul
12570,office_furniture,149.94,dom pedrito
12571,office_furniture,149.94,itaperuna
12572,office_furniture,149.94,varginha
12573,furniture_decor,149.91,sao joaquim de bicas
12574,fashio_female_clothing,149.9,morrinhos
12575,computers_accessories,149.9,boqueirao do leao
12576,stationery,149.9,santo antonio de posse
12577,computers_accessories,149.9,cachoeira de pajeu
12578,food,149.9,pocos de caldas
12579,computers_accessories,149.9,sao joao batista do gloria
12580,perfumery,149.9,currais novos
12581,luggage_accessories,149.9,campo limpo paulista
12582,computers_accessories,149.9,divino
12583,computers_accessories,149.9,santa fe de goias
12584,home_construction,149.9,luziania
12585,health_beauty,149.9,bom conselho
12586,computers_accessories,149.9,ipojuca
12587,sports_leisure,149.9,guaraci
12588,cool_stuff,149.9,guiricema
12589,housewares,149.9,barra velha
12590,party_supplies,149.9,itajai
12591,food,149.9,iraucuba
12592,food,149.9,marataizes
12593,bed_bath_table,149.9,julio de castilhos
12594,health_beauty,149.9,quatis
12595,food,149.9,guarapuava
12596,sports_leisure,149.9,ze doca
12597,computers_accessories,149.9,ibotirama
12598,bed_bath_table,149.9,roseira
12599,computers_accessories,149.9,conceicao dos ouros
12600,computers_accessories,149.9,ribeira do pombal
12601,office_furniture,149.9,goioere
12602,auto,149.9,carmo
12603,bed_bath_table,149.9,maria da fe
12604,stationery,149.9,caratinga
12605,auto,149.9,sao domingos do norte
12606,computers_accessories,149.9,guaraciaba
12607,computers_accessories,149.9,alegrete do piaui
12608,computers_accessories,149.9,chapada gaucha
12609,computers_accessories,149.9,jacutinga
12610,cool_stuff,149.9,paraopeba
12611,computers_accessories,149.9,itatim
12612,food,149.9,jaua
12613,party_supplies,149.9,bauru
12614,perfumery,149.9,pentecoste
12615,sports_leisure,149.9,lambari
12616,computers_accessories,149.9,conceicao de macabu
12617,perfumery,149.9,bambui
12618,auto,149.9,juazeiro do norte
12619,watches_gifts,149.9,mandaguari
12620,computers_accessories,149.9,ivoti
12621,housewares,149.9,grao para
12622,auto,149.9,resende costa
12623,furniture_decor,149.9,conceicao das pedras
12624,bed_bath_table,149.9,turmalina
12625,computers_accessories,149.9,conchal
12626,computers_accessories,149.9,camacan
12627,computers_accessories,149.9,fronteiras
12628,office_furniture,149.9,bom principio
12629,computers_accessories,149.9,sao jose do piaui
12630,computers_accessories,149.9,matinhos
12631,luggage_accessories,149.9,sao jose do calcado
12632,bed_bath_table,149.9,itapirapua paulista
12633,computers_accessories,149.9,casa branca
12634,perfumery,149.9,maracaju
12635,auto,149.9,fernando prestes
12636,food,149.9,barbacena
12637,sports_leisure,149.9,iguape
12638,bed_bath_table,149.9,sao jose do serido
12639,food,149.9,teresina
12640,bed_bath_table,149.9,itapecerica
12641,cool_stuff,149.9,sao lourenco da mata
12642,furniture_decor,149.9,governador portela
12643,computers_accessories,149.9,remigio
12644,baby,149.9,juquia
12645,computers_accessories,149.9,sitio novo
12646,computers_accessories,149.9,angulo
12647,sports_leisure,149.9,ivora
12648,food,149.9,manaus
12649,baby,149.9,criciuma
12650,costruction_tools_tools,149.9,campos do jordao
12651,construction_tools_safety,149.9,japeri
12652,computers_accessories,149.9,novo horizonte
12653,computers_accessories,149.9,itacarambi
12654,garden_tools,149.9,carinhanha
12655,industry_commerce_and_business,149.9,canoas
12656,computers_accessories,149.9,presidente janio quadros
12657,garden_tools,149.9,tres de maio
12658,computers_accessories,149.9,taguatinga
12659,costruction_tools_tools,149.9,sao simao
12660,computers_accessories,149.9,feliz deserto
12661,bed_bath_table,149.9,santa cruz do rio pardo
12662,computers_accessories,149.9,cabixi
12663,computers_accessories,149.9,piuma
12664,bed_bath_table,149.9,sideropolis
12665,health_beauty,149.9,arvorezinha
12666,computers_accessories,149.9,guassusse
12667,toys,149.9,sao paulo do potengi
12668,air_conditioning,149.9,ferraz de vasconcelos
12669,bed_bath_table,149.9,dois vizinhos
12670,garden_tools,149.9,tupa
12671,bed_bath_table,149.9,sitio novo do tocantins
12672,cool_stuff,149.9,sao miguel do gostoso
12673,computers_accessories,149.9,coremas
12674,computers_accessories,149.9,jacarezinho
12675,computers_accessories,149.9,pirangi
12676,computers_accessories,149.9,jaiba
12677,computers_accessories,149.9,cocalzinho de goias
12678,computers_accessories,149.9,santa cecilia
12679,computers_accessories,149.9,aguas de lindoia
12680,music,149.9,fortaleza
12681,market_place,149.9,osorio
12682,computers_accessories,149.9,bonito
12683,computers_accessories,149.9,piritiba
12684,baby,149.9,itau
12685,market_place,149.9,rio espera
12686,perfumery,149.9,balneario picarras
12687,,149.9,mendes
12688,computers_accessories,149.9,nazare
12689,health_beauty,149.9,cristal
12690,food,149.9,peruibe
12691,consoles_games,149.89000000000001,joinville
12692,electronics,149.89000000000001,pouso alegre
12693,bed_bath_table,149.89000000000001,dois corregos
12694,fashion_bags_accessories,149.89000000000001,barrinha
12695,,149.89,medianeira
12696,cool_stuff,149.89,taquaritinga
12697,furniture_decor,149.89,santa rita de minas
12698,fixed_telephony,149.88000000000002,juiz de fora
12699,toys,149.85000000000002,cosmopolis
12700,fashion_shoes,149.8,ibiuna
12701,bed_bath_table,149.8,carmo do rio claro
12702,sports_leisure,149.8,arapoti
12703,fashion_shoes,149.8,fortaleza
12704,market_place,149.8,jaragua do sul
12705,sports_leisure,149.8,capinzal
12706,fashion_bags_accessories,149.79,tiete
12707,pet_shop,149.79,braganca paulista
12708,auto,149.79,alegrete
12709,baby,149.78,sao jose do rio pardo
12710,garden_tools,149.7,belmonte
12711,garden_tools,149.7,almirante tamandare
12712,garden_tools,149.7,delfinopolis
12713,pet_shop,149.7,matinhos
12714,garden_tools,149.7,pompeu
12715,signaling_and_security,149.7,belem
12716,pet_shop,149.69,lavras
12717,furniture_decor,149.5,barra do garcas
12718,furniture_decor,149.4,cataguases
12719,furniture_decor,149.35,bananal
12720,garden_tools,149.3,franco da rocha
12721,drinks,149.29,sao vicente
12722,computers_accessories,149.24,arraial do cabo
12723,electronics,149.14,cubatao
12724,health_beauty,149.0,canela
12725,computers_accessories,149.0,quatro pontes
12726,computers_accessories,149.0,carmo do cajuru
12727,stationery,149.0,cafelandia
12728,stationery,149.0,olho d'agua das flores
12729,telephony,149.0,bom jesus do tocantins
12730,books_general_interest,149.0,entre rios de minas
12731,toys,149.0,agua boa
12732,watches_gifts,149.0,sao jose da coroa grande
12733,watches_gifts,149.0,ladainha
12734,watches_gifts,149.0,casimiro de abreu
12735,stationery,149.0,osorio
12736,bed_bath_table,149.0,ribeiro junqueira
12737,telephony,149.0,piquete
12738,watches_gifts,149.0,ribeirao
12739,toys,149.0,italva
12740,health_beauty,149.0,sao jose do goiabal
12741,watches_gifts,149.0,pedro leopoldo
12742,computers_accessories,149.0,munhoz
12743,books_general_interest,149.0,ipora do oeste
12744,books_general_interest,149.0,nova veneza
12745,stationery,149.0,lagoa da confusao
12746,,149.0,posto da mata
12747,construction_tools_construction,149.0,ivate
12748,stationery,149.0,alto do rodrigues
12749,books_general_interest,149.0,mallet
12750,furniture_decor,149.0,ibarama
12751,computers_accessories,149.0,ilhota
12752,sports_leisure,149.0,candido de abreu
12753,luggage_accessories,149.0,itapolis
12754,housewares,149.0,caputira
12755,musical_instruments,149.0,barrinha
12756,home_confort,149.0,tanabi
12757,housewares,149.0,simao pereira
12758,toys,149.0,lagoa da confusao
12759,home_appliances_2,149.0,santos
12760,computers_accessories,149.0,piracema
12761,watches_gifts,149.0,paragominas
12762,books_general_interest,149.0,trindade
12763,bed_bath_table,149.0,urucania
12764,baby,149.0,monte alto
12765,watches_gifts,149.0,tarumirim
12766,toys,149.0,domingos martins
12767,air_conditioning,149.0,cotia
12768,dvds_blu_ray,149.0,santo andre
12769,computers_accessories,149.0,palmitos
12770,computers_accessories,149.0,paraopeba
12771,watches_gifts,149.0,dom joaquim
12772,toys,149.0,crateus
12773,cool_stuff,149.0,urupa
12774,bed_bath_table,149.0,bom jesus do querendo
12775,bed_bath_table,149.0,santo antonio do leste
12776,stationery,149.0,mogi mirim
12777,home_appliances_2,149.0,cacapava
12778,,149.0,madre de deus
12779,books_general_interest,149.0,imperatriz
12780,toys,149.0,heliopolis
12781,watches_gifts,149.0,caete
12782,toys,149.0,bom jesus do tocantins
12783,watches_gifts,149.0,santa teresinha
12784,watches_gifts,149.0,abare
12785,bed_bath_table,149.0,caravelas
12786,home_appliances_2,149.0,batatais
12787,computers_accessories,149.0,guimarania
12788,toys,149.0,santana da vargem
12789,computers_accessories,149.0,embu-guacu
12790,health_beauty,148.99,sobradinho
12791,watches_gifts,148.99,mata de sao joao
12792,garden_tools,148.99,sao mateus
12793,baby,148.98,carmo de minas
12794,stationery,148.97,pedreira
12795,industry_commerce_and_business,148.9,ribeirao preto
12796,furniture_decor,148.9,jacarezinho
12797,fashion_bags_accessories,148.9,anta
12798,garden_tools,148.9,vargem grande paulista
12799,bed_bath_table,148.9,lauro muller
12800,computers_accessories,148.9,espera feliz
12801,fixed_telephony,148.9,barueri
12802,watches_gifts,148.9,colorado
12803,industry_commerce_and_business,148.9,itajai
12804,sports_leisure,148.9,pinhalao
12805,computers_accessories,148.89,nanuque
12806,fashion_bags_accessories,148.8,uba
12807,telephony,148.8,sao simao
12808,fashion_bags_accessories,148.8,serra
12809,garden_tools,148.8,camaragibe
12810,perfumery,148.79,medianeira
12811,furniture_decor,148.76999999999998,extrema
12812,,148.76000000000002,mogi-guacu
12813,toys,148.7,gurupi
12814,toys,148.7,nova granada
12815,perfumery,148.60000000000002,petropolis
12816,books_technical,148.6,gurupi
12817,garden_tools,148.6,ituacu
12818,telephony,148.5,sao leopoldo
12819,luggage_accessories,148.5,quissama
12820,housewares,148.5,vargem grande do sul
12821,pet_shop,148.47,sao joaquim de bicas
12822,auto,148.39000000000001,nanuque
12823,perfumery,148.22,sapezal
12824,housewares,148.09,sertaozinho
12825,garden_tools,148.04,esmeraldas
12826,cool_stuff,148.0,antonio prado de minas
12827,watches_gifts,148.0,alto rio novo
12828,telephony,148.0,mata roma
12829,watches_gifts,148.0,joao monlevade
12830,stationery,148.0,milha
12831,cool_stuff,148.0,nanuque
12832,cool_stuff,148.0,chapada
12833,furniture_decor,148.0,frei inocencio
12834,auto,148.0,sao jose do divino
12835,small_appliances_home_oven_and_coffee,148.0,aimores
12836,watches_gifts,148.0,buritis
12837,bed_bath_table,148.0,belo vale
12838,small_appliances_home_oven_and_coffee,148.0,sao roque
12839,cool_stuff,148.0,sao domingos do norte
12840,cool_stuff,148.0,imbe
12841,watches_gifts,148.0,conselheiro pena
12842,bed_bath_table,148.0,fraiburgo
12843,cool_stuff,148.0,nova veneza
12844,garden_tools,148.0,xanxere
12845,furniture_decor,148.0,ipiau
12846,furniture_decor,148.0,brodowski
12847,sports_leisure,148.0,santana do jacare
12848,pet_shop,148.0,ibaiti
12849,furniture_decor,148.0,santa rita do ibitipoca
12850,sports_leisure,148.0,bocaina
12851,telephony,147.99,paracambi
12852,telephony,147.95,capinzal
12853,housewares,147.9,parauapebas
12854,auto,147.9,ipaussu
12855,consoles_games,147.9,volta grande
12856,pet_shop,147.9,florida paulista
12857,auto,147.9,congonhinhas
12858,perfumery,147.89,assis chateaubriand
12859,telephony,147.87,pindamonhangaba
12860,telephony,147.85999999999999,hortolandia
12861,books_technical,147.85999999999999,sao jose
12862,garden_tools,147.8,jandira
12863,telephony,147.77,lauro de freitas
12864,health_beauty,147.7,travessao
12865,pet_shop,147.69,caratinga
12866,fashion_male_clothing,147.5,cuiaba
12867,fashion_male_clothing,147.5,sumare
12868,,147.2,ipora
12869,garden_tools,147.0,quixabeira
12870,electronics,147.0,rolandia
12871,housewares,147.0,rio bonito
12872,garden_tools,147.0,cambe
12873,fashion_male_clothing,147.0,montes claros
12874,cool_stuff,147.0,mirai
12875,furniture_decor,147.0,tres fronteiras
12876,office_furniture,146.99,paraopeba
12877,cool_stuff,146.99,codo
12878,cool_stuff,146.99,pinheiros
12879,cool_stuff,146.99,taquarana
12880,cool_stuff,146.99,castanhal
12881,cool_stuff,146.99,miguelopolis
12882,cool_stuff,146.99,santo cristo
12883,bed_bath_table,146.99,bituruna
12884,cool_stuff,146.99,paraguacu paulista
12885,cool_stuff,146.99,indiapora
12886,cool_stuff,146.99,cruzeiro
12887,cool_stuff,146.99,paco do lumiar
12888,cool_stuff,146.99,registro
12889,cool_stuff,146.99,bom sucesso
12890,office_furniture,146.99,assis
12891,bed_bath_table,146.9,santo amaro de campos
12892,health_beauty,146.9,quedas do iguacu
12893,health_beauty,146.89,japeri
12894,,146.78,vacaria
12895,garden_tools,146.76,taquaritinga
12896,furniture_decor,146.7,arealva
12897,watches_gifts,146.7,rio do sul
12898,consoles_games,146.7,sao raimundo nonato
12899,auto,146.59,cerquilho
12900,cool_stuff,146.39,tocantins
12901,health_beauty,146.3,duartina
12902,arts_and_craftmanship,146.29,santos
12903,perfumery,146.21,sao domingos do norte
12904,fashion_underwear_beach,146.15,brasilia
12905,watches_gifts,146.01,bom jesus dos perdoes
12906,watches_gifts,146.01,bayeux
12907,fashion_underwear_beach,146.0,mage
12908,watches_gifts,146.0,barra de santa rosa
12909,watches_gifts,146.0,senhor do bonfim
12910,signaling_and_security,146.0,mogi das cruzes
12911,watches_gifts,146.0,pirapozinho
12912,bed_bath_table,146.0,caiua
12913,home_appliances,146.0,ituverava
12914,watches_gifts,146.0,sao joao nepomuceno
12915,housewares,145.99,santa rosa
12916,construction_tools_construction,145.99,tubarao
12917,auto,145.99,taguatinga
12918,costruction_tools_garden,145.99,bataypora
12919,industry_commerce_and_business,145.97,londrina
12920,toys,145.9,juquitiba
12921,drinks,145.9,barreiras
12922,bed_bath_table,145.9,matinhos
12923,,145.9,trindade
12924,,145.9,maracai
12925,,145.9,chapadao do ceu
12926,cool_stuff,145.89,ituverava
12927,art,145.89,macapa
12928,housewares,145.87,ouro branco
12929,luggage_accessories,145.85000000000002,salto
12930,stationery,145.8,conceicao do mato dentro
12931,home_construction,145.78,belford roxo
12932,garden_tools,145.70000000000002,atibaia
12933,housewares,145.70000000000002,espirito santo do pinhal
12934,bed_bath_table,145.68,muqui
12935,furniture_decor,145.6,cruzalia
12936,electronics,145.58,natal
12937,housewares,145.5,sao lourenco da serra
12938,stationery,145.5,itabirito
12939,furniture_decor,145.5,paragominas
12940,bed_bath_table,145.4,paco do lumiar
12941,health_beauty,145.2,guaicara
12942,bed_bath_table,145.1,nova petropolis
12943,art,145.07,foz do iguacu
12944,housewares,145.0,chapada dos guimaraes
12945,kitchen_dining_laundry_garden_furniture,145.0,campo mourao
12946,perfumery,145.0,santo antonio da platina
12947,watches_gifts,145.0,guidoval
12948,watches_gifts,145.0,sao jose da laje
12949,bed_bath_table,145.0,alfredo vasconcelos
12950,telephony,145.0,guarai
12951,watches_gifts,145.0,prata
12952,watches_gifts,145.0,bebedouro
12953,watches_gifts,145.0,esmeralda
12954,watches_gifts,145.0,gaspar
12955,watches_gifts,145.0,rechan
12956,watches_gifts,145.0,abaira
12957,perfumery,145.0,jijoca de jericoacoara
12958,watches_gifts,145.0,lucelia
12959,computers_accessories,145.0,capetinga
12960,computers_accessories,145.0,rianapolis
12961,cool_stuff,144.99,vespasiano correa
12962,stationery,144.99,cachoeira paulista
12963,health_beauty,144.99,aguia branca
12964,cool_stuff,144.99,frederico westphalen
12965,cool_stuff,144.99,goianorte
12966,cool_stuff,144.99,canarana
12967,cool_stuff,144.99,custodia
12968,cool_stuff,144.99,itarantim
12969,cool_stuff,144.99,ibirarema
12970,computers_accessories,144.99,cunha
12971,office_furniture,144.99,jacinto machado
12972,bed_bath_table,144.99,candeal
12973,auto,144.99,gramado
12974,cool_stuff,144.99,ibipora
12975,fashion_bags_accessories,144.99,matao
12976,cool_stuff,144.99,ipora
12977,cool_stuff,144.99,pirauba
12978,cool_stuff,144.99,jacutinga
12979,office_furniture,144.94,caucaia
12980,office_furniture,144.94,valparaiso de goias
12981,toys,144.9,barreiras
12982,costruction_tools_garden,144.9,assis
12983,furniture_decor,144.9,aluminio
12984,furniture_decor,144.9,joao monlevade
12985,costruction_tools_garden,144.9,pouso alegre
12986,health_beauty,144.9,curiuva
12987,office_furniture,144.9,fazenda rio grande
12988,computers_accessories,144.9,ituporanga
12989,costruction_tools_garden,144.9,gravata
12990,toys,144.9,prados
12991,pet_shop,144.9,santa cecilia
12992,pet_shop,144.9,timbauba
12993,pet_shop,144.9,flores da cunha
12994,housewares,144.89000000000001,seropedica
12995,baby,144.89,jacarezinho
12996,health_beauty,144.89,tupa
12997,pet_shop,144.89,cachoeiro de itapemirim
12998,telephony,144.88,presidente epitacio
12999,telephony,144.86,marica
13000,bed_bath_table,144.8,aracoiaba
13001,watches_gifts,144.8,garca
13002,stationery,144.8,cachoeirinha
13003,watches_gifts,144.8,porecatu
13004,pet_shop,144.8,embu das artes
13005,fashion_bags_accessories,144.8,uberaba
13006,bed_bath_table,144.8,piraquara
13007,drinks,144.8,entre-ijuis
13008,furniture_decor,144.79,pitangueiras
13009,food,144.75,londrina
13010,fashion_bags_accessories,144.70000000000002,canoas
13011,fashion_shoes,144.7,duque de caxias
13012,housewares,144.69,pirapora
13013,toys,144.63,suzano
13014,telephony,144.47,sao caetano do sul
13015,telephony,144.4,itapecerica da serra
13016,health_beauty,144.4,ijui
13017,fashion_bags_accessories,144.2,aracatuba
13018,construction_tools_construction,144.0,ubata
13019,housewares,144.0,campos gerais
13020,perfumery,144.0,lindoeste
13021,kitchen_dining_laundry_garden_furniture,144.0,maceio
13022,books_technical,144.0,guarapari
13023,perfumery,144.0,florestal
13024,sports_leisure,144.0,ribeirao claro
13025,fashion_bags_accessories,143.99,sao joao del rei
13026,health_beauty,143.99,rubim
13027,health_beauty,143.99,icara
13028,luggage_accessories,143.98,sorocaba
13029,housewares,143.96999999999997,sombrio
13030,books_technical,143.95,fortaleza
13031,baby,143.9,curvelo
13032,computers_accessories,143.9,santa cruz das palmeiras
13033,pet_shop,143.9,tres lagoas
13034,food,143.88,maracaju
13035,auto,143.8,muriae
13036,garden_tools,143.8,tanabi
13037,baby,143.8,sao joaquim da barra
13038,auto,143.8,chaveslandia
13039,auto,143.8,zacarias
13040,auto,143.8,rechan
13041,market_place,143.8,tomar do geru
13042,fashion_bags_accessories,143.8,batatais
13043,auto,143.8,nuporanga
13044,auto,143.8,nova fatima
13045,construction_tools_construction,143.8,santa luzia
13046,auto,143.8,ourizona
13047,sports_leisure,143.79,tres pontas
13048,toys,143.78,cubatao
13049,home_appliances,143.75,colinas do tocantins
13050,housewares,143.66,rolante
13051,health_beauty,143.65,itanhomi
13052,fashion_shoes,143.64,bayeux
13053,fashion_shoes,143.64,biritiba-mirim
13054,furniture_decor,143.6,sao miguel do anta
13055,bed_bath_table,143.54,sao joao d'alianca
13056,bed_bath_table,143.54,milagres
13057,auto,143.39000000000001,tiete
13058,air_conditioning,143.1,braganca paulista
13059,musical_instruments,143.1,ibipora
13060,perfumery,143.0,ponta grossa
13061,perfumery,143.0,cameta
13062,perfumery,143.0,xinguara
13063,perfumery,143.0,conceicao de macabu
13064,housewares,143.0,aimores
13065,perfumery,143.0,serrinha
13066,perfumery,143.0,machado
13067,perfumery,143.0,capoeiras
13068,perfumery,143.0,raposos
13069,perfumery,143.0,mongagua
13070,housewares,142.99,luisburgo
13071,pet_shop,142.99,ivinhema
13072,arts_and_craftmanship,142.98,sao jose dos campos
13073,,142.9,criciuma
13074,watches_gifts,142.9,camutanga
13075,audio,142.9,londrina
13076,bed_bath_table,142.9,piritiba
13077,market_place,142.89,londrina
13078,cool_stuff,142.89,carazinho
13079,fixed_telephony,142.85,umuarama
13080,sports_leisure,142.8,erechim
13081,computers_accessories,142.8,machado
13082,telephony,142.67000000000002,taubate
13083,home_appliances,142.59,uberaba
13084,perfumery,142.5,carazinho
13085,luggage_accessories,142.5,sao jose dos pinhais
13086,perfumery,142.5,itaguai
13087,perfumery,142.5,igarapava
13088,electronics,142.45000000000002,teixeira de freitas
13089,fashion_bags_accessories,142.39999999999998,brusque
13090,auto,142.09,julio de castilhos
13091,housewares,142.0,arroio dos ratos
13092,food,142.0,indaiatuba
13093,industry_commerce_and_business,142.0,valente
13094,fashion_bags_accessories,142.0,aracoiaba da serra
13095,watches_gifts,142.0,pompeu
13096,watches_gifts,142.0,urai
13097,perfumery,141.98,lambari
13098,perfumery,141.98,sao miguel do oeste
13099,food,141.95999999999998,montes claros
13100,books_technical,141.95,campo grande
13101,stationery,141.9,biguacu
13102,auto,141.9,triunfo
13103,stationery,141.9,santa cruz do capibaribe
13104,garden_tools,141.86,araucaria
13105,telephony,141.86,parambu
13106,telephony,141.86,limeira
13107,bed_bath_table,141.86,andradina
13108,computers_accessories,141.84,conselheiro lafaiete
13109,books_general_interest,141.8,cubatao
13110,computers_accessories,141.8,itabirito
13111,cool_stuff,141.8,limeira do oeste
13112,fashion_shoes,141.7,guarapuava
13113,health_beauty,141.7,alem paraiba
13114,health_beauty,141.64,serra dos aimores
13115,bed_bath_table,141.64,lobato
13116,pet_shop,141.49,rio claro
13117,sports_leisure,141.4,capelinha
13118,furniture_decor,141.18,gaspar
13119,baby,141.12,apucarana
13120,electronics,141.1,sao leopoldo
13121,furniture_decor,141.09,pacatuba
13122,home_appliances,141.0,nova esperanca
13123,toys,140.99,ampere
13124,housewares,140.99,guaranesia
13125,bed_bath_table,140.99,mangueirinha
13126,telephony,140.91,guarapari
13127,sports_leisure,140.9,campo verde
13128,bed_bath_table,140.89000000000001,juina
13129,construction_tools_safety,140.89,barbalha
13130,computers_accessories,140.8,barroso
13131,toys,140.8,guanambi
13132,books_general_interest,140.79,sao vicente
13133,computers_accessories,140.69,olimpia
13134,bed_bath_table,140.59,visconde de maua
13135,pet_shop,140.5,umuarama
13136,health_beauty,140.49,nova era
13137,drinks,140.47000000000003,santos
13138,bed_bath_table,140.35,mostardas
13139,fashio_female_clothing,140.3,jundiai
13140,fashion_bags_accessories,140.1,nilopolis
13141,computers_accessories,140.0,manhuacu
13142,kitchen_dining_laundry_garden_furniture,140.0,tiangua
13143,sports_leisure,140.0,palmeiras
13144,industry_commerce_and_business,140.0,porto feliz
13145,computers_accessories,140.0,passo de torres
13146,health_beauty,140.0,rosario do sul
13147,industry_commerce_and_business,140.0,cachoeira
13148,consoles_games,140.0,linhares
13149,health_beauty,140.0,novo repartimento
13150,kitchen_dining_laundry_garden_furniture,140.0,florianopolis
13151,computers_accessories,140.0,ariquemes
13152,housewares,140.0,florestopolis
13153,telephony,140.0,sao domingos do norte
13154,sports_leisure,140.0,muniz freire
13155,kitchen_dining_laundry_garden_furniture,140.0,itabira
13156,sports_leisure,140.0,vazante
13157,telephony,140.0,marituba
13158,auto,140.0,lucas do rio verde
13159,office_furniture,139.99,vera cruz
13160,office_furniture,139.99,caxambu
13161,home_confort,139.99,imbituba
13162,cool_stuff,139.99,cajuru
13163,office_furniture,139.99,bom jardim
13164,art,139.99,apucarana
13165,office_furniture,139.99,ipiabas
13166,air_conditioning,139.99,mage
13167,office_furniture,139.99,juazeiro
13168,office_furniture,139.99,ruy barbosa
13169,auto,139.99,cruz das almas
13170,bed_bath_table,139.99,frei inocencio
13171,cool_stuff,139.99,tres cachoeiras
13172,cool_stuff,139.99,americano do brasil
13173,computers_accessories,139.99,sao pedro do ivai
13174,audio,139.99,maringa
13175,pet_shop,139.99,espera feliz
13176,office_furniture,139.99,uniao da vitoria
13177,office_furniture,139.99,goianira
13178,baby,139.99,unai
13179,office_furniture,139.99,presidente dutra
13180,office_furniture,139.99,correia pinto
13181,auto,139.99,paial
13182,computers_accessories,139.99,campo alegre de goias
13183,auto,139.99,anchieta
13184,toys,139.99,presidente olegario
13185,baby,139.99,taiobeiras
13186,pet_shop,139.99,gravatai
13187,baby,139.99,sao jose do vale do rio preto
13188,auto,139.99,deputado irapuan pinheiro
13189,art,139.99,sumare
13190,office_furniture,139.99,catu de abrantes
13191,fashion_bags_accessories,139.99,itumbiara
13192,office_furniture,139.99,taiobeiras
13193,construction_tools_construction,139.99,nova santa rosa
13194,auto,139.99,tupaciguara
13195,auto,139.99,minacu
13196,auto,139.99,parelhas
13197,office_furniture,139.99,mucuri
13198,cool_stuff,139.99,alagoa grande
13199,pet_shop,139.99,artur nogueira
13200,toys,139.99,mangaratiba
13201,fashion_bags_accessories,139.98000000000002,mariana
13202,stationery,139.98,guarabira
13203,garden_tools,139.98,santo angelo
13204,baby,139.98,rio do campo
13205,office_furniture,139.98,jardinopolis
13206,office_furniture,139.98,nova granada
13207,office_furniture,139.98,amparo
13208,construction_tools_construction,139.98,vinhedo
13209,office_furniture,139.98,jeremoabo
13210,construction_tools_construction,139.97,parnamirim
13211,office_furniture,139.94,conceicao do castelo
13212,office_furniture,139.94,pato branco
13213,garden_tools,139.9,tres passos
13214,computers_accessories,139.9,alta floresta
13215,electronics,139.9,miguel pereira
13216,sports_leisure,139.9,cacapava do sul
13217,furniture_living_room,139.9,campos belos
13218,cool_stuff,139.9,sao joao da urtiga
13219,toys,139.9,fronteira
13220,sports_leisure,139.9,barra do turvo
13221,construction_tools_safety,139.9,icara
13222,luggage_accessories,139.9,santa albertina
13223,furniture_living_room,139.9,jaru
13224,furniture_living_room,139.9,frei inocencio
13225,fashion_male_clothing,139.9,terra boa
13226,furniture_living_room,139.9,ubirata
13227,cool_stuff,139.9,brejo bonito
13228,fashion_bags_accessories,139.9,tocos
13229,sports_leisure,139.9,cristina
13230,furniture_living_room,139.9,gameleiras
13231,stationery,139.9,ortigueira
13232,perfumery,139.9,itaoca
13233,furniture_living_room,139.9,picos
13234,bed_bath_table,139.9,alto alegre
13235,sports_leisure,139.9,primeiro de maio
13236,computers_accessories,139.9,glorinha
13237,fashion_bags_accessories,139.9,gramado
13238,auto,139.9,loanda
13239,cool_stuff,139.9,fatima do sul
13240,perfumery,139.9,parnaiba
13241,toys,139.9,itanhomi
13242,perfumery,139.9,central de santa helena
13243,sports_leisure,139.9,santa lucia
13244,luggage_accessories,139.9,bariri
13245,cool_stuff,139.9,colombia
13246,furniture_living_room,139.9,presidente dutra
13247,cool_stuff,139.9,encruzilhada do sul
13248,auto,139.9,sao joaquim
13249,furniture_living_room,139.9,maracaju
13250,perfumery,139.9,terra nova do norte
13251,perfumery,139.9,bezerros
13252,furniture_decor,139.9,aparecida
13253,sports_leisure,139.9,cravolandia
13254,toys,139.9,osorio
13255,auto,139.9,pien
13256,furniture_decor,139.9,rio bonito
13257,housewares,139.9,araucaria
13258,bed_bath_table,139.9,alta floresta d'oeste
13259,consoles_games,139.9,mar de espanha
13260,perfumery,139.9,oscar bressane
13261,cool_stuff,139.9,sao joao batista do gloria
13262,fashion_male_clothing,139.9,guarulhos
13263,perfumery,139.9,santa cruz do sul
13264,luggage_accessories,139.9,moreira sales
13265,watches_gifts,139.9,cajobi
13266,toys,139.9,valparaiso de goias
13267,cool_stuff,139.9,alto araguaia
13268,watches_gifts,139.9,santa rita
13269,furniture_living_room,139.9,praia grande
13270,luggage_accessories,139.9,lavras
13271,luggage_accessories,139.9,machado
13272,luggage_accessories,139.9,assis
13273,watches_gifts,139.9,ilha grande
13274,luggage_accessories,139.9,sobradinho
13275,art,139.9,nova iguacu
13276,cool_stuff,139.9,sao miguel arcanjo
13277,furniture_living_room,139.9,itu
13278,housewares,139.9,irara
13279,furniture_living_room,139.9,mairinque
13280,toys,139.9,celina
13281,furniture_living_room,139.9,guanhaes
13282,furniture_living_room,139.9,dourados
13283,perfumery,139.9,nova venecia
13284,pet_shop,139.9,barretos
13285,costruction_tools_garden,139.9,ananindeua
13286,perfumery,139.9,capao bonito
13287,costruction_tools_garden,139.9,viamao
13288,cool_stuff,139.9,dom silverio
13289,perfumery,139.9,santa cruz do rio pardo
13290,stationery,139.9,cachoeira de pajeu
13291,sports_leisure,139.9,alto parnaiba
13292,watches_gifts,139.9,concordia do para
13293,consoles_games,139.89000000000001,divinopolis
13294,computers_accessories,139.89000000000001,brejo santo
13295,health_beauty,139.89000000000001,artur nogueira
13296,housewares,139.89000000000001,joacaba
13297,sports_leisure,139.89,fazenda nova
13298,luggage_accessories,139.89,teofilo otoni
13299,luggage_accessories,139.89,rio grande
13300,art,139.89,ribeirao preto
13301,market_place,139.88,carapicuiba
13302,pet_shop,139.8,santa rita do passa quatro
13303,bed_bath_table,139.8,camboriu
13304,pet_shop,139.8,goianesia
13305,furniture_decor,139.8,garibaldi
13306,fashion_bags_accessories,139.8,montes claros
13307,fashion_sport,139.8,sao jose dos campos
13308,cool_stuff,139.8,catole do rocha
13309,small_appliances,139.8,vinhedo
13310,furniture_decor,139.8,divinolandia
13311,computers_accessories,139.8,sao clemente
13312,furniture_decor,139.8,costa rica
13313,garden_tools,139.8,itapema
13314,bed_bath_table,139.8,portao
13315,pet_shop,139.8,aparecida de goiania
13316,fashion_shoes,139.8,mata verde
13317,furniture_decor,139.8,jeceaba
13318,bed_bath_table,139.8,tres irmaos
13319,sports_leisure,139.8,mococa
13320,bed_bath_table,139.8,girua
13321,fashion_underwear_beach,139.8,sao jose dos campos
13322,furniture_decor,139.8,sao geraldo da piedade
13323,home_appliances,139.8,guarapari
13324,luggage_accessories,139.8,cotia
13325,baby,139.79000000000002,pederneiras
13326,toys,139.79,petrolina
13327,construction_tools_safety,139.79,ipatinga
13328,health_beauty,139.79,santa rosa
13329,,139.77,belo jardim
13330,,139.77,japeri
13331,,139.77,jaboticabal
13332,furniture_decor,139.76,sao joao
13333,auto,139.65,pinheiros
13334,health_beauty,139.5,nova esperanca do sul
13335,home_construction,139.5,sao joao de meriti
13336,cool_stuff,139.49,dracena
13337,bed_bath_table,139.4,itarana
13338,costruction_tools_tools,139.05,sabara
13339,costruction_tools_tools,139.05,catas altas
13340,computers_accessories,139.0,abrantes
13341,small_appliances,139.0,belford roxo
13342,toys,139.0,navegantes
13343,la_cuisine,139.0,sao joao da boa vista
13344,stationery,139.0,cabeceira grande
13345,watches_gifts,139.0,floresta
13346,auto,139.0,mangueirinha
13347,musical_instruments,139.0,ourinhos
13348,air_conditioning,139.0,contagem
13349,garden_tools,139.0,jardim olinda
13350,stationery,139.0,adamantina
13351,housewares,139.0,rio do sul
13352,auto,139.0,barra do choca
13353,air_conditioning,139.0,franca
13354,auto,139.0,serra dos aimores
13355,stationery,139.0,porciuncula
13356,toys,139.0,belo oriente
13357,consoles_games,139.0,fervedouro
13358,auto,139.0,pocoes
13359,perfumery,139.0,estreito
13360,pet_shop,139.0,barra do turvo
13361,kitchen_dining_laundry_garden_furniture,139.0,juiz de fora
13362,furniture_decor,139.0,itaporanga
13363,stationery,139.0,monte alegre do sul
13364,musical_instruments,139.0,barretos
13365,computers_accessories,139.0,jaguaruana
13366,bed_bath_table,139.0,patos
13367,stationery,139.0,arcoverde
13368,computers_accessories,139.0,aparecida
13369,pet_shop,139.0,tijucas
13370,computers_accessories,139.0,campo belo
13371,small_appliances_home_oven_and_coffee,139.0,guarapuava
13372,toys,139.0,tres passos
13373,computers_accessories,139.0,crixas
13374,toys,139.0,irineopolis
13375,air_conditioning,139.0,franco da rocha
13376,garden_tools,139.0,valparaiso de goias
13377,housewares,139.0,ibate
13378,stationery,139.0,arraial d'ajuda
13379,fashion_bags_accessories,139.0,itabira
13380,auto,139.0,angustura
13381,industry_commerce_and_business,139.0,campo bom
13382,kitchen_dining_laundry_garden_furniture,139.0,nonoai
13383,furniture_living_room,139.0,campo grande
13384,fashion_bags_accessories,139.0,toledo
13385,garden_tools,139.0,manga
13386,pet_shop,139.0,porto seguro
13387,stationery,139.0,santa helena de goias
13388,auto,139.0,cachoeira de pajeu
13389,stationery,139.0,conceicao do araguaia
13390,auto,139.0,caldas brandao
13391,stationery,139.0,araripe
13392,,139.0,bezerros
13393,auto,139.0,adhemar de barros
13394,stationery,138.99,petrolina
13395,construction_tools_construction,138.99,tres lagoas
13396,cool_stuff,138.9,general salgado
13397,construction_tools_lights,138.9,sarzedo
13398,construction_tools_safety,138.9,guamare
13399,home_construction,138.9,rio grande
13400,computers_accessories,138.9,jaguariaiva
13401,costruction_tools_garden,138.9,urupes
13402,housewares,138.9,pedro leopoldo
13403,perfumery,138.9,ribeirao do sul
13404,sports_leisure,138.9,mirassol
13405,furniture_decor,138.9,tiete
13406,air_conditioning,138.9,nhandeara
13407,garden_tools,138.9,armacao dos buzios
13408,stationery,138.9,santa juliana
13409,auto,138.9,oliveira dos brejinhos
13410,electronics,138.89000000000001,leopoldina
13411,electronics,138.89,sao roque
13412,telephony,138.88,lins
13413,bed_bath_table,138.8,olimpia
13414,sports_leisure,138.8,inhumas
13415,consoles_games,138.79000000000002,sao carlos
13416,fashion_bags_accessories,138.78,aparecida de goiania
13417,electronics,138.70000000000002,novo hamburgo
13418,housewares,138.60999999999999,caete
13419,sports_leisure,138.2,sao francisco do sul
13420,housewares,138.0,santa teresinha
13421,watches_gifts,138.0,bela cruz
13422,housewares,138.0,paraty
13423,industry_commerce_and_business,138.0,propria
13424,watches_gifts,138.0,rio real
13425,bed_bath_table,138.0,pedra preta
13426,housewares,138.0,floriano
13427,industry_commerce_and_business,138.0,sao goncalo
13428,musical_instruments,138.0,artur nogueira
13429,housewares,138.0,divisa alegre
13430,stationery,138.0,vinhedo
13431,housewares,138.0,presidente olegario
13432,industry_commerce_and_business,138.0,fortaleza
13433,electronics,138.0,moju
13434,housewares,138.0,campos novos
13435,garden_tools,138.0,nazare paulista
13436,watches_gifts,138.0,nova era
13437,bed_bath_table,138.0,sao jose do calcado
13438,watches_gifts,138.0,itaja
13439,industry_commerce_and_business,138.0,angra dos reis
13440,stationery,137.99,bom conselho
13441,health_beauty,137.99,itobi
13442,watches_gifts,137.99,artur nogueira
13443,sports_leisure,137.99,senador canedo
13444,fixed_telephony,137.99,botucatu
13445,construction_tools_lights,137.98,nova iguacu
13446,telephony,137.95,dois vizinhos
13447,perfumery,137.9,joao monlevade
13448,garden_tools,137.9,campo ere
13449,computers_accessories,137.9,ipameri
13450,computers_accessories,137.9,campestre
13451,computers_accessories,137.9,mairinque
13452,stationery,137.89000000000001,embu das artes
13453,computers_accessories,137.89,bacabal
13454,books_imported,137.88,guaratingueta
13455,food,137.87,caxias do sul
13456,electronics,137.84,sao jose
13457,health_beauty,137.8,itai
13458,food,137.8,jundiai
13459,furniture_decor,137.8,joacaba
13460,bed_bath_table,137.8,congonhinhas
13461,,137.77,vilhena
13462,,137.77,guarani
13463,toys,137.69,videira
13464,furniture_decor,137.5,campos belos
13465,sports_leisure,137.4,nhandeara
13466,consoles_games,137.4,itapevi
13467,pet_shop,137.35,palmeira das missoes
13468,,137.24,sao caetano do sul
13469,pet_shop,137.19,mococa
13470,home_appliances,137.0,cascavel
13471,la_cuisine,137.0,goiania
13472,auto,137.0,patos
13473,housewares,137.0,araguaina
13474,watches_gifts,137.0,junqueiropolis
13475,art,136.99,juiz de fora
13476,office_furniture,136.99,bofete
13477,sports_leisure,136.99,capinopolis
13478,baby,136.99,caraiba
13479,office_furniture,136.99,catigua
13480,telephony,136.95,cacapava
13481,computers_accessories,136.9,formosa
13482,home_confort,136.9,ouro preto
13483,health_beauty,136.9,paraguacu paulista
13484,health_beauty,136.9,ortigueira
13485,auto,136.9,mantena
13486,home_appliances,136.9,pitangueiras
13487,construction_tools_safety,136.9,varzea paulista
13488,computers_accessories,136.9,luz
13489,perfumery,136.89000000000001,curvelo
13490,furniture_decor,136.89000000000001,campina grande do sul
13491,health_beauty,136.89,parnaiba
13492,bed_bath_table,136.89,mirandopolis
13493,telephony,136.89,santa rosa
13494,garden_tools,136.89,resende
13495,computers_accessories,136.8,bertioga
13496,health_beauty,136.8,concordia
13497,telephony,136.76999999999998,araras
13498,telephony,136.73000000000002,guanambi
13499,stationery,136.68,venda nova do imigrante
13500,baby,136.5,santa adelia
13501,sports_leisure,136.0,turmalina
13502,sports_leisure,136.0,nova petropolis
13503,housewares,136.0,camaragibe
13504,sports_leisure,136.0,paranaiba
13505,home_confort,136.0,sao jose dos campos
13506,pet_shop,135.99,urubici
13507,cool_stuff,135.98,conceicao do mato dentro
13508,health_beauty,135.98,goiatuba
13509,telephony,135.95999999999998,ouro preto
13510,pet_shop,135.9,fazenda vilanova
13511,stationery,135.9,andradas
13512,pet_shop,135.9,bandeira do sul
13513,office_furniture,135.9,manaus
13514,health_beauty,135.9,rio das antas
13515,bed_bath_table,135.9,pirajuba
13516,auto,135.9,engenheiro coelho
13517,housewares,135.9,guaira
13518,perfumery,135.9,tres fronteiras
13519,health_beauty,135.9,sao jose da vitoria
13520,stationery,135.88,anapolis
13521,telephony,135.85999999999999,araruama
13522,christmas_supplies,135.8,anapolis
13523,bed_bath_table,135.8,castelo
13524,food,135.56,ferraz de vasconcelos
13525,telephony,135.52,nova friburgo
13526,luggage_accessories,135.5,santo antonio de posse
13527,baby,135.5,encruzilhada do sul
13528,garden_tools,135.5,conchal
13529,health_beauty,135.49,buritama
13530,furniture_decor,135.4,bandeirantes
13531,consoles_games,135.3,bataipora
13532,consoles_games,135.3,anchieta
13533,fashion_bags_accessories,135.10000000000002,suzano
13534,construction_tools_construction,135.0,simonesia
13535,luggage_accessories,135.0,piedade
13536,housewares,135.0,barroso
13537,bed_bath_table,135.0,boa esperanca do sul
13538,furniture_decor,135.0,sao joao do piaui
13539,garden_tools,135.0,abaete
13540,sports_leisure,135.0,cafelandia
13541,bed_bath_table,135.0,tombos
13542,computers_accessories,135.0,macaparana
13543,bed_bath_table,135.0,marmeleiro
13544,sports_leisure,135.0,acaiaca
13545,toys,135.0,arceburgo
13546,computers_accessories,135.0,alvarenga
13547,baby,135.0,maracaju
13548,home_appliances,135.0,querencia
13549,computers_accessories,135.0,capinzal
13550,books_general_interest,135.0,aracaju
13551,bed_bath_table,135.0,rodeio bonito
13552,books_general_interest,135.0,campos dos goytacazes
13553,health_beauty,135.0,palma
13554,auto,135.0,irani
13555,furniture_decor,135.0,silvania
13556,fashion_bags_accessories,135.0,xanxere
13557,books_imported,135.0,americana
13558,sports_leisure,134.99,seara
13559,cool_stuff,134.99,borborema
13560,sports_leisure,134.99,abaetetuba
13561,cool_stuff,134.99,centenario
13562,sports_leisure,134.99,conceicao do para
13563,sports_leisure,134.99,biguacu
13564,furniture_decor,134.99,lauro de freitas
13565,toys,134.98,sao miguel arcanjo
13566,sports_leisure,134.98,cananeia
13567,telephony,134.98,veranopolis
13568,health_beauty,134.98,louveira
13569,audio,134.97,porto feliz
13570,health_beauty,134.97,sao joaquim da barra
13571,books_general_interest,134.95,osasco
13572,bed_bath_table,134.9,altos
13573,auto,134.9,paraiso do tocantins
13574,baby,134.9,quixada
13575,baby,134.9,custodia
13576,cool_stuff,134.9,aruja
13577,health_beauty,134.9,icapui
13578,bed_bath_table,134.9,guaruja do sul
13579,computers_accessories,134.9,sao miguel do iguacu
13580,toys,134.9,santa ines
13581,bed_bath_table,134.9,maragogi
13582,baby,134.9,aguas de lindoia
13583,diapers_and_hygiene,134.9,rio de janeiro
13584,bed_bath_table,134.9,corumba
13585,auto,134.9,cachoeirinha
13586,bed_bath_table,134.9,pinhalao
13587,baby,134.9,sao jose do turvo
13588,home_construction,134.9,mairipora
13589,furniture_decor,134.9,ibema
13590,stationery,134.9,araucaria
13591,baby,134.9,rancho queimado
13592,toys,134.9,araguaina
13593,stationery,134.9,lorena
13594,baby,134.9,itacare
13595,sports_leisure,134.9,gramado
13596,toys,134.9,mata de sao joao
13597,baby,134.9,almirante tamandare
13598,perfumery,134.9,santo antonio do jacinto
13599,baby,134.9,coelho neto
13600,bed_bath_table,134.9,itambe
13601,bed_bath_table,134.9,estrela d oeste
13602,baby,134.9,nova veneza
13603,market_place,134.89,jaboticabal
13604,garden_tools,134.89,paraibuna
13605,baby,134.89,ouro preto
13606,sports_leisure,134.88,nova serrana
13607,health_beauty,134.87,holambra
13608,musical_instruments,134.8,passo fundo
13609,fashion_bags_accessories,134.79,canoinhas
13610,auto,134.7,coromandel
13611,drinks,134.7,igrejinha
13612,,134.7,itajobi
13613,furniture_decor,134.7,silva jardim
13614,construction_tools_construction,134.64,apore
13615,housewares,134.6,pitangui
13616,auto,134.57,quissama
13617,health_beauty,134.5,capitolio
13618,housewares,134.5,paracambi
13619,garden_tools,134.45000000000002,itabera
13620,construction_tools_safety,134.4,salvador
13621,perfumery,134.4,bananal
13622,sports_leisure,134.37,santa cruz do rio pardo
13623,sports_leisure,134.25,matao
13624,health_beauty,134.2,itirapina
13625,baby,134.17,sao tome
13626,baby,134.17,terra roxa
13627,computers_accessories,134.0,coxim
13628,computers_accessories,134.0,rubiataba
13629,construction_tools_lights,134.0,bento goncalves
13630,stationery,134.0,cravinhos
13631,computers_accessories,133.99,guanambi
13632,toys,133.99,queimados
13633,bed_bath_table,133.99,sao vendelino
13634,computers_accessories,133.98,tramandai
13635,books_general_interest,133.9,reserva
13636,computers_accessories,133.9,pedro de toledo
13637,books_general_interest,133.9,olinda
13638,books_general_interest,133.9,teresina
13639,sports_leisure,133.9,urussanga
13640,fashion_bags_accessories,133.89,votorantim
13641,garden_tools,133.89,sao domingos do prata
13642,books_general_interest,133.8,bauru
13643,costruction_tools_garden,133.8,blumenau
13644,auto,133.8,camacari
13645,home_appliances,133.69,dourado
13646,housewares,133.5,pirai do sul
13647,electronics,133.4,piedade de caratinga
13648,auto,133.0,itiquira
13649,watches_gifts,133.0,campos sales
13650,sports_leisure,133.0,mogi mirim
13651,small_appliances,133.0,caraguatatuba
13652,fashion_bags_accessories,133.0,rio bonito do iguacu
13653,sports_leisure,132.99,casa branca
13654,furniture_decor,132.9,teodoro sampaio
13655,cool_stuff,132.9,madalena
13656,health_beauty,132.9,tapes
13657,health_beauty,132.9,sao marcos
13658,cool_stuff,132.9,joao neiva
13659,health_beauty,132.9,jandaia do sul
13660,construction_tools_construction,132.89000000000001,nanuque
13661,toys,132.89000000000001,trindade
13662,pet_shop,132.89000000000001,pelotas
13663,toys,132.8,concordia
13664,pet_shop,132.8,colombo
13665,bed_bath_table,132.8,chavantes
13666,costruction_tools_garden,132.8,manaus
13667,cool_stuff,132.7,jesuitas
13668,cool_stuff,132.7,conceicao do coite
13669,perfumery,132.7,divinopolis
13670,signaling_and_security,132.7,campinas
13671,baby,132.68,pacaja
13672,pet_shop,132.54000000000002,rio bonito
13673,sports_leisure,132.45,pontal do parana
13674,fashion_bags_accessories,132.2,braganca paulista
13675,,132.08,brumadinho
13676,housewares,132.01,pompeia
13677,sports_leisure,132.0,piedade
13678,sports_leisure,132.0,ouro preto do oeste
13679,cool_stuff,131.99,caruaru
13680,fashion_bags_accessories,131.99,embu das artes
13681,cool_stuff,131.99,itabatan
13682,cool_stuff,131.9,araxa
13683,luggage_accessories,131.9,santa rita do araguaia
13684,garden_tools,131.9,alto jequitiba
13685,luggage_accessories,131.9,parnaiba
13686,fashion_bags_accessories,131.89000000000001,campo mourao
13687,construction_tools_construction,131.89,maua
13688,telephony,131.88,cruz das almas
13689,musical_instruments,131.8,parnaiba
13690,health_beauty,131.8,joao pinheiro
13691,,131.70000000000002,camacari
13692,computers_accessories,131.59,serrana
13693,,131.51,taboao da serra
13694,telephony,131.44,barra do pirai
13695,perfumery,131.35,santa fe do sul
13696,food_drink,131.32,campinas
13697,cool_stuff,131.3,votuporanga
13698,,131.20000000000002,salto
13699,fashion_bags_accessories,131.2,cordeiro
13700,sports_leisure,131.01,entre rios
13701,fashion_male_clothing,131.0,bom jardim de minas
13702,sports_leisure,131.0,abreu e lima
13703,health_beauty,131.0,casa branca
13704,auto,131.0,bonfim paulista
13705,bed_bath_table,130.99,mangaratiba
13706,auto,130.99,amparo
13707,telephony,130.95,vitoria da conquista
13708,fashion_bags_accessories,130.9,sao vicente
13709,housewares,130.9,nova fatima
13710,construction_tools_safety,130.9,sao bento
13711,housewares,130.9,embu-guacu
13712,furniture_decor,130.82999999999998,tupa
13713,computers_accessories,130.8,lencois paulista
13714,books_technical,130.8,mambore
13715,home_appliances,130.8,ielmo marinho
13716,consoles_games,130.76,camboriu
13717,garden_tools,130.46,mongagua
13718,baby,130.4,jau
13719,auto,130.39000000000001,paracatu
13720,garden_tools,130.23,uba
13721,,130.0,joao monlevade
13722,food,130.0,oliveira
13723,baby,130.0,viamao
13724,watches_gifts,130.0,sao pedro da uniao
13725,baby,130.0,roque gonzales
13726,baby,130.0,arraial do cabo
13727,stationery,130.0,pinhais
13728,luggage_accessories,130.0,ji-parana
13729,health_beauty,130.0,inga
13730,sports_leisure,130.0,santo antonio de jesus
13731,home_appliances,130.0,posto da mata
13732,baby,130.0,lencois paulista
13733,auto,130.0,bastos
13734,telephony,130.0,lajeado grande
13735,telephony,130.0,icapui
13736,home_appliances,130.0,sorocaba
13737,baby,130.0,arroio do tigre
13738,air_conditioning,130.0,vila velha
13739,market_place,130.0,serra
13740,baby,130.0,itamogi
13741,health_beauty,130.0,riqueza
13742,cine_photo,130.0,ibiassuce
13743,telephony,130.0,tapejara
13744,auto,130.0,arcos
13745,cool_stuff,129.99,dois vizinhos
13746,home_appliances,129.99,palmital
13747,,129.99,gravata
13748,toys,129.99,santa maria de itabira
13749,cool_stuff,129.99,ichu
13750,cool_stuff,129.99,panorama
13751,cool_stuff,129.99,campo largo
13752,cool_stuff,129.99,querencia
13753,cool_stuff,129.99,alto santo
13754,cool_stuff,129.99,cacequi
13755,furniture_decor,129.99,sapopema
13756,cool_stuff,129.99,sao jose do cerrito
13757,cool_stuff,129.99,hidrolandia
13758,cool_stuff,129.99,santo antonio das missoes
13759,cool_stuff,129.99,flores da cunha
13760,cool_stuff,129.99,carnauba dos dantas
13761,toys,129.99,campo verde
13762,office_furniture,129.99,sao gotardo
13763,toys,129.99,sao sebastiao do paraiso
13764,pet_shop,129.99,chavantes
13765,cool_stuff,129.99,capitao leonidas marques
13766,cool_stuff,129.99,ouricuri
13767,cool_stuff,129.99,sao lourenco do oeste
13768,fashion_male_clothing,129.99,floresta do araguaia
13769,cool_stuff,129.99,roseira
13770,cool_stuff,129.99,maravilha
13771,cool_stuff,129.99,lima duarte
13772,cool_stuff,129.99,goianira
13773,cool_stuff,129.99,inubia paulista
13774,cool_stuff,129.99,anchieta
13775,sports_leisure,129.99,agua preta
13776,baby,129.99,uruara
13777,watches_gifts,129.99,penaforte
13778,cool_stuff,129.99,augusto correa
13779,housewares,129.99,alegrete
13780,cool_stuff,129.99,maracaju
13781,cool_stuff,129.99,coribe
13782,bed_bath_table,129.99,barra de sao miguel
13783,cool_stuff,129.99,nova hartz
13784,cool_stuff,129.99,sao jose de mipibu
13785,cool_stuff,129.99,santa maria da serra
13786,home_appliances,129.99,ipumirim
13787,cool_stuff,129.99,conceicao dos ouros
13788,watches_gifts,129.99,luziapolis
13789,watches_gifts,129.99,caiaponia
13790,cool_stuff,129.99,ipaba
13791,cool_stuff,129.99,tacaratu
13792,luggage_accessories,129.99,itarare
13793,office_furniture,129.99,lages
13794,health_beauty,129.99,guarabira
13795,cool_stuff,129.99,formoso
13796,cool_stuff,129.99,cruzeiro do iguacu
13797,office_furniture,129.99,araraquara
13798,cool_stuff,129.99,tabira
13799,food,129.99,tres lagoas
13800,cool_stuff,129.99,alto parnaiba
13801,cool_stuff,129.99,roncador
13802,cool_stuff,129.99,santo anastacio
13803,cool_stuff,129.99,dourado
13804,garden_tools,129.99,serra azul de minas
13805,cool_stuff,129.99,paulo lopes
13806,cool_stuff,129.99,braco do norte
13807,toys,129.99,rondonopolis
13808,cool_stuff,129.99,cambe
13809,office_furniture,129.99,itabuna
13810,cool_stuff,129.99,cortes
13811,watches_gifts,129.99,madre de deus
13812,cool_stuff,129.99,presidente bernardes
13813,bed_bath_table,129.99,pilar do sul
13814,office_furniture,129.99,itarare
13815,health_beauty,129.99,paranavai
13816,cool_stuff,129.99,ibiracatu
13817,home_appliances,129.99,vinhedo
13818,toys,129.99,cacule
13819,cool_stuff,129.99,quirinopolis
13820,cool_stuff,129.99,carapebus
13821,cool_stuff,129.99,rio pardo de minas
13822,cool_stuff,129.99,sao luiz do norte
13823,cool_stuff,129.99,chiapetta
13824,cool_stuff,129.99,formoso do araguaia
13825,bed_bath_table,129.99,teixeira soares
13826,cool_stuff,129.99,dom pedro
13827,art,129.99,agua clara
13828,cool_stuff,129.99,capao da canoa
13829,books_imported,129.98,belem
13830,stationery,129.98,boa vista
13831,cool_stuff,129.98,boa vista
13832,housewares,129.97,cachoeira paulista
13833,pet_shop,129.97,santo antonio de posse
13834,housewares,129.97,barao de cocais
13835,office_furniture,129.97,nanuque
13836,home_construction,129.95,goiania
13837,home_construction,129.95,ananindeua
13838,home_construction,129.95,novo hamburgo
13839,telephony,129.95,cacador
13840,home_construction,129.95,orizania
13841,office_furniture,129.94,grupiara
13842,office_furniture,129.94,pirapetinga
13843,toys,129.9,araputanga
13844,luggage_accessories,129.9,itagimirim
13845,perfumery,129.9,porto estrela
13846,pet_shop,129.9,redencao
13847,watches_gifts,129.9,jaboticabal
13848,perfumery,129.9,coroata
13849,garden_tools,129.9,cruzilia
13850,,129.9,arandu
13851,watches_gifts,129.9,terra rica
13852,perfumery,129.9,carmo do cajuru
13853,luggage_accessories,129.9,pedro de toledo
13854,housewares,129.9,frutal
13855,electronics,129.9,murucupi
13856,perfumery,129.9,campos gerais
13857,baby,129.9,sao joao de pirabas
13858,furniture_mattress_and_upholstery,129.9,campinas
13859,baby,129.9,araucaria
13860,perfumery,129.9,terra rica
13861,health_beauty,129.9,cachoeira de minas
13862,books_general_interest,129.9,pedra azul
13863,furniture_decor,129.9,maraba
13864,computers_accessories,129.9,arroio do sal
13865,perfumery,129.9,araruna
13866,auto,129.9,barcarena
13867,consoles_games,129.9,caldeirao grande
13868,watches_gifts,129.9,riacho de santo antonio
13869,musical_instruments,129.9,bombinhas
13870,audio,129.9,serra talhada
13871,audio,129.9,cornelio procopio
13872,luggage_accessories,129.9,campo bom
13873,housewares,129.9,braco do norte
13874,computers_accessories,129.9,campos do jordao
13875,consoles_games,129.9,sao joao del rei
13876,construction_tools_construction,129.9,araucaria
13877,luggage_accessories,129.9,sao francisco do sul
13878,furniture_decor,129.9,regente feijo
13879,watches_gifts,129.9,pesqueira
13880,fashio_female_clothing,129.9,brasilia
13881,bed_bath_table,129.9,correia pinto
13882,perfumery,129.9,uba
13883,books_general_interest,129.9,ascurra
13884,auto,129.9,tres pontas
13885,small_appliances,129.9,madre de deus de minas
13886,perfumery,129.9,santo antonio de padua
13887,consoles_games,129.9,taquarituba
13888,computers_accessories,129.9,tiradentes
13889,auto,129.9,itambe
13890,luggage_accessories,129.9,cachoeiro de itapemirim
13891,toys,129.9,guaicara
13892,bed_bath_table,129.9,lagarto
13893,books_general_interest,129.9,cataguases
13894,bed_bath_table,129.9,piedade
13895,auto,129.9,terra de areia
13896,luggage_accessories,129.9,itatiaia
13897,pet_shop,129.9,laurentino
13898,furniture_living_room,129.9,montanha
13899,audio,129.9,fazenda rio grande
13900,toys,129.9,luziania
13901,fashio_female_clothing,129.9,caete
13902,books_general_interest,129.9,anicuns
13903,health_beauty,129.9,fruta de leite
13904,health_beauty,129.9,ibipora
13905,electronics,129.9,farroupilha
13906,perfumery,129.9,porto esperidiao
13907,consoles_games,129.9,gravatai
13908,cool_stuff,129.9,farroupilha
13909,arts_and_craftmanship,129.9,guaxupe
13910,computers_accessories,129.9,neropolis
13911,musical_instruments,129.9,itapetininga
13912,stationery,129.9,frederico westphalen
13913,perfumery,129.9,sao joao do paraiso
13914,books_general_interest,129.9,sao sebastiao
13915,office_furniture,129.9,sousa
13916,books_general_interest,129.9,fazenda rio grande
13917,perfumery,129.9,campestre
13918,watches_gifts,129.9,antonio carlos
13919,furniture_decor,129.9,tupi paulista
13920,costruction_tools_garden,129.9,ipatinga
13921,books_general_interest,129.9,cardoso moreira
13922,perfumery,129.9,riacho da cruz
13923,toys,129.9,barra do ribeiro
13924,kitchen_dining_laundry_garden_furniture,129.9,uberaba
13925,kitchen_dining_laundry_garden_furniture,129.9,aruja
13926,perfumery,129.9,minas novas
13927,furniture_decor,129.9,campina das missoes
13928,bed_bath_table,129.9,pedro osorio
13929,furniture_decor,129.9,buritis
13930,pet_shop,129.9,birigui
13931,sports_leisure,129.9,barro
13932,computers_accessories,129.9,caucaia
13933,books_general_interest,129.9,osorio
13934,health_beauty,129.9,nova ponte
13935,health_beauty,129.9,flores
13936,fashion_bags_accessories,129.9,sao gabriel
13937,auto,129.9,itaporanga
13938,consoles_games,129.9,angra dos reis
13939,books_general_interest,129.9,americana
13940,auto,129.9,nazareno
13941,perfumery,129.9,marataizes
13942,perfumery,129.9,santana do manhuacu
13943,bed_bath_table,129.89000000000001,bento goncalves
13944,pet_shop,129.89000000000001,votorantim
13945,sports_leisure,129.89000000000001,julio de castilhos
13946,bed_bath_table,129.89000000000001,ituverava
13947,garden_tools,129.89000000000001,barrinha
13948,telephony,129.89,pitangui
13949,telephony,129.89,lajedo
13950,toys,129.89,itapecerica da serra
13951,toys,129.89,lajeado
13952,books_general_interest,129.85,foz do iguacu
13953,bed_bath_table,129.8,coribe
13954,market_place,129.8,natal
13955,cool_stuff,129.8,miracema
13956,furniture_decor,129.8,viana
13957,fashion_underwear_beach,129.8,florianopolis
13958,toys,129.8,teodoro sampaio
13959,computers_accessories,129.8,maracas
13960,perfumery,129.8,sao manuel
13961,bed_bath_table,129.8,jacobina
13962,toys,129.8,cambe
13963,sports_leisure,129.8,itaiopolis
13964,garden_tools,129.8,cataguases
13965,furniture_decor,129.8,santa quiteria
13966,toys,129.8,mendes pimentel
13967,electronics,129.8,pato branco
13968,audio,129.8,praia grande
13969,sports_leisure,129.8,concordia
13970,kitchen_dining_laundry_garden_furniture,129.8,cubatao
13971,toys,129.8,carmo
13972,sports_leisure,129.8,planaltina
13973,,129.77,patos de minas
13974,,129.77,mairipotaba
13975,,129.77,formiga
13976,,129.70000000000002,ponta grossa
13977,auto,129.7,maracacume
13978,toys,129.6,garibaldi
13979,office_furniture,129.6,nova floresta
13980,office_furniture,129.6,araripe
13981,luggage_accessories,129.5,frei inocencio
13982,computers_accessories,129.5,araguacu
13983,arts_and_craftmanship,129.49,brasilia
13984,auto,129.49,alagoinhas
13985,auto,129.49,aracruz
13986,arts_and_craftmanship,129.49,sao sebastiao
13987,furniture_decor,129.34,canitar
13988,bed_bath_table,129.34,centenario do sul
13989,pet_shop,129.16,barreiros
13990,air_conditioning,129.15,barretos
13991,housewares,129.10000000000002,cambe
13992,health_beauty,129.0,armacao dos buzios
13993,watches_gifts,129.0,joao alfredo
13994,electronics,129.0,ibia
13995,office_furniture,129.0,ibirama
13996,furniture_decor,129.0,andradas
13997,stationery,129.0,penapolis
13998,baby,129.0,quixeramobim
13999,home_confort,129.0,cerro grande do sul
14000,stationery,129.0,horizontina
14001,computers_accessories,129.0,goitacazes
14002,stationery,129.0,itabuna
14003,stationery,129.0,rio piracicaba
14004,sports_leisure,129.0,alta floresta
14005,furniture_bedroom,129.0,santa cruz do capibaribe
14006,stationery,129.0,lucelia
14007,stationery,129.0,mariana
14008,furniture_decor,129.0,bodoquena
14009,bed_bath_table,129.0,paula candido
14010,home_confort,129.0,ipameri
14011,toys,129.0,bom retiro do sul
14012,stationery,129.0,marmeleiro
14013,fashion_bags_accessories,129.0,jaguariuna
14014,bed_bath_table,129.0,aracuai
14015,computers_accessories,129.0,imbuia
14016,home_confort,129.0,cerquilho
14017,computers_accessories,129.0,caririacu
14018,watches_gifts,129.0,pedrinhas paulista
14019,computers_accessories,129.0,palma
14020,small_appliances,129.0,sao joao batista
14021,computers_accessories,129.0,paraipaba
14022,housewares,129.0,diamantina
14023,watches_gifts,129.0,sao miguel do oeste
14024,home_confort,129.0,rio claro
14025,computers_accessories,129.0,jeriquara
14026,furniture_bedroom,129.0,santa barbara d'oeste
14027,stationery,129.0,mata de sao joao
14028,watches_gifts,129.0,cordeiropolis
14029,watches_gifts,129.0,sao sebastiao da boa vista
14030,computers_accessories,129.0,natividade
14031,computers_accessories,129.0,corrego fundo
14032,kitchen_dining_laundry_garden_furniture,129.0,araguaina
14033,stationery,129.0,juazeiro
14034,watches_gifts,129.0,cacador
14035,housewares,129.0,sao goncalo do amarante
14036,stationery,129.0,paranaiba
14037,air_conditioning,129.0,curitiba
14038,perfumery,129.0,silva jardim
14039,garden_tools,129.0,nova campina
14040,housewares,129.0,taio
14041,watches_gifts,129.0,comercinho
14042,stationery,129.0,piacabucu
14043,computers_accessories,129.0,itapetim
14044,furniture_decor,129.0,carmolandia
14045,auto,129.0,queimadas
14046,computers_accessories,129.0,mariana
14047,stationery,129.0,floriano
14048,computers_accessories,129.0,alfredo marcondes
14049,stationery,129.0,itaitinga
14050,stationery,129.0,aracoiaba da serra
14051,housewares,129.0,agua doce do norte
14052,stationery,129.0,vargem alta
14053,stationery,129.0,macaubas
14054,housewares,129.0,sao lourenco do sul
14055,housewares,129.0,mundo novo
14056,stationery,129.0,cabrobo
14057,stationery,129.0,costa rica
14058,housewares,129.0,jacutinga
14059,air_conditioning,129.0,esmeraldas
14060,stationery,129.0,ibatiba
14061,stationery,129.0,coromandel
14062,toys,129.0,lagoa vermelha
14063,watches_gifts,129.0,pirangi
14064,sports_leisure,129.0,mariana
14065,food_drink,128.99,mogi das cruzes
14066,garden_tools,128.99,cachoeiras de macacu
14067,telephony,128.99,paramirim
14068,computers_accessories,128.99,agudos
14069,fixed_telephony,128.99,sapucaia do sul
14070,health_beauty,128.99,miguel pereira
14071,stationery,128.9,camaqua
14072,computers_accessories,128.9,ibirite
14073,toys,128.9,tapejara
14074,books_general_interest,128.9,floresta
14075,watches_gifts,128.9,flores da cunha
14076,fashion_bags_accessories,128.9,nova serrana
14077,consoles_games,128.9,hortolandia
14078,books_general_interest,128.9,marmeleiro
14079,watches_gifts,128.9,santa rosa
14080,audio,128.9,aparecida
14081,toys,128.9,charqueada
14082,furniture_decor,128.9,queimadas
14083,audio,128.9,ribeirao preto
14084,toys,128.9,mozarlandia
14085,toys,128.9,ibirite
14086,fashion_bags_accessories,128.9,volta redonda
14087,cool_stuff,128.9,apucarana
14088,stationery,128.9,valparaiso de goias
14089,toys,128.9,pauliceia
14090,furniture_decor,128.9,sao francisco do sul
14091,art,128.89,curitiba
14092,fashion_bags_accessories,128.89,pontal
14093,watches_gifts,128.89,brejetuba
14094,fashion_bags_accessories,128.88,sao jose do rio preto
14095,telephony,128.85999999999999,mongagua
14096,small_appliances,128.8,santa maria
14097,fashion_bags_accessories,128.8,patos de minas
14098,toys,128.8,santa rita d'oeste
14099,construction_tools_construction,128.8,espera feliz
14100,baby,128.8,telemaco borba
14101,baby,128.8,madre de deus
14102,fashion_bags_accessories,128.79000000000002,ananindeua
14103,signaling_and_security,128.78,triunfo
14104,perfumery,128.59,guaramirim
14105,sports_leisure,128.56,alegrete
14106,perfumery,128.5,apiaca
14107,sports_leisure,128.5,arraial do cabo
14108,construction_tools_safety,128.25,presidente epitacio
14109,construction_tools_safety,128.25,viradouro
14110,home_construction,128.0,rio brilhante
14111,housewares,128.0,ponta pora
14112,pet_shop,128.0,ouro branco
14113,watches_gifts,127.99000000000001,conceicao do castelo
14114,perfumery,127.99,jundiai do sul
14115,toys,127.9,cerqueira cesar
14116,,127.9,amparo
14117,housewares,127.9,triunfo
14118,bed_bath_table,127.9,jaragua
14119,stationery,127.9,campo do meio
14120,toys,127.89,restinga seca
14121,stationery,127.80000000000001,cacu
14122,home_construction,127.8,assis chateaubriand
14123,computers_accessories,127.8,palmeira
14124,home_construction,127.8,palmital
14125,sports_leisure,127.70000000000002,santa rosa de viterbo
14126,auto,127.39000000000001,matao
14127,toys,127.3,rio verde
14128,garden_tools,127.27,caldas novas
14129,garden_tools,127.27,guapore
14130,construction_tools_construction,127.26,serra
14131,,127.2,camboriu
14132,health_beauty,127.19999999999999,sao simao
14133,bed_bath_table,127.09,taiuva
14134,books_technical,127.0,sobral
14135,consoles_games,127.0,santa cruz cabralia
14136,stationery,127.0,marau
14137,stationery,127.0,itapema
14138,furniture_decor,126.99,sao joaquim da barra
14139,office_furniture,126.99,varzea grande
14140,garden_tools,126.99,parnamirim
14141,garden_tools,126.99,parnaiba
14142,garden_tools,126.99,varzea da palma
14143,office_furniture,126.99,linhares
14144,office_furniture,126.99,ituiutaba
14145,garden_tools,126.99,ibaiti
14146,garden_tools,126.99,farol
14147,office_furniture,126.99,paracuru
14148,bed_bath_table,126.99,mallet
14149,office_furniture,126.99,angelina
14150,food,126.98,laguna
14151,food,126.98,taboao da serra
14152,luggage_accessories,126.9,cruz alta
14153,fashion_male_clothing,126.9,belem
14154,stationery,126.9,santa luzia
14155,furniture_decor,126.9,japura
14156,stationery,126.9,bertioga
14157,perfumery,126.89000000000001,tres rios
14158,market_place,126.89000000000001,sao jose dos campos
14159,telephony,126.89,araxa
14160,housewares,126.84,sao joao batista
14161,toys,126.79,taruma
14162,garden_tools,126.78999999999999,santa rita do sapucai
14163,housewares,126.69,mateus leme
14164,furniture_decor,126.69,tanque novo
14165,furniture_decor,126.69,engenheiro paulo de frontin
14166,electronics,126.65,ananindeua
14167,bed_bath_table,126.49,cruz alta
14168,musical_instruments,126.12,novo gama
14169,computers_accessories,126.12,xavantina
14170,musical_instruments,126.12,sao sebastiao do cai
14171,perfumery,126.0,santo antonio do descoberto
14172,cool_stuff,126.0,teofilo otoni
14173,housewares,126.0,paraiba do sul
14174,garden_tools,126.0,ouro preto
14175,health_beauty,126.0,medianeira
14176,perfumery,125.99000000000001,cosmopolis
14177,luggage_accessories,125.99,chapada gaucha
14178,health_beauty,125.97999999999999,palmares do sul
14179,garden_tools,125.9,ijui
14180,furniture_living_room,125.9,itaipava
14181,pet_shop,125.9,cidade ocidental
14182,sports_leisure,125.9,ervalia
14183,furniture_living_room,125.9,ataleia
14184,perfumery,125.9,sao fernando
14185,furniture_living_room,125.9,cacador
14186,auto,125.9,lins
14187,furniture_living_room,125.9,sananduva
14188,bed_bath_table,125.9,ibirama
14189,pet_shop,125.9,alagoinhas
14190,construction_tools_lights,125.9,ipatinga
14191,pet_shop,125.9,ribeirao bonito
14192,cool_stuff,125.9,tapejara
14193,perfumery,125.9,piumhii
14194,luggage_accessories,125.89000000000001,poa
14195,health_beauty,125.88999999999999,eldorado do sul
14196,baby,125.88,limoeiro do norte
14197,home_construction,125.85000000000001,bilac
14198,furniture_decor,125.80000000000001,frutal
14199,housewares,125.80000000000001,itapuranga
14200,pet_shop,125.8,conceicao do coite
14201,housewares,125.78999999999999,bandeirantes
14202,books_general_interest,125.69999999999999,upanema
14203,bed_bath_table,125.69999999999999,perdigao
14204,toys,125.49,maracanau
14205,bed_bath_table,125.4,abdon batista
14206,home_appliances,125.25,campo formoso
14207,home_appliances,125.25,videira
14208,health_beauty,125.02,santo antonio do amparo
14209,furniture_decor,125.0,sao desiderio
14210,books_technical,125.0,paulista
14211,market_place,125.0,turmalina
14212,computers_accessories,125.0,mariano moro
14213,sports_leisure,125.0,coxim
14214,fixed_telephony,125.0,teresina
14215,stationery,125.0,varzea grande
14216,sports_leisure,125.0,arroio grande
14217,auto,125.0,rodelas
14218,fixed_telephony,125.0,coronel fabriciano
14219,sports_leisure,125.0,tapurah
14220,stationery,125.0,itumbiara
14221,fixed_telephony,125.0,aiuruoca
14222,sports_leisure,125.0,natividade da serra
14223,home_construction,125.0,garibaldi
14224,sports_leisure,125.0,motuca
14225,industry_commerce_and_business,125.0,sao luis
14226,drinks,125.0,marilia
14227,home_construction,125.0,charrua
14228,cool_stuff,125.0,sao joao do piaui
14229,stationery,125.0,fartura
14230,fixed_telephony,124.99000000000001,diadema
14231,food_drink,124.99,praia grande
14232,office_furniture,124.99,porciuncula
14233,office_furniture,124.99,nova santa rita
14234,books_general_interest,124.99,franco da rocha
14235,consoles_games,124.99,guapimirim
14236,bed_bath_table,124.99,sao pedro da uniao
14237,bed_bath_table,124.99,ervalia
14238,baby,124.99,lunardelli
14239,baby,124.99,caucaia
14240,food_drink,124.99,sumare
14241,auto,124.99,areal
14242,baby,124.99,rio novo do sul
14243,cool_stuff,124.99,senador canedo
14244,consoles_games,124.97999999999999,pelotas
14245,perfumery,124.97999999999999,pirapora
14246,furniture_living_room,124.97999999999999,itapevi
14247,construction_tools_construction,124.97,paracatu
14248,construction_tools_construction,124.96,poa
14249,sports_leisure,124.95,pirapozinho
14250,sports_leisure,124.9,reserva
14251,bed_bath_table,124.9,ourilandia do norte
14252,sports_leisure,124.9,sao bento do sapucai
14253,stationery,124.9,piumhii
14254,watches_gifts,124.9,estancia
14255,sports_leisure,124.9,tanabi
14256,toys,124.9,ilheus
14257,agro_industry_and_commerce,124.9,ubajara
14258,housewares,124.9,sabara
14259,sports_leisure,124.9,juquitiba
14260,sports_leisure,124.9,sombrio
14261,toys,124.9,sarzedo
14262,bed_bath_table,124.9,propria
14263,watches_gifts,124.9,olimpia
14264,bed_bath_table,124.9,ascurra
14265,watches_gifts,124.9,corupa
14266,christmas_supplies,124.9,novo hamburgo
14267,luggage_accessories,124.9,brejoes
14268,christmas_supplies,124.9,belford roxo
14269,bed_bath_table,124.9,alagoinhas
14270,watches_gifts,124.9,guaranta do norte
14271,books_general_interest,124.9,escada
14272,computers_accessories,124.89000000000001,coromandel
14273,cool_stuff,124.89000000000001,caldas novas
14274,computers_accessories,124.88,sao geraldo
14275,pet_shop,124.80000000000001,peruibe
14276,bed_bath_table,124.80000000000001,cananeia
14277,baby,124.80000000000001,toledo
14278,computers_accessories,124.80000000000001,andradina
14279,food,124.80000000000001,socorro
14280,,124.8,itapetinga
14281,,124.8,marco
14282,furniture_decor,124.8,teotonio vilela
14283,sports_leisure,124.78999999999999,almirante tamandare
14284,stationery,124.77,itaborai
14285,auto,124.7,carneirinho
14286,auto,124.7,andorinha
14287,auto,124.7,cristalandia
14288,books_general_interest,124.69999999999999,carapicuiba
14289,garden_tools,124.69999999999999,sao luiz gonzaga
14290,pet_shop,124.6,bertioga
14291,consoles_games,124.49,cariacica
14292,construction_tools_construction,124.43,cachoeira paulista
14293,bed_bath_table,124.34,bom jardim de minas
14294,home_appliances,124.3,varzea alegre
14295,housewares,124.08000000000001,santa rita do passa quatro
14296,housewares,124.06,tres barras
14297,furniture_decor,124.0,santa ines
14298,watches_gifts,124.0,barra de sao joao
14299,sports_leisure,124.0,sao miguel do guama
14300,audio,123.99000000000001,anapolis
14301,cool_stuff,123.99,aimores
14302,health_beauty,123.98,dom pedro
14303,telephony,123.98,palmital
14304,perfumery,123.9,vargem grande paulista
14305,cool_stuff,123.9,guapimirim
14306,watches_gifts,123.9,timburi
14307,,123.89,pereira barreto
14308,computers_accessories,123.89,barreira
14309,telephony,123.87,sao lourenco
14310,pet_shop,123.78,agudos
14311,pet_shop,123.78,holambra
14312,furniture_living_room,123.78,peruibe
14313,home_appliances,123.70000000000002,marilia
14314,computers_accessories,123.69999999999999,mar de espanha
14315,auto,123.51,medianeira
14316,health_beauty,123.5,mirandopolis
14317,drinks,123.49,santana de parnaiba
14318,home_appliances,123.45,itabira
14319,home_appliances,123.45,taboao da serra
14320,watches_gifts,123.43,sao miguel arcanjo
14321,perfumery,123.17999999999999,mesquita
14322,pet_shop,123.02000000000001,lorena
14323,auto,123.0,barroso
14324,drinks,123.0,cordeiropolis
14325,stationery,123.0,franco da rocha
14326,,122.99,farroupilha
14327,,122.99,conselheiro lafaiete
14328,,122.99,barrinha
14329,,122.99,ouro branco
14330,health_beauty,122.99,taua
14331,,122.99,rio claro
14332,health_beauty,122.99,cumaru
14333,,122.99,primavera do leste
14334,,122.99,mossoro
14335,,122.99,jaragua
14336,,122.99,paraibano
14337,,122.99,tailandia
14338,,122.99,jambeiro
14339,health_beauty,122.99,itapecuru mirim
14340,,122.99,santana do livramento
14341,,122.99,igarapava
14342,health_beauty,122.99,guaranta
14343,,122.99,nova erechim
14344,perfumery,122.99,ibirapua
14345,,122.99,felipe guerra
14346,,122.99,confresa
14347,health_beauty,122.99,tuparendi
14348,,122.99,santiago
14349,,122.99,sao miguel do oeste
14350,auto,122.99,serranopolis
14351,,122.99,ilha solteira
14352,,122.99,santo antonio da patrulha
14353,health_beauty,122.99,sao lourenco do oeste
14354,,122.99,guaraniacu
14355,telephony,122.99,rio negro
14356,,122.99,forquilhinha
14357,,122.99,sao joao evangelista
14358,,122.99,tres rios
14359,,122.99,ituporanga
14360,health_beauty,122.99,vila flores
14361,,122.99,pedro leopoldo
14362,health_beauty,122.99,campos altos
14363,,122.99,arroio do meio
14364,,122.99,santana
14365,,122.99,carazinho
14366,,122.99,manoel viana
14367,,122.99,sao nicolau
14368,,122.99,piracanjuba
14369,,122.99,paracatu
14370,,122.99,cerro largo
14371,,122.99,tombos
14372,,122.99,santa luzia
14373,health_beauty,122.99,aurilandia
14374,,122.99,paicandu
14375,,122.99,sao lourenco
14376,,122.99,aruja
14377,health_beauty,122.99,sao bernardo
14378,,122.99,castelandia
14379,,122.99,estancia velha
14380,,122.99,acarau
14381,sports_leisure,122.99,nucleo residencial pilar
14382,health_beauty,122.99,maquine
14383,,122.99,buritis
14384,,122.99,sao luis de montes belos
14385,,122.99,cornelio procopio
14386,,122.99,candeias
14387,,122.99,corumba
14388,,122.99,porto xavier
14389,,122.99,lajeado
14390,,122.99,alto taquari
14391,,122.99,tramandai
14392,pet_shop,122.9,ibirite
14393,bed_bath_table,122.9,caetes
14394,bed_bath_table,122.9,botelhos
14395,bed_bath_table,122.9,bom jesus da lapa
14396,costruction_tools_garden,122.9,candeias
14397,bed_bath_table,122.9,planalto
14398,bed_bath_table,122.9,salto do ceu
14399,stationery,122.9,catanduva
14400,construction_tools_safety,122.9,campo grande
14401,bed_bath_table,122.9,nova canaa
14402,bed_bath_table,122.9,juruena
14403,sports_leisure,122.9,frederico westphalen
14404,bed_bath_table,122.9,bodoco
14405,housewares,122.89,itaperuna
14406,furniture_decor,122.88999999999999,presidente bernardes
14407,bed_bath_table,122.85000000000001,nazare paulista
14408,bed_bath_table,122.80000000000001,sao lourenco da mata
14409,electronics,122.78,jaboatao dos guararapes
14410,market_place,122.69999999999999,cascavel
14411,housewares,122.69999999999999,sao fidelis
14412,perfumery,122.61,ariquemes
14413,sports_leisure,122.56,morro reuter
14414,books_general_interest,122.5,palmas
14415,books_technical,122.49000000000001,recife
14416,consoles_games,122.39,guaruja
14417,auto,122.11,novo oriente do piaui
14418,health_beauty,122.0,doutor ulysses
14419,sports_leisure,122.0,sao gotardo
14420,health_beauty,122.0,cambe
14421,auto,122.0,guariba
14422,watches_gifts,122.0,votuporanga
14423,consoles_games,121.99,limoeiro
14424,consoles_games,121.99,nova lima
14425,construction_tools_construction,121.9,pato branco
14426,bed_bath_table,121.9,navegantes
14427,health_beauty,121.9,santa cecilia
14428,luggage_accessories,121.9,mamanguape
14429,small_appliances,121.89,maringa
14430,baby,121.89,rio grande da serra
14431,housewares,121.88999999999999,ribeirao bonito
14432,fashion_underwear_beach,121.8,belem
14433,fashion_bags_accessories,121.8,piracicaba
14434,toys,121.75,sao miguel do oeste
14435,sports_leisure,121.7,caraguatatuba
14436,costruction_tools_tools,121.69999999999999,aparecida de goiania
14437,computers_accessories,121.59,sao bento do sul
14438,telephony,121.5,pendencias
14439,housewares,121.49000000000001,bom despacho
14440,food,121.46999999999998,americana
14441,home_appliances,121.0,barra velha
14442,sports_leisure,120.99,divinopolis do tocantins
14443,pet_shop,120.97,cruzeiro
14444,computers_accessories,120.9,itapema
14445,toys,120.9,brazopolis
14446,toys,120.9,getulio vargas
14447,sports_leisure,120.9,jari
14448,home_appliances,120.9,urucurituba
14449,baby,120.9,garanhuns
14450,computers_accessories,120.9,mirante da serra
14451,toys,120.9,esplanada
14452,toys,120.9,monte aprazivel
14453,toys,120.9,monte alegre do sul
14454,cool_stuff,120.89000000000001,realeza
14455,auto,120.89,jaguariaiva
14456,electronics,120.81,itu
14457,health_beauty,120.79,umuarama
14458,health_beauty,120.78999999999999,sao joaquim
14459,dvds_blu_ray,120.78999999999999,brasilia
14460,garden_tools,120.0,varzelandia
14461,consoles_games,120.0,agua boa
14462,health_beauty,120.0,urucuca
14463,construction_tools_lights,120.0,santa rosa
14464,sports_leisure,120.0,anicuns
14465,toys,120.0,schroeder
14466,construction_tools_lights,120.0,carlos barbosa
14467,health_beauty,120.0,limoeiro do norte
14468,cool_stuff,120.0,ubirata
14469,musical_instruments,120.0,marechal floriano
14470,health_beauty,120.0,vila valerio
14471,health_beauty,120.0,lago da pedra
14472,baby,120.0,itabaiana
14473,housewares,120.0,nova aurora
14474,industry_commerce_and_business,120.0,januaria
14475,construction_tools_lights,120.0,maua
14476,home_appliances,120.0,jacarei
14477,furniture_decor,120.0,paulo frontin
14478,baby,120.0,mandaguacu
14479,sports_leisure,120.0,niquelandia
14480,home_construction,120.0,birigui
14481,computers_accessories,120.0,sao joao nepomuceno
14482,garden_tools,120.0,maravilhas
14483,stationery,120.0,irati
14484,bed_bath_table,120.0,hidrolandia
14485,home_appliances,120.0,mogi das cruzes
14486,health_beauty,120.0,fazenda nova
14487,construction_tools_lights,120.0,uba
14488,pet_shop,120.0,jatai
14489,sports_leisure,120.0,guaracai
14490,perfumery,120.0,escada
14491,bed_bath_table,120.0,brotas
14492,housewares,120.0,cerro largo
14493,pet_shop,120.0,chui
14494,health_beauty,120.0,florida paulista
14495,art,120.0,para de minas
14496,computers_accessories,120.0,santo antonio de padua
14497,sports_leisure,120.0,taquarituba
14498,garden_tools,120.0,japuiba
14499,auto,120.0,biritinga
14500,health_beauty,120.0,pitanga de estrada
14501,construction_tools_lights,120.0,caratinga
14502,pet_shop,120.0,sao sebastiao do cai
14503,electronics,120.0,maracas
14504,auto,120.0,espigao alto do iguacu
14505,pet_shop,120.0,juazeiro do norte
14506,baby,120.0,santaluz
14507,baby,120.0,uruacu
14508,home_construction,120.0,santa rita do passa quatro
14509,drinks,120.0,cachoeiro de itapemirim
14510,industry_commerce_and_business,120.0,primavera
14511,construction_tools_lights,120.0,mogi-guacu
14512,pet_shop,120.0,porto belo
14513,pet_shop,120.0,herval d'oeste
14514,watches_gifts,120.0,barra de guabiraba
14515,stationery,120.0,quissama
14516,auto,120.0,paulo frontin
14517,consoles_games,120.0,esperantina
14518,housewares,120.0,nossa senhora de caravaggio
14519,furniture_decor,120.0,cabreuva
14520,construction_tools_lights,120.0,sabara
14521,pet_shop,120.0,paco do lumiar
14522,sports_leisure,120.0,monte verde
14523,industry_commerce_and_business,120.0,santo eduardo
14524,health_beauty,120.0,miranda do norte
14525,consoles_games,120.0,perola d'oeste
14526,health_beauty,120.0,severiano melo
14527,kitchen_dining_laundry_garden_furniture,120.0,jacutinga
14528,construction_tools_lights,120.0,paranavai
14529,garden_tools,120.0,tacuru
14530,health_beauty,120.0,morro do ferro
14531,home_appliances,120.0,uba
14532,perfumery,120.0,urussanga
14533,furniture_decor,120.0,socorro
14534,industry_commerce_and_business,120.0,bertioga
14535,health_beauty,120.0,sao luis do curu
14536,consoles_games,120.0,camacari
14537,stationery,120.0,colatina
14538,furniture_decor,120.0,capanema
14539,pet_shop,120.0,itajai
14540,cine_photo,120.0,pedreira
14541,pet_shop,120.0,manoel ribas
14542,garden_tools,120.0,passa tempo
14543,furniture_decor,120.0,olimpia
14544,books_technical,120.0,teresina
14545,garden_tools,120.0,vila rica
14546,construction_tools_lights,120.0,itu
14547,furniture_decor,120.0,corupa
14548,industry_commerce_and_business,120.0,mogi das cruzes
14549,sports_leisure,120.0,abadia dos dourados
14550,garden_tools,120.0,missal
14551,industry_commerce_and_business,120.0,guariroba
14552,construction_tools_lights,120.0,guaramirim
14553,agro_industry_and_commerce,120.0,caceres
14554,health_beauty,120.0,itaobim
14555,toys,119.99,santa quiteria
14556,market_place,119.99,sao jose do rio preto
14557,cool_stuff,119.99,sao domingos
14558,cool_stuff,119.99,xambioa
14559,cool_stuff,119.99,mandaguari
14560,sports_leisure,119.99,porto feliz
14561,sports_leisure,119.99,imperatriz
14562,luggage_accessories,119.99,pinhais
14563,office_furniture,119.99,colorado do oeste
14564,telephony,119.99,pereiro
14565,computers_accessories,119.99,paracambi
14566,cool_stuff,119.99,estancia velha
14567,telephony,119.99,california da barra
14568,sports_leisure,119.99,cedro de sao joao
14569,cool_stuff,119.99,taruma
14570,cool_stuff,119.99,araquari
14571,cool_stuff,119.99,catarina
14572,bed_bath_table,119.99,gouveia
14573,home_appliances_2,119.99,cubatao
14574,office_furniture,119.99,irece
14575,office_furniture,119.99,governador celso ramos
14576,small_appliances,119.99,registro
14577,cool_stuff,119.99,santa teresa
14578,cool_stuff,119.99,nova araca
14579,telephony,119.99,matinhos
14580,home_appliances_2,119.99,propria
14581,cool_stuff,119.99,santa maria da vitoria
14582,cool_stuff,119.99,lago da pedra
14583,toys,119.99,palmital
14584,cool_stuff,119.99,pires do rio
14585,cool_stuff,119.99,erebango
14586,office_furniture,119.99,estancia velha
14587,cool_stuff,119.99,urucui
14588,bed_bath_table,119.99,ouro verde
14589,office_furniture,119.99,eldorado
14590,cool_stuff,119.99,bandeirantes
14591,health_beauty,119.99,anita garibaldi
14592,cool_stuff,119.99,sao francisco de itabapoana
14593,sports_leisure,119.99,rio das flores
14594,home_appliances_2,119.99,vila velha
14595,home_appliances_2,119.99,barretos
14596,cool_stuff,119.99,guaruja do sul
14597,computers_accessories,119.99,ipiacu
14598,home_construction,119.99,campo limpo paulista
14599,office_furniture,119.99,alagoinhas
14600,sports_leisure,119.99,teodoro sampaio
14601,pet_shop,119.99,goiana
14602,luggage_accessories,119.99,espirito santo do pinhal
14603,office_furniture,119.99,manhuacu
14604,office_furniture,119.99,cruzeiro
14605,cool_stuff,119.99,sorriso
14606,home_appliances_2,119.99,rio bonito
14607,computers_accessories,119.99,santo antonio do itambe
14608,cool_stuff,119.99,caetite
14609,furniture_living_room,119.99,italva
14610,cool_stuff,119.99,santa cruz do piaui
14611,office_furniture,119.99,nilopolis
14612,sports_leisure,119.98,dom eliseu
14613,construction_tools_lights,119.98,erechim
14614,baby,119.98,boca da mata
14615,health_beauty,119.98,agua doce do norte
14616,bed_bath_table,119.98,carandai
14617,office_furniture,119.98,botelhos
14618,office_furniture,119.98,guararema
14619,office_furniture,119.98,alegrete
14620,fashion_bags_accessories,119.97999999999999,sao miguel do oeste
14621,health_beauty,119.97999999999999,alvorada do norte
14622,stationery,119.97999999999999,tangara da serra
14623,office_furniture,119.97,torrinha
14624,bed_bath_table,119.97,alto rio doce
14625,bed_bath_table,119.96,barra de sao joao
14626,health_beauty,119.95,palmares
14627,office_furniture,119.94,xanxere
14628,office_furniture,119.94,carmo da mata
14629,office_furniture,119.94,pedro de toledo
14630,office_furniture,119.94,nazare
14631,office_furniture,119.94,bom jesus da lapa
14632,office_furniture,119.94,paraguacu paulista
14633,office_furniture,119.94,santos dumont
14634,construction_tools_construction,119.91,passo fundo
14635,food_drink,119.9,tanabi
14636,bed_bath_table,119.9,sardoa
14637,baby,119.9,simao dias
14638,cool_stuff,119.9,sao cristovao
14639,watches_gifts,119.9,vacaria
14640,health_beauty,119.9,itambe
14641,baby,119.9,wagner
14642,toys,119.9,trajano de moraes
14643,health_beauty,119.9,porangatu
14644,health_beauty,119.9,jaguaruana
14645,perfumery,119.9,paraguacu
14646,bed_bath_table,119.9,castanhal
14647,food_drink,119.9,cambe
14648,books_general_interest,119.9,santa rosa
14649,watches_gifts,119.9,itapui
14650,bed_bath_table,119.9,paraguacu paulista
14651,toys,119.9,bora
14652,auto,119.9,paraguacu
14653,perfumery,119.9,serranopolis de minas
14654,sports_leisure,119.9,conchas
14655,baby,119.9,condado
14656,bed_bath_table,119.9,mucambo
14657,auto,119.9,campos de julio
14658,luggage_accessories,119.9,sao francisco
14659,sports_leisure,119.9,conceicao das alagoas
14660,,119.9,gandu
14661,health_beauty,119.9,itinga
14662,perfumery,119.9,meleiro
14663,auto,119.9,cidade gaucha
14664,books_general_interest,119.9,ouro fino
14665,perfumery,119.9,guarapari
14666,luggage_accessories,119.9,aparecida
14667,health_beauty,119.9,sarandi
14668,baby,119.9,bento goncalves
14669,health_beauty,119.9,nova prata do iguacu
14670,,119.9,palmeira das missoes
14671,baby,119.9,dom eliseu
14672,food_drink,119.9,nossa senhora do socorro
14673,baby,119.9,porteirinha
14674,baby,119.9,feira nova
14675,cool_stuff,119.9,perpetuo socorro
14676,sports_leisure,119.9,brumado
14677,baby,119.9,cachoeira de minas
14678,baby,119.9,esteio
14679,bed_bath_table,119.9,governador portela
14680,watches_gifts,119.9,cortes
14681,furniture_decor,119.9,camaragibe
14682,bed_bath_table,119.9,nova esperanca do sul
14683,furniture_decor,119.9,japeri
14684,consoles_games,119.9,itapirapua
14685,furniture_decor,119.9,salto do lontra
14686,cine_photo,119.9,porto alegre
14687,toys,119.9,nao-me-toque
14688,baby,119.9,teodoro sampaio
14689,fashion_bags_accessories,119.9,pecanha
14690,perfumery,119.9,sangao
14691,computers_accessories,119.9,soledade de minas
14692,musical_instruments,119.9,lucas do rio verde
14693,stationery,119.9,cachoeira dourada
14694,food_drink,119.9,porto alegre
14695,baby,119.9,tucano
14696,garden_tools,119.9,pedreira
14697,food_drink,119.9,queimados
14698,bed_bath_table,119.9,juara
14699,furniture_decor,119.9,sucupira do norte
14700,health_beauty,119.9,muqui
14701,baby,119.9,santo antonio de goias
14702,sports_leisure,119.9,sao joao do manhuacu
14703,bed_bath_table,119.9,nova prata
14704,toys,119.9,dois irmaos
14705,bed_bath_table,119.9,penapolis
14706,baby,119.9,rio negrinho
14707,luggage_accessories,119.9,olimpia
14708,art,119.9,piedade do rio grande
14709,market_place,119.9,joinville
14710,fashion_bags_accessories,119.9,itaguaje
14711,dvds_blu_ray,119.9,jacutinga
14712,auto,119.9,ipiranga de goias
14713,baby,119.9,mato verde
14714,bed_bath_table,119.9,bela vista de minas
14715,auto,119.9,viradouro
14716,bed_bath_table,119.9,januaria
14717,computers_accessories,119.9,macau
14718,watches_gifts,119.9,iacanga
14719,bed_bath_table,119.9,caldeirao grande
14720,computers_accessories,119.9,alfenas
14721,art,119.9,penha
14722,furniture_decor,119.9,brotas
14723,baby,119.89,goiatuba
14724,baby,119.89,tres lagoas
14725,auto,119.89,nilopolis
14726,health_beauty,119.88999999999999,itacare
14727,stationery,119.88,cerquilho
14728,fashion_bags_accessories,119.88,jau
14729,home_construction,119.85,corupa
14730,home_construction,119.85,presidente kennedy
14731,home_construction,119.85,lupionopolis
14732,home_construction,119.85,coronel fabriciano
14733,home_construction,119.85,montes claros
14734,home_construction,119.85,rondonopolis
14735,home_construction,119.85,andradina
14736,home_construction,119.85,sao miguel do oeste
14737,home_construction,119.85,garca
14738,signaling_and_security,119.85,sao sebastiao do paraiso
14739,home_construction,119.85,macae
14740,home_construction,119.85,treze tilias
14741,home_construction,119.85,aracatuba
14742,construction_tools_lights,119.85,andradas
14743,home_construction,119.85,oeiras do para
14744,home_construction,119.85,brazopolis
14745,home_construction,119.85,primavera do leste
14746,home_construction,119.85,santo antonio de jesus
14747,furniture_decor,119.80000000000001,cambui
14748,sports_leisure,119.80000000000001,iturama
14749,furniture_decor,119.80000000000001,aracoiaba da serra
14750,housewares,119.80000000000001,vassouras
14751,garden_tools,119.8,parati
14752,housewares,119.8,santo amaro
14753,computers_accessories,119.8,sao jose do ouro
14754,garden_tools,119.8,alem paraiba
14755,garden_tools,119.8,castanhal
14756,electronics,119.8,votorantim
14757,pet_shop,119.8,nanuque
14758,garden_tools,119.8,silveira martins
14759,sports_leisure,119.8,riacho de santana
14760,stationery,119.8,uberaba
14761,garden_tools,119.8,itambaraca
14762,fashion_underwear_beach,119.8,ribeirao preto
14763,garden_tools,119.8,assai
14764,sports_leisure,119.8,nova olinda
14765,health_beauty,119.8,benedito novo
14766,garden_tools,119.8,nova santa rita
14767,garden_tools,119.8,machado
14768,fashion_underwear_beach,119.8,manhuacu
14769,furniture_decor,119.8,morro grande
14770,food,119.8,suzano
14771,garden_tools,119.8,cosmorama
14772,toys,119.8,sacra familia do tingua
14773,fashion_underwear_beach,119.8,tambau
14774,garden_tools,119.8,ibiuna
14775,toys,119.8,rubiacea
14776,perfumery,119.8,sao jose da barra
14777,air_conditioning,119.8,ouro branco
14778,garden_tools,119.8,igarassu
14779,garden_tools,119.8,elias fausto
14780,air_conditioning,119.8,viamao
14781,costruction_tools_garden,119.8,aracatuba
14782,garden_tools,119.8,urubici
14783,garden_tools,119.8,congonhas
14784,musical_instruments,119.8,piraquara
14785,sports_leisure,119.8,ibaiti
14786,perfumery,119.8,caiaponia
14787,housewares,119.8,uba
14788,garden_tools,119.8,diogo de vasconcelos
14789,air_conditioning,119.8,araras
14790,furniture_decor,119.8,paracambi
14791,garden_tools,119.8,dias d'avila
14792,housewares,119.8,santa albertina
14793,garden_tools,119.8,capao do leao
14794,sports_leisure,119.8,antunes
14795,telephony,119.8,carlopolis
14796,food,119.8,itaiopolis
14797,furniture_decor,119.78,sao joao da mata
14798,construction_tools_construction,119.76,quirinopolis
14799,perfumery,119.7,sumidouro
14800,home_appliances,119.7,estacao
14801,sports_leisure,119.69999999999999,ibia
14802,health_beauty,119.69999999999999,itumbiara
14803,electronics,119.69999999999999,caruaru
14804,bed_bath_table,119.69999999999999,jose boiteux
14805,fashion_bags_accessories,119.69999999999999,passo fundo
14806,computers_accessories,119.69999999999999,jaguarao
14807,office_furniture,119.6,escada
14808,office_furniture,119.6,tucano
14809,office_furniture,119.6,teutonia
14810,office_furniture,119.6,porto ferreira
14811,health_beauty,119.6,bonito de santa fe
14812,office_furniture,119.6,pedreira
14813,perfumery,119.6,rio paranaiba
14814,books_general_interest,119.5,americano do brasil
14815,books_general_interest,119.5,esmeraldas
14816,books_general_interest,119.5,belo jardim
14817,computers_accessories,119.5,sao sebastiao do alto
14818,books_general_interest,119.5,central
14819,furniture_decor,119.4,veranopolis
14820,baby,119.4,maiquinique
14821,computers_accessories,119.34,sinop
14822,sports_leisure,119.34,jesupolis
14823,computers_accessories,119.28,ruy barbosa
14824,books_general_interest,119.2,diadema
14825,bed_bath_table,119.16,cerqueira cesar
14826,garden_tools,119.0,mirassol
14827,small_appliances,119.0,sao geraldo
14828,furniture_decor,119.0,guaramirim
14829,computers_accessories,119.0,ladario
14830,drinks,119.0,videira
14831,garden_tools,119.0,sacramento
14832,computers_accessories,119.0,serra talhada
14833,construction_tools_construction,119.0,porto seguro
14834,industry_commerce_and_business,119.0,sao roque
14835,computers_accessories,119.0,araguana
14836,computers_accessories,119.0,niquelandia
14837,pet_shop,119.0,itupeva
14838,watches_gifts,119.0,iramaia
14839,luggage_accessories,119.0,cariacica
14840,watches_gifts,119.0,sao jose de uba
14841,watches_gifts,119.0,campo verde
14842,computers_accessories,119.0,bady bassitt
14843,cine_photo,119.0,luziania
14844,electronics,119.0,leme
14845,housewares,119.0,itatiaia
14846,computers_accessories,119.0,mucuri
14847,cool_stuff,119.0,tupandi
14848,industry_commerce_and_business,119.0,uba
14849,garden_tools,119.0,jaguariaiva
14850,watches_gifts,119.0,cachoeira dourada
14851,perfumery,119.0,luis antonio
14852,kitchen_dining_laundry_garden_furniture,119.0,canoas
14853,stationery,119.0,jardim
14854,food,119.0,franco da rocha
14855,computers_accessories,119.0,sao gabriel
14856,home_appliances,119.0,ilheus
14857,pet_shop,119.0,urucui
14858,watches_gifts,119.0,jeremoabo
14859,construction_tools_lights,119.0,caraguatatuba
14860,stationery,119.0,sao pedro da aldeia
14861,pet_shop,119.0,poco fundo
14862,furniture_decor,119.0,sao jose de ribamar
14863,sports_leisure,119.0,cristiano otoni
14864,furniture_decor,119.0,sede alvorada
14865,garden_tools,119.0,sao francisco
14866,stationery,119.0,trindade do sul
14867,computers_accessories,119.0,nova olimpia
14868,furniture_decor,119.0,andre da rocha
14869,furniture_decor,119.0,taquara
14870,fashio_female_clothing,119.0,lavras
14871,computers_accessories,119.0,monte santo de minas
14872,stationery,119.0,ibiraci
14873,computers_accessories,119.0,frederico westphalen
14874,computers_accessories,119.0,campo alegre de minas
14875,perfumery,119.0,maximiliano de almeida
14876,baby,119.0,vespasiano
14877,sports_leisure,119.0,meridiano
14878,pet_shop,119.0,campina do monte alegre
14879,kitchen_dining_laundry_garden_furniture,119.0,rio das ostras
14880,watches_gifts,119.0,sanclerlandia
14881,electronics,118.99999999999999,londrina
14882,stationery,118.99000000000001,casa branca
14883,fashion_bags_accessories,118.99000000000001,foz do iguacu
14884,cool_stuff,118.99,sao cristovao do sul
14885,cool_stuff,118.99,sao jose da boa vista
14886,cool_stuff,118.99,monte santo de minas
14887,housewares,118.99,paraguacu
14888,cool_stuff,118.99,livramento de nossa senhora
14889,cool_stuff,118.99,araguaina
14890,housewares,118.99,sertao
14891,consoles_games,118.99,itapipoca
14892,baby,118.98,monte carmelo
14893,furniture_decor,118.9,penapolis
14894,watches_gifts,118.9,campina do monte alegre
14895,health_beauty,118.9,aperibe
14896,stationery,118.9,santa cruz do rio pardo
14897,luggage_accessories,118.9,amparo
14898,computers_accessories,118.9,vilhena
14899,luggage_accessories,118.9,campo maior
14900,toys,118.9,cambui
14901,office_furniture,118.9,cacoal
14902,toys,118.9,pirajui
14903,garden_tools,118.9,araquari
14904,health_beauty,118.9,alpestre
14905,fashion_bags_accessories,118.9,florestopolis
14906,luggage_accessories,118.9,campo mourao
14907,watches_gifts,118.9,fundao
14908,cool_stuff,118.9,sapezal
14909,perfumery,118.9,sao sebastiao do passe
14910,luggage_accessories,118.9,aracaju
14911,office_furniture,118.9,penapolis
14912,health_beauty,118.9,ibitiara
14913,watches_gifts,118.9,cambuquira
14914,fashion_bags_accessories,118.9,olinda
14915,garden_tools,118.9,paulinia
14916,office_furniture,118.9,campina grande
14917,health_beauty,118.9,treviso
14918,health_beauty,118.89,venancio aires
14919,market_place,118.89,campo grande
14920,furniture_decor,118.88,itajobi
14921,health_beauty,118.80000000000001,tupancireta
14922,auto,118.8,ituporanga
14923,auto,118.8,barro preto
14924,auto,118.8,presidente kennedy
14925,home_construction,118.8,teofilo otoni
14926,auto,118.8,nipoa
14927,market_place,118.77,curitiba
14928,furniture_decor,118.75,tupaciguara
14929,furniture_decor,118.75,ipero
14930,furniture_decor,118.75,coruripe
14931,perfumery,118.7,barreiras
14932,market_place,118.66,piracicaba
14933,drinks,118.6,goiania
14934,housewares,118.6,goitacazes
14935,stationery,118.5,alto rio novo
14936,consoles_games,118.43,esteio
14937,perfumery,118.0,lavinia
14938,industry_commerce_and_business,118.0,assis
14939,housewares,118.0,denise
14940,fashion_bags_accessories,118.0,colorado
14941,costruction_tools_garden,118.0,mundo novo
14942,telephony,118.0,bom jardim de minas
14943,stationery,118.0,vera cruz
14944,garden_tools,118.0,cerro negro
14945,watches_gifts,118.0,guaramirim
14946,watches_gifts,118.0,cacequi
14947,stationery,118.0,lencois paulista
14948,,118.0,palmas
14949,watches_gifts,118.0,cafelandia
14950,furniture_decor,118.0,pariquera-acu
14951,bed_bath_table,117.99,cerejeiras
14952,auto,117.99,santa rita de caldas
14953,garden_tools,117.99,sao joao da boa vista
14954,bed_bath_table,117.99,coluna
14955,books_general_interest,117.9,lauro de freitas
14956,watches_gifts,117.9,birigui
14957,perfumery,117.9,general salgado
14958,luggage_accessories,117.9,lagarto
14959,electronics,117.85,sao jose dos pinhais
14960,bed_bath_table,117.80000000000001,itaguacu
14961,baby,117.80000000000001,pindamonhangaba
14962,food,117.80000000000001,feira de santana
14963,housewares,117.8,tupaciguara
14964,housewares,117.8,santo anastacio
14965,stationery,117.8,limeira
14966,housewares,117.8,santana do mundau
14967,housewares,117.8,conceicao das pedras
14968,perfumery,117.8,paranacity
14969,health_beauty,117.79,nanuque
14970,health_beauty,117.79,santa rita de minas
14971,health_beauty,117.79,sao jose do vale do rio preto
14972,telephony,117.78,valinhos
14973,perfumery,117.7,marcelino vieira
14974,perfumery,117.7,ribeirao bonito
14975,perfumery,117.7,itaborai
14976,perfumery,117.4,santa rosa de viterbo
14977,perfumery,117.4,itapuranga
14978,perfumery,117.4,uruacu
14979,computers_accessories,117.4,ouro fino
14980,housewares,117.33,colonia castrolanda
14981,auto,117.3,camboriu
14982,auto,117.3,ecoporanga
14983,auto,117.3,dom vicoso
14984,auto,117.3,pirangi
14985,auto,117.3,inaciolandia
14986,auto,117.3,rancho alegre d'oeste
14987,auto,117.3,iretama
14988,auto,117.3,ipero
14989,auto,117.3,sao geraldo do baguari
14990,auto,117.3,serra do ramalho
14991,auto,117.3,bom jesus
14992,auto,117.3,matrincha
14993,auto,117.3,monte siao
14994,auto,117.3,sao pedro do iguacu
14995,auto,117.3,ipora
14996,auto,117.3,venda branca
14997,auto,117.3,curvelo
14998,auto,117.3,fervedouro
14999,auto,117.3,itaobim
15000,cool_stuff,117.27,colombo
15001,electronics,117.25000000000001,aparecida de goiania
15002,costruction_tools_garden,117.1,carangola
15003,watches_gifts,117.0,sao joao do manteninha
15004,sports_leisure,117.0,januaria
15005,telephony,117.0,iturama
15006,fashion_bags_accessories,117.0,mossoro
15007,computers_accessories,116.99000000000001,pereira barreto
15008,office_furniture,116.99,nucleo residencial pilar
15009,telephony,116.99,formosa
15010,office_furniture,116.99,camamu
15011,office_furniture,116.99,pojuca
15012,office_furniture,116.99,fartura
15013,office_furniture,116.99,niquelandia
15014,office_furniture,116.99,alfenas
15015,office_furniture,116.99,tres marias
15016,books_general_interest,116.95,vila velha
15017,furniture_living_room,116.94,maracai
15018,office_furniture,116.94,tapejara
15019,baby,116.91,lago da pedra
15020,baby,116.91,almenara
15021,baby,116.91,bom jesus do itabapoana
15022,bed_bath_table,116.9,canapolis
15023,christmas_supplies,116.9,olinda
15024,bed_bath_table,116.9,taruma
15025,christmas_supplies,116.9,codo
15026,bed_bath_table,116.9,mercedes
15027,perfumery,116.9,prado
15028,consoles_games,116.9,guaratingueta
15029,christmas_supplies,116.9,vitoria
15030,small_appliances,116.9,mogi das cruzes
15031,computers_accessories,116.89,bilac
15032,books_technical,116.88,taubate
15033,pet_shop,116.80000000000001,pirassununga
15034,electronics,116.80000000000001,charqueadas
15035,furniture_decor,116.69999999999999,nucleo residencial pilar
15036,office_furniture,116.6,matias barbosa
15037,office_furniture,116.6,serra talhada
15038,office_furniture,116.6,bandeira
15039,office_furniture,116.6,itanhaem
15040,perfumery,116.5,jaguariuna
15041,auto,116.36,dois vizinhos
15042,auto,116.33,getulio vargas
15043,computers_accessories,116.3,sao manuel
15044,baby,116.25,italva
15045,pet_shop,116.25,novo hamburgo
15046,housewares,116.18,taquarituba
15047,pet_shop,116.10000000000001,vacaria
15048,auto,116.1,januaria
15049,furniture_living_room,116.04,bertioga
15050,furniture_living_room,116.04,londrina
15051,watches_gifts,116.0,potirendaba
15052,stationery,116.0,sao miguel do guapore
15053,signaling_and_security,116.0,macae
15054,sports_leisure,116.0,trancoso
15055,furniture_decor,116.0,sao mateus do sul
15056,signaling_and_security,116.0,vitoria da conquista
15057,auto,115.99,altamira
15058,sports_leisure,115.99,salinas
15059,,115.99,ubatuba
15060,bed_bath_table,115.98,piumhi
15061,furniture_living_room,115.97,caldas novas
15062,housewares,115.96,alvares florence
15063,housewares,115.92,buri
15064,perfumery,115.9,duere
15065,watches_gifts,115.9,ribeirao vermelho
15066,computers_accessories,115.9,juquia
15067,computers_accessories,115.9,santa rita de caldas
15068,telephony,115.88,cosmopolis
15069,health_beauty,115.87,coronel fabriciano
15070,garden_tools,115.80000000000001,navegantes
15071,furniture_decor,115.80000000000001,timoteo
15072,furniture_decor,115.80000000000001,itapolis
15073,housewares,115.80000000000001,mozarlandia
15074,health_beauty,115.78999999999999,mangaratiba
15075,books_technical,115.78,joinville
15076,electronics,115.45,resende
15077,books_general_interest,115.42,ribeirao preto
15078,health_beauty,115.39,santo augusto
15079,auto,115.35,pirajui
15080,stationery,115.22999999999999,registro
15081,furniture_decor,115.19999999999999,imbituva
15082,furniture_decor,115.19999999999999,paranaita
15083,furniture_decor,115.19999999999999,sao benedito
15084,furniture_decor,115.19999999999999,lambari
15085,furniture_decor,115.19999999999999,dom feliciano
15086,home_appliances,115.19,santiago
15087,fashion_bags_accessories,115.0,conceicao do jacuipe
15088,books_general_interest,115.0,gaspar
15089,books_general_interest,115.0,serra negra
15090,bed_bath_table,115.0,tangara da serra
15091,books_general_interest,115.0,canoas
15092,books_general_interest,115.0,monte gordo
15093,books_general_interest,115.0,franca
15094,watches_gifts,115.0,natividade
15095,books_general_interest,115.0,jequitai
15096,sports_leisure,115.0,senges
15097,sports_leisure,115.0,sao manuel
15098,books_general_interest,115.0,colatina
15099,books_general_interest,115.0,rio grande
15100,telephony,115.0,jau
15101,books_general_interest,115.0,sertaozinho
15102,watches_gifts,115.0,itaituba
15103,sports_leisure,115.0,coroados
15104,baby,115.0,ouro branco
15105,watches_gifts,115.0,espinosa
15106,home_appliances,115.0,bebedouro
15107,home_appliances,115.0,ribeirao das neves
15108,home_appliances,115.0,ananindeua
15109,books_general_interest,115.0,guaratingueta
15110,sports_leisure,115.0,ibicarai
15111,bed_bath_table,115.0,camapua
15112,books_general_interest,115.0,cordeiro
15113,sports_leisure,115.0,bela cruz
15114,watches_gifts,115.0,palmeiras de goias
15115,,115.0,lagoinha do piaui
15116,sports_leisure,115.0,carutapera
15117,watches_gifts,115.0,jaguare
15118,books_general_interest,115.0,sao lourenco
15119,books_general_interest,115.0,balsas
15120,fashion_bags_accessories,115.0,aparecida do rio negro
15121,fashion_bags_accessories,115.0,aparecida
15122,fashion_bags_accessories,115.0,taquarituba
15123,sports_leisure,115.0,capinzal do norte
15124,fashio_female_clothing,115.0,serra
15125,books_general_interest,115.0,sao domingos do prata
15126,sports_leisure,115.0,luis correia
15127,watches_gifts,115.0,tucano
15128,books_general_interest,115.0,nova trento
15129,watches_gifts,114.99000000000001,engenheiro coelho
15130,baby,114.99,itumbiara
15131,pet_shop,114.99,madre de deus
15132,sports_leisure,114.99,itapoa
15133,health_beauty,114.97,frederico westphalen
15134,furniture_living_room,114.97,paracambi
15135,furniture_living_room,114.97,tapiratiba
15136,furniture_living_room,114.97,novo hamburgo
15137,furniture_living_room,114.97,santo anastacio
15138,office_furniture,114.94,sao domingos
15139,office_furniture,114.94,gramado
15140,office_furniture,114.94,monnerat
15141,musical_instruments,114.9,utinga
15142,food,114.9,aguas de lindoia
15143,perfumery,114.9,arapiraca
15144,luggage_accessories,114.9,sao mateus
15145,housewares,114.9,catalao
15146,sports_leisure,114.9,pugmil
15147,luggage_accessories,114.9,renascenca
15148,auto,114.9,espirito santo do pinhal
15149,perfumery,114.9,maraba
15150,bed_bath_table,114.9,espirito santo do pinhal
15151,health_beauty,114.9,bocaina
15152,telephony,114.9,taguai
15153,bed_bath_table,114.9,jacutinga
15154,bed_bath_table,114.9,baixo guandu
15155,food,114.9,guaira
15156,sports_leisure,114.9,afonso claudio
15157,toys,114.9,timbe do sul
15158,telephony,114.9,pindai
15159,books_technical,114.9,cachoeira
15160,auto,114.9,navirai
15161,bed_bath_table,114.89000000000001,pontal do parana
15162,sports_leisure,114.89000000000001,palestina
15163,computers_accessories,114.89000000000001,floriano
15164,luggage_accessories,114.89,pindamonhangaba
15165,fashion_shoes,114.89,taubate
15166,telephony,114.89,santa rita do passa quatro
15167,health_beauty,114.88999999999999,cruz alta
15168,bed_bath_table,114.80000000000001,cabreuva
15169,audio,114.8,jundiai
15170,luggage_accessories,114.8,bage
15171,office_furniture,114.6,ferraz de vasconcelos
15172,garden_tools,114.6,cubatao
15173,electronics,114.58,penapolis
15174,sports_leisure,114.49000000000001,rio pomba
15175,health_beauty,114.47,itambacuri
15176,drinks,114.46999999999998,sao bernardo do campo
15177,electronics,114.25,cabo frio
15178,industry_commerce_and_business,114.0,aracaju
15179,auto,114.0,barra do garcas
15180,bed_bath_table,114.0,mairi
15181,construction_tools_construction,114.0,machado
15182,telephony,114.0,pinheiro
15183,telephony,114.0,buri
15184,books_technical,114.0,manduri
15185,musical_instruments,114.0,manhuacu
15186,books_technical,114.0,imbituba
15187,consoles_games,113.99,sao borja
15188,electronics,113.99,piumhii
15189,perfumery,113.98,quedas do iguacu
15190,bed_bath_table,113.98,igarape
15191,perfumery,113.98,bicas
15192,perfumery,113.98,abreu e lima
15193,perfumery,113.98,alexania
15194,perfumery,113.98,lagoa dourada
15195,perfumery,113.98,colinas
15196,perfumery,113.98,jaragua do sul
15197,health_beauty,113.97999999999999,paraipaba
15198,computers_accessories,113.97999999999999,sao francisco
15199,food,113.94,santo amaro
15200,food,113.94,braganca paulista
15201,fashion_bags_accessories,113.9,caldas novas
15202,pet_shop,113.9,tabatinga
15203,housewares,113.9,brodowski
15204,computers_accessories,113.9,tucurui
15205,sports_leisure,113.89000000000001,andira
15206,housewares,113.89,flores da cunha
15207,bed_bath_table,113.89,pariquera-acu
15208,housewares,113.89,cornelio procopio
15209,telephony,113.87,parnamirim
15210,home_construction,113.85000000000001,dracena
15211,home_construction,113.85,vassouras
15212,home_construction,113.85,ipero
15213,home_construction,113.85,indaiatuba
15214,home_construction,113.85,paulinia
15215,home_construction,113.85,pitangui
15216,home_construction,113.85,matias barbosa
15217,home_construction,113.85,diadema
15218,home_construction,113.85,uniao da vitoria
15219,home_construction,113.85,orleans
15220,home_construction,113.85,carmo do cajuru
15221,electronics,113.80000000000001,birigui
15222,computers_accessories,113.8,lins
15223,garden_tools,113.8,limoeiro
15224,sports_leisure,113.69999999999999,itupeva
15225,health_beauty,113.69,pirapora do bom jesus
15226,sports_leisure,113.6,inacio martins
15227,electronics,113.6,foz do iguacu
15228,electronics,113.59,jales
15229,bed_bath_table,113.57,ipojuca
15230,bed_bath_table,113.57,canoinhas
15231,bed_bath_table,113.57,hidrolina
15232,bed_bath_table,113.57,conchas
15233,bed_bath_table,113.57,lago da pedra
15234,drinks,113.49000000000001,mogi das cruzes
15235,home_appliances,113.4,eunapolis
15236,furniture_decor,113.3,cacoal
15237,construction_tools_lights,113.3,linhares
15238,construction_tools_lights,113.3,guaira
15239,stationery,113.22999999999999,sao joao da boa vista
15240,toys,113.1,barra de sao francisco
15241,sports_leisure,113.0,garanhuns
15242,sports_leisure,113.0,pedro gomes
15243,sports_leisure,113.0,laguna
15244,watches_gifts,113.0,alagoa nova
15245,sports_leisure,113.0,nova santa barbara
15246,sports_leisure,113.0,estacao
15247,watches_gifts,113.0,lucianopolis
15248,computers_accessories,112.99,patu
15249,office_furniture,112.99,barro
15250,stationery,112.99,jandira
15251,health_beauty,112.99,mirandiba
15252,perfumery,112.97,mendes
15253,food,112.9,itaquaquecetuba
15254,watches_gifts,112.9,aragoiania
15255,toys,112.9,socorro
15256,fashion_male_clothing,112.9,indaiatuba
15257,electronics,112.84,ferraz de vasconcelos
15258,kitchen_dining_laundry_garden_furniture,112.8,ubatuba
15259,food,112.77000000000001,presidente prudente
15260,books_general_interest,112.69999999999999,ponta grossa
15261,sports_leisure,112.49,salto do jacui
15262,bed_bath_table,112.38,barra da estiva
15263,bed_bath_table,112.2,silvianopolis
15264,sports_leisure,112.0,cotipora
15265,furniture_decor,112.0,ipueiras
15266,sports_leisure,112.0,rio do oeste
15267,art,112.0,aperibe
15268,construction_tools_construction,112.0,prudentopolis
15269,construction_tools_construction,112.0,tres rios
15270,garden_tools,112.0,itauba
15271,construction_tools_construction,112.0,simoes filho
15272,construction_tools_construction,112.0,tijucas
15273,furniture_decor,112.0,ribeirao do sul
15274,la_cuisine,112.0,taboao da serra
15275,construction_tools_construction,112.0,esteio
15276,construction_tools_construction,112.0,lages
15277,health_beauty,111.98,piracaia
15278,construction_tools_construction,111.91,betim
15279,auto,111.9,itapema
15280,books_general_interest,111.9,passo fundo
15281,health_beauty,111.9,nova granada
15282,sports_leisure,111.78999999999999,jaru
15283,telephony,111.66000000000001,capao bonito
15284,costruction_tools_garden,111.63999999999999,campinas
15285,fashion_bags_accessories,111.6,itapema
15286,computers_accessories,111.6,estacao
15287,pet_shop,111.5,ibiuna
15288,sports_leisure,111.39000000000001,sarandi
15289,housewares,111.19999999999999,marilandia
15290,baby,111.07000000000001,balneario camboriu
15291,sports_leisure,111.0,manfrinopolis
15292,auto,110.99,bom jardim
15293,art,110.99,joao pessoa
15294,art,110.99,mogi das cruzes
15295,sports_leisure,110.99,ubaira
15296,health_beauty,110.99,eliseu martins
15297,art,110.99,caruaru
15298,health_beauty,110.99,mamanguape
15299,perfumery,110.98,rio negro
15300,toys,110.9,bataypora
15301,toys,110.9,lindolfo collor
15302,pet_shop,110.89,biritiba-mirim
15303,pet_shop,110.89,pinhais
15304,housewares,110.80000000000001,tres rios
15305,pet_shop,110.80000000000001,barreiras
15306,sports_leisure,110.8,itapuranga
15307,computers_accessories,110.69999999999999,aperibe
15308,sports_leisure,110.69999999999999,sooretama
15309,fashion_bags_accessories,110.6,guarapari
15310,electronics,110.6,canoas
15311,electronics,110.5,francisco beltrao
15312,pet_shop,110.49,ribeirao pires
15313,cool_stuff,110.4,cajamar
15314,health_beauty,110.32,sooretama
15315,health_beauty,110.32,januaria
15316,health_beauty,110.32,bandeirantes
15317,health_beauty,110.32,morro da fumaca
15318,health_beauty,110.32,seabra
15319,sports_leisure,110.30000000000001,ipira
15320,toys,110.0,parnamirim
15321,stationery,110.0,cruz alta
15322,musical_instruments,110.0,caxias do sul
15323,garden_tools,110.0,cruz alta
15324,industry_commerce_and_business,110.0,maringa
15325,baby,110.0,pimenta bueno
15326,auto,110.0,tanabi
15327,fashion_underwear_beach,110.0,cachoeiro de itapemirim
15328,garden_tools,110.0,martinopolis
15329,,110.0,campo largo
15330,baby,110.0,taquaritinga
15331,telephony,110.0,castro
15332,garden_tools,110.0,carvalhopolis
15333,watches_gifts,110.0,massape
15334,pet_shop,110.0,dois irmaos
15335,pet_shop,110.0,nova ponte
15336,furniture_mattress_and_upholstery,110.0,mogi mirim
15337,industry_commerce_and_business,110.0,conselheiro lafaiete
15338,furniture_mattress_and_upholstery,110.0,guarulhos
15339,computers_accessories,110.0,telemaco borba
15340,books_general_interest,110.0,barreiras
15341,industry_commerce_and_business,110.0,olinda
15342,health_beauty,110.0,salto veloso
15343,audio,110.0,uberaba
15344,telephony,110.0,independencia
15345,watches_gifts,110.0,pirajui
15346,industry_commerce_and_business,110.0,cacapava
15347,fashion_underwear_beach,110.0,maria da fe
15348,furniture_decor,110.0,chapadao do sul
15349,baby,110.0,rosario do sul
15350,furniture_mattress_and_upholstery,110.0,campo limpo paulista
15351,health_beauty,110.0,frutal
15352,air_conditioning,110.0,barueri
15353,sports_leisure,110.0,catuipe
15354,industry_commerce_and_business,110.0,paraopeba
15355,furniture_living_room,110.0,acegua
15356,pet_shop,110.0,caceres
15357,auto,110.0,wenceslau guimaraes
15358,health_beauty,110.0,lagoa
15359,garden_tools,110.0,valparaiso
15360,baby,110.0,sao sebastiao do passe
15361,stationery,110.0,doverlandia
15362,cool_stuff,110.0,campo alegre
15363,pet_shop,110.0,parati
15364,health_beauty,110.0,guara
15365,telephony,110.0,sao pedro da aldeia
15366,kitchen_dining_laundry_garden_furniture,110.0,alto do rodrigues
15367,kitchen_dining_laundry_garden_furniture,110.0,teixeira de freitas
15368,pet_shop,110.0,jequitinhonha
15369,industry_commerce_and_business,110.0,orlandia
15370,health_beauty,110.0,caldeirao grande do piaui
15371,industry_commerce_and_business,110.0,poa
15372,watches_gifts,110.0,cacoal
15373,baby,110.0,camacari
15374,housewares,110.0,eloi mendes
15375,industry_commerce_and_business,110.0,cruzeiro
15376,fashion_childrens_clothes,110.0,nova iguacu
15377,industry_commerce_and_business,110.0,itaitinga
15378,industry_commerce_and_business,110.0,blumenau
15379,,110.0,varginha
15380,sports_leisure,109.99,santa cruz cabralia
15381,toys,109.99,merces
15382,consoles_games,109.99,santo antonio de jesus
15383,,109.99,marau
15384,sports_leisure,109.99,altamira
15385,telephony,109.99,patos de minas
15386,industry_commerce_and_business,109.99,sao leopoldo
15387,industry_commerce_and_business,109.99,ourinhos
15388,auto,109.99,conselheiro pena
15389,,109.99,santo antonio de padua
15390,drinks,109.99,jundiai
15391,garden_tools,109.99,cambuquira
15392,bed_bath_table,109.99,paraiso
15393,furniture_decor,109.99,santa rosa de viterbo
15394,pet_shop,109.99,paraopeba
15395,sports_leisure,109.99,fronteira
15396,housewares,109.99,machacalis
15397,computers_accessories,109.99,umburatiba
15398,home_comfort_2,109.99,porto alegre
15399,baby,109.99,aracariguama
15400,computers_accessories,109.99,nova ponte
15401,baby,109.99,poa
15402,garden_tools,109.99,santana do acarau
15403,industry_commerce_and_business,109.99,sao miguel do oeste
15404,pet_shop,109.99,cabo frio
15405,,109.99,sape
15406,baby,109.99,itaguai
15407,sports_leisure,109.99,mairinque
15408,sports_leisure,109.99,resplendor
15409,pet_shop,109.99,conselheiro lafaiete
15410,consoles_games,109.98,alvorada
15411,pet_shop,109.98,gaucha do norte
15412,fashion_bags_accessories,109.98,cuiaba
15413,health_beauty,109.97999999999999,marau
15414,furniture_living_room,109.97,caxambu
15415,telephony,109.97,reboucas
15416,furniture_living_room,109.97,almirante tamandare
15417,furniture_living_room,109.97,valinhos
15418,sports_leisure,109.95,maracas
15419,sports_leisure,109.95,luiziana
15420,bed_bath_table,109.9,brejo da madre de deus
15421,fashion_bags_accessories,109.9,bom jesus do tocantins
15422,fashion_bags_accessories,109.9,alexandria
15423,bed_bath_table,109.9,umuarama
15424,baby,109.9,capao bonito
15425,stationery,109.9,missi
15426,small_appliances,109.9,rio verde
15427,health_beauty,109.9,pien
15428,baby,109.9,pacajus
15429,bed_bath_table,109.9,barbosa ferraz
15430,construction_tools_construction,109.9,guapore
15431,housewares,109.9,pedreira
15432,luggage_accessories,109.9,cambui
15433,bed_bath_table,109.9,garrafao do norte
15434,fashion_bags_accessories,109.9,paulo frontin
15435,bed_bath_table,109.9,cajobi
15436,cool_stuff,109.9,bela vista do paraiso
15437,baby,109.9,ibiruba
15438,construction_tools_construction,109.9,itabira
15439,auto,109.9,holambra ii
15440,home_confort,109.9,cordeiropolis
15441,auto,109.9,tabapora
15442,agro_industry_and_commerce,109.9,andradina
15443,construction_tools_construction,109.9,itabuna
15444,telephony,109.9,jesuania
15445,cool_stuff,109.9,rio largo
15446,toys,109.9,sao tomas de aquino
15447,bed_bath_table,109.9,arara
15448,bed_bath_table,109.9,pedreiras
15449,toys,109.9,sao borja
15450,small_appliances,109.9,leme
15451,luggage_accessories,109.9,mococa
15452,toys,109.9,bady bassitt
15453,small_appliances,109.9,rio claro
15454,auto,109.9,barrinha
15455,market_place,109.9,apucarana
15456,housewares,109.9,arandu
15457,audio,109.9,araraquara
15458,baby,109.9,ouroeste
15459,health_beauty,109.9,tunas do parana
15460,home_appliances_2,109.9,francisco beltrao
15461,bed_bath_table,109.9,sao lourenco da serra
15462,bed_bath_table,109.9,carneirinho
15463,consoles_games,109.9,lagoa santa
15464,toys,109.9,cabo de santo agostinho
15465,home_confort,109.9,palmeiras de goias
15466,auto,109.9,elias fausto
15467,bed_bath_table,109.9,barroso
15468,baby,109.9,tupaciguara
15469,bed_bath_table,109.9,vera
15470,perfumery,109.9,munhoz
15471,bed_bath_table,109.9,santa maria de itabira
15472,office_furniture,109.9,pouso alegre
15473,fixed_telephony,109.9,uberlandia
15474,market_place,109.9,fortaleza
15475,luggage_accessories,109.9,caseiros
15476,auto,109.9,palmeiras de goias
15477,auto,109.9,glorinha
15478,auto,109.9,bandeirantes
15479,baby,109.9,quedas do iguacu
15480,auto,109.9,balneario barra do sul
15481,fashion_bags_accessories,109.9,sao jose da tapera
15482,watches_gifts,109.9,capao bonito
15483,health_beauty,109.9,passos maia
15484,stationery,109.9,cameta
15485,sports_leisure,109.9,sao sepe
15486,auto,109.9,buri
15487,home_construction,109.9,urussanga
15488,health_beauty,109.9,rio de contas
15489,construction_tools_construction,109.9,quatro barras
15490,pet_shop,109.9,bage
15491,food,109.9,marilia
15492,baby,109.9,dois vizinhos
15493,furniture_decor,109.9,anta gorda
15494,construction_tools_construction,109.9,limoeiro do norte
15495,health_beauty,109.9,laranjal do jari
15496,baby,109.9,lagoa dourada
15497,small_appliances,109.9,capanema
15498,bed_bath_table,109.9,antonina
15499,health_beauty,109.9,tres barras
15500,construction_tools_lights,109.9,franca
15501,toys,109.9,sao joao do piaui
15502,bed_bath_table,109.9,ubirata
15503,luggage_accessories,109.9,itaperuna
15504,construction_tools_construction,109.9,tiete
15505,health_beauty,109.9,italva
15506,luggage_accessories,109.9,sao bento do sul
15507,bed_bath_table,109.9,itariri
15508,luggage_accessories,109.9,araraquara
15509,baby,109.9,adamantina
15510,housewares,109.9,abre campo
15511,musical_instruments,109.9,jandaira
15512,pet_shop,109.9,ribeirao das neves
15513,construction_tools_construction,109.9,balneario camboriu
15514,watches_gifts,109.9,alvares machado
15515,home_appliances_2,109.9,porto alegre
15516,construction_tools_construction,109.9,matinhos
15517,baby,109.9,victor graeff
15518,sports_leisure,109.9,sao tomas de aquino
15519,books_general_interest,109.9,mage
15520,luggage_accessories,109.9,cerquilho
15521,perfumery,109.9,frutal
15522,pet_shop,109.9,reboucas
15523,bed_bath_table,109.9,perdoes
15524,baby,109.9,rio tinto
15525,consoles_games,109.9,carmo
15526,market_place,109.9,ipiranga do sul
15527,dvds_blu_ray,109.9,caxias do sul
15528,stationery,109.9,sao miguel do oeste
15529,baby,109.9,herval d'oeste
15530,luggage_accessories,109.9,juazeiro
15531,electronics,109.9,mallet
15532,baby,109.9,aramari
15533,luggage_accessories,109.9,icara
15534,computers_accessories,109.9,jaragua
15535,baby,109.9,santana do cariri
15536,luggage_accessories,109.9,mirai
15537,stationery,109.9,guanambi
15538,bed_bath_table,109.9,paulo afonso
15539,health_beauty,109.9,quirinopolis
15540,sports_leisure,109.9,sao jose do norte
15541,housewares,109.9,almirante tamandare
15542,construction_tools_construction,109.9,iguaba grande
15543,pet_shop,109.9,barra mansa
15544,baby,109.9,colonia vitoria
15545,fashion_bags_accessories,109.89000000000001,corinto
15546,market_place,109.89,sao joao da boa vista
15547,computers_accessories,109.89,porto feliz
15548,fashion_bags_accessories,109.88,cascavel
15549,housewares,109.85,barra do garcas
15550,bed_bath_table,109.82,pontes e lacerda
15551,food,109.80000000000001,jacarei
15552,flowers,109.8,recife
15553,toys,109.8,arari
15554,fashion_underwear_beach,109.8,santos
15555,fashio_female_clothing,109.8,joao pessoa
15556,pet_shop,109.8,garibaldi
15557,garden_tools,109.8,encantado
15558,tablets_printing_image,109.8,lauro de freitas
15559,toys,109.8,vereda
15560,housewares,109.8,muzambinho
15561,luggage_accessories,109.8,aguai
15562,auto,109.8,quatis
15563,garden_tools,109.8,soledade
15564,garden_tools,109.8,guarabira
15565,furniture_decor,109.8,bom jesus dos perdoes
15566,health_beauty,109.78,cunha
15567,sports_leisure,109.7,aiuaba
15568,computers_accessories,109.66,itapolis
15569,bed_bath_table,109.5,cesario lange
15570,books_technical,109.38,embu das artes
15571,,109.38,perdizes
15572,luggage_accessories,109.35,vicosa
15573,pet_shop,109.23,ponta grossa
15574,housewares,109.18,rio branco
15575,tablets_printing_image,109.0,santa luzia
15576,stationery,109.0,leandro ferreira
15577,sports_leisure,109.0,vilhena
15578,stationery,109.0,frei martinho
15579,small_appliances,109.0,clementina
15580,stationery,109.0,cristalina
15581,sports_leisure,109.0,ceu azul
15582,cine_photo,109.0,alfenas
15583,stationery,109.0,sinop
15584,stationery,109.0,guarapuava
15585,stationery,109.0,palmitos
15586,small_appliances,109.0,tramandai
15587,stationery,109.0,apiuna
15588,furniture_decor,109.0,herveiras
15589,health_beauty,109.0,herculandia
15590,construction_tools_safety,109.0,itatiba
15591,party_supplies,109.0,brusque
15592,stationery,109.0,crato
15593,sports_leisure,109.0,nova prata
15594,housewares,109.0,louveira
15595,toys,109.0,terra nova do norte
15596,books_technical,109.0,itajuba
15597,perfumery,109.0,bom jesus
15598,bed_bath_table,109.0,serafina correa
15599,stationery,109.0,ivoti
15600,sports_leisure,109.0,paulo lopes
15601,baby,109.0,lajeado
15602,sports_leisure,109.0,castelo
15603,bed_bath_table,109.0,sao borja
15604,small_appliances,109.0,guapore
15605,watches_gifts,108.99,perdigao
15606,books_technical,108.99,belem
15607,baby,108.96,monte mor
15608,books_general_interest,108.9,horizonte
15609,books_general_interest,108.9,saquarema
15610,books_general_interest,108.9,indaial
15611,auto,108.9,balneario gaivota
15612,health_beauty,108.9,ipiranga
15613,garden_tools,108.9,aparecida
15614,auto,108.9,mossoro
15615,garden_tools,108.9,biguacu
15616,auto,108.9,japaraiba
15617,auto,108.9,guaxupe
15618,books_general_interest,108.9,tanabi
15619,luggage_accessories,108.9,botucatu
15620,,108.9,seropedica
15621,books_general_interest,108.9,adamantina
15622,computers_accessories,108.9,ipora do oeste
15623,garden_tools,108.9,crisopolis
15624,sports_leisure,108.9,arenopolis
15625,pet_shop,108.9,palmital
15626,auto,108.9,luis antonio
15627,luggage_accessories,108.9,bombinhas
15628,cool_stuff,108.89,corinto
15629,christmas_supplies,108.80000000000001,presidente prudente
15630,housewares,108.8,lapa
15631,health_beauty,108.8,nova odessa
15632,home_construction,108.8,presidente epitacio
15633,consoles_games,108.8,aracatuba
15634,perfumery,108.78999999999999,itanhaem
15635,computers_accessories,108.75,guarani
15636,market_place,108.49000000000001,guarulhos
15637,food,108.12,santa barbara d'oeste
15638,housewares,108.05,olinda
15639,audio,108.0,porto alegre
15640,watches_gifts,108.0,sao romao
15641,watches_gifts,108.0,santos dumont
15642,watches_gifts,108.0,carius
15643,perfumery,108.0,siqueira campos
15644,flowers,108.0,niteroi
15645,watches_gifts,108.0,alto alegre
15646,cool_stuff,108.0,camamu
15647,perfumery,108.0,apodi
15648,watches_gifts,108.0,mandaguacu
15649,bed_bath_table,108.0,riacho de santana
15650,sports_leisure,108.0,itabirinha
15651,health_beauty,108.0,ajapi
15652,perfumery,108.0,piedade
15653,watches_gifts,108.0,torrinha
15654,kitchen_dining_laundry_garden_furniture,108.0,jacarei
15655,auto,107.99,ribeira
15656,pet_shop,107.99,pirapora do bom jesus
15657,bed_bath_table,107.96,balsamo
15658,consoles_games,107.94,imperatriz
15659,sports_leisure,107.9,canarana
15660,auto,107.9,rosana
15661,housewares,107.9,colombo
15662,pet_shop,107.80000000000001,catuipe
15663,garden_tools,107.8,canarana
15664,garden_tools,107.8,santo antonio de padua
15665,garden_tools,107.8,cristais
15666,garden_tools,107.8,biritiba-mirim
15667,garden_tools,107.8,itaqui
15668,garden_tools,107.8,itabaianinha
15669,baby,107.8,umuarama
15670,garden_tools,107.8,conceicao do coite
15671,bed_bath_table,107.8,ilha solteira
15672,baby,107.8,itaqui
15673,bed_bath_table,107.8,capitao
15674,costruction_tools_garden,107.8,limoeiro do norte
15675,fashion_shoes,107.72,vicosa
15676,home_appliances,107.69999999999999,ampere
15677,bed_bath_table,107.6,macedonia
15678,health_beauty,107.55,inhumas
15679,housewares,107.5,crato
15680,musical_instruments,107.2,guanhaes
15681,perfumery,107.15,serra dourada
15682,sports_leisure,107.0,joao pinheiro
15683,sports_leisure,107.0,icapui
15684,sports_leisure,107.0,augustinopolis
15685,watches_gifts,107.0,sao cristovao
15686,consoles_games,107.0,ribeirao do sul
15687,sports_leisure,107.0,cacoal
15688,sports_leisure,107.0,paranaiguara
15689,market_place,106.99,agudos
15690,fixed_telephony,106.99,goiania
15691,perfumery,106.99,cambui
15692,housewares,106.99,ibipora
15693,auto,106.99,votorantim
15694,perfumery,106.98,alegrete
15695,bed_bath_table,106.98,piraju
15696,perfumery,106.98,patos de minas
15697,fashion_bags_accessories,106.97999999999999,vinhedo
15698,luggage_accessories,106.9,nova andradina
15699,luggage_accessories,106.9,santa fe do sul
15700,toys,106.9,santa rosa
15701,sports_leisure,106.9,xique-xique
15702,housewares,106.9,pitangueiras
15703,watches_gifts,106.9,amaraji
15704,luggage_accessories,106.9,padre bernardo
15705,cool_stuff,106.9,anhembi
15706,bed_bath_table,106.89,conceicao da barra
15707,health_beauty,106.88,miracema
15708,sports_leisure,106.83,cajuru
15709,musical_instruments,106.80000000000001,ituiutaba
15710,luggage_accessories,106.8,ilha solteira
15711,toys,106.7,vespasiano
15712,,106.69999999999999,francisco beltrao
15713,garden_tools,106.6,florestal
15714,home_construction,106.5,embu-guacu
15715,auto,106.4,caruaru
15716,small_appliances,106.32,santo andre
15717,stationery,106.0,barra de sao joao
15718,sports_leisure,106.0,ilha comprida
15719,cool_stuff,106.0,iguatu
15720,consoles_games,105.99000000000001,maravilha
15721,garden_tools,105.99,fatima do sul
15722,pet_shop,105.99,tambau
15723,pet_shop,105.99,camboriu
15724,garden_tools,105.99,jacigua
15725,health_beauty,105.98,cornelio procopio
15726,construction_tools_construction,105.9,rio verde
15727,bed_bath_table,105.9,abaete
15728,bed_bath_table,105.9,pinhao
15729,sports_leisure,105.9,orizona
15730,bed_bath_table,105.9,ribeirao
15731,luggage_accessories,105.9,guaratingueta
15732,art,105.9,florianopolis
15733,bed_bath_table,105.9,santa maria da vitoria
15734,sports_leisure,105.9,tuparetama
15735,perfumery,105.89,ibirite
15736,garden_tools,105.89,osvaldo cruz
15737,furniture_decor,105.89,buriticupu
15738,telephony,105.85000000000001,praia grande
15739,housewares,105.80000000000001,mossoro
15740,housewares,105.80000000000001,nova europa
15741,garden_tools,105.7,limoeiro do norte
15742,costruction_tools_garden,105.6,luiziania
15743,art,105.55,niteroi
15744,drinks,105.49000000000001,paranapanema
15745,perfumery,105.43,piraju
15746,perfumery,105.43,sertaozinho
15747,furniture_decor,105.4,taquari
15748,,105.38999999999999,franca
15749,sports_leisure,105.30000000000001,matozinhos
15750,bed_bath_table,105.28,itaueira
15751,watches_gifts,105.0,carvalhopolis
15752,pet_shop,105.0,aruja
15753,toys,105.0,realeza
15754,watches_gifts,105.0,quatituba
15755,pet_shop,105.0,canela
15756,furniture_decor,105.0,santo antonio da patrulha
15757,computers_accessories,105.0,cajobi
15758,sports_leisure,105.0,brejo da madre de deus
15759,watches_gifts,105.0,tucurui
15760,home_appliances,105.0,dourados
15761,drinks,105.0,ananindeua
15762,watches_gifts,105.0,costa marques
15763,sports_leisure,105.0,patos
15764,furniture_decor,105.0,tucunduva
15765,computers_accessories,105.0,balsas
15766,watches_gifts,105.0,araruna
15767,furniture_decor,105.0,aracati
15768,signaling_and_security,105.0,sao joao da barra
15769,watches_gifts,105.0,pocrane
15770,sports_leisure,105.0,iguaba grande
15771,watches_gifts,105.0,pombos
15772,drinks,105.0,americana
15773,signaling_and_security,105.0,guaratingueta
15774,computers_accessories,105.0,carmo da mata
15775,sports_leisure,105.0,igarape
15776,furniture_decor,105.0,senhora de oliveira
15777,furniture_decor,105.0,monsenhor tabosa
15778,la_cuisine,105.0,tubarao
15779,signaling_and_security,105.0,campos dos goytacazes
15780,pet_shop,105.0,rio grande
15781,sports_leisure,105.0,esteio
15782,watches_gifts,105.0,sao bento do sul
15783,watches_gifts,105.0,pinheiro machado
15784,watches_gifts,105.0,porangatu
15785,watches_gifts,105.0,ibiam
15786,computers_accessories,105.0,caldeirao grande
15787,furniture_decor,105.0,carmo
15788,computers_accessories,105.0,sao marcos
15789,furniture_decor,105.0,medianeira
15790,watches_gifts,105.0,ortigueira
15791,computers_accessories,105.0,nova prata
15792,furniture_decor,105.0,joao pinheiro
15793,signaling_and_security,105.0,iuna
15794,pet_shop,105.0,tabapora
15795,sports_leisure,105.0,pocinhos
15796,pet_shop,104.99000000000001,itajobi
15797,computers_accessories,104.99000000000001,flores da cunha
15798,housewares,104.99000000000001,ibirite
15799,luggage_accessories,104.99,guariba
15800,health_beauty,104.99,morro reuter
15801,toys,104.99,conceicao da feira
15802,costruction_tools_garden,104.99,ampere
15803,health_beauty,104.99,ceres
15804,cool_stuff,104.99,sananduva
15805,luggage_accessories,104.99,campo belo
15806,health_beauty,104.99,dois riachos
15807,drinks,104.98,campo grande
15808,food_drink,104.97,contagem
15809,luggage_accessories,104.9,santa cruz
15810,perfumery,104.9,bituruna
15811,perfumery,104.9,tres arroios
15812,furniture_decor,104.9,monte mor
15813,sports_leisure,104.9,poloni
15814,computers_accessories,104.9,garibaldi
15815,stationery,104.9,ibirite
15816,perfumery,104.9,santa gertrudes
15817,perfumery,104.9,sao pedro da aldeia
15818,sports_leisure,104.9,porto esperidiao
15819,sports_leisure,104.9,santa rosa de lima
15820,housewares,104.9,lagoa da prata
15821,sports_leisure,104.9,teofilandia
15822,,104.9,cravinhos
15823,perfumery,104.9,passos
15824,toys,104.9,curitibanos
15825,perfumery,104.9,conrado
15826,,104.9,ituverava
15827,baby,104.89,itaperuna
15828,health_beauty,104.89,santa cruz do rio pardo
15829,electronics,104.89,rinopolis
15830,perfumery,104.89,miracatu
15831,fashion_bags_accessories,104.80000000000001,vila valerio
15832,computers_accessories,104.80000000000001,guarabira
15833,baby,104.80000000000001,alegrete
15834,toys,104.80000000000001,paulinia
15835,sports_leisure,104.80000000000001,espirito santo do pinhal
15836,bed_bath_table,104.80000000000001,porciuncula
15837,auto,104.8,espera feliz
15838,bed_bath_table,104.8,igrejinha
15839,telephony,104.78,apucarana
15840,housewares,104.72,bariri
15841,auto,104.71,porto firme
15842,electronics,104.64,balsas
15843,books_general_interest,104.5,domingos martins
15844,sports_leisure,104.49,itabirito
15845,health_beauty,104.47999999999999,alvinopolis
15846,computers_accessories,104.4,santo hipolito
15847,fixed_telephony,104.2,pompeia
15848,pet_shop,104.15,mage
15849,industry_commerce_and_business,104.0,diadema
15850,health_beauty,104.0,ouro preto do oeste
15851,health_beauty,104.0,indiana
15852,watches_gifts,104.0,sao sebastiao do passe
15853,food_drink,104.0,rio do antonio
15854,sports_leisure,104.0,tabapua
15855,industry_commerce_and_business,104.0,itanhaem
15856,industry_commerce_and_business,104.0,ipe
15857,industry_commerce_and_business,104.0,barra mansa
15858,industry_commerce_and_business,104.0,veranopolis
15859,industry_commerce_and_business,104.0,porto alegre
15860,industry_commerce_and_business,104.0,lauro de freitas
15861,watches_gifts,104.0,santa cruz do capibaribe
15862,books_technical,104.0,barretos
15863,health_beauty,104.0,turvo
15864,home_appliances,104.0,macae
15865,industry_commerce_and_business,104.0,nova iguacu
15866,industry_commerce_and_business,104.0,engenheiro coelho
15867,sports_leisure,104.0,cambuci
15868,industry_commerce_and_business,104.0,campo belo
15869,health_beauty,104.0,aguas de lindoia
15870,home_appliances,104.0,valenca
15871,watches_gifts,104.0,chapada do norte
15872,furniture_decor,104.0,monte alegre do sul
15873,sports_leisure,104.0,buri
15874,sports_leisure,104.0,monte santo de minas
15875,industry_commerce_and_business,104.0,guaratingueta
15876,small_appliances,103.99,luisburgo
15877,small_appliances,103.99,sao roque de minas
15878,furniture_living_room,103.99,franca
15879,furniture_living_room,103.99,itabira
15880,small_appliances,103.99,lins
15881,toys,103.99,loanda
15882,small_appliances,103.99,pau dos ferros
15883,furniture_living_room,103.99,marialva
15884,small_appliances,103.99,uberlandia
15885,books_technical,103.99,querencia
15886,furniture_living_room,103.99,mage
15887,furniture_living_room,103.97,divino de sao lourenco
15888,furniture_living_room,103.97,louveira
15889,office_furniture,103.97,tupa
15890,furniture_living_room,103.97,ilha solteira
15891,furniture_living_room,103.97,sao vicente
15892,furniture_living_room,103.97,nova granada
15893,furniture_living_room,103.97,caieiras
15894,furniture_living_room,103.97,poco fundo
15895,furniture_living_room,103.97,diorama
15896,furniture_living_room,103.97,itumbiara
15897,office_furniture,103.97,sao francisco
15898,telephony,103.96000000000001,sao sebastiao do cai
15899,electronics,103.9,vera cruz do oeste
15900,electronics,103.9,lindoia do sul
15901,computers_accessories,103.9,pinheiro
15902,electronics,103.9,campo alegre
15903,electronics,103.9,jaguaquara
15904,audio,103.9,santos
15905,,103.9,werneck
15906,electronics,103.9,teresopolis
15907,sports_leisure,103.80000000000001,estancia velha
15908,small_appliances,103.8,lourdes
15909,garden_tools,103.8,alta floresta
15910,consoles_games,103.8,bauru
15911,costruction_tools_garden,103.8,natal
15912,garden_tools,103.8,boa esperanca
15913,garden_tools,103.8,andradina
15914,electronics,103.69999999999999,barra bonita
15915,fashion_bags_accessories,103.6,rio das ostras
15916,consoles_games,103.5,lontras
15917,garden_tools,103.01,ituiutaba
15918,watches_gifts,103.0,sertaozinho
15919,auto,103.0,peixoto de azevedo
15920,watches_gifts,103.0,buritama
15921,pet_shop,103.0,sao jose do ouro
15922,pet_shop,103.0,santa isabel
15923,housewares,103.0,medianeira
15924,pet_shop,103.0,taquaritinga
15925,perfumery,102.99000000000001,nepomuceno
15926,consoles_games,102.99,juti
15927,watches_gifts,102.9,palmeira dos indios
15928,garden_tools,102.9,tres coracoes
15929,electronics,102.9,itupeva
15930,luggage_accessories,102.9,santa margarida
15931,luggage_accessories,102.9,birigui
15932,housewares,102.9,ocaucu
15933,,102.9,aracoiaba da serra
15934,garden_tools,102.9,sao roque
15935,sports_leisure,102.9,nova monte verde
15936,,102.9,aguas de santa barbara
15937,luggage_accessories,102.9,acopiara
15938,luggage_accessories,102.9,santa vitoria do palmar
15939,watches_gifts,102.9,laranjal paulista
15940,luggage_accessories,102.9,santana do araguaia
15941,luggage_accessories,102.9,itaqui
15942,garden_tools,102.9,palmeira
15943,luggage_accessories,102.9,aracati
15944,luggage_accessories,102.9,betim
15945,,102.89000000000001,sobral
15946,auto,102.89,mateus leme
15947,health_beauty,102.89,itatim
15948,furniture_decor,102.89,piedade
15949,home_appliances,102.80000000000001,braganca paulista
15950,home_appliances,102.80000000000001,aracatuba
15951,telephony,102.77999999999999,seropedica
15952,electronics,102.74,uchoa
15953,small_appliances,102.74,manhuacu
15954,health_beauty,102.67,eunapolis
15955,stationery,102.59,marilia
15956,garden_tools,102.49,arinos
15957,perfumery,102.48,sao miguel
15958,fashion_bags_accessories,102.29,unai
15959,health_beauty,102.0,codo
15960,books_technical,102.0,sao vicente
15961,consoles_games,102.0,cajati
15962,consoles_games,102.0,aracati
15963,cool_stuff,102.0,santa barbara d'oeste
15964,stationery,102.0,xanxere
15965,industry_commerce_and_business,102.0,santa cruz das palmeiras
15966,consoles_games,101.9,ananindeua
15967,computers_accessories,101.88999999999999,montenegro
15968,electronics,101.84000000000002,sumare
15969,electronics,101.80000000000001,pocos de caldas
15970,toys,101.78,espera feliz
15971,perfumery,101.65,teutonia
15972,auto,101.62,guzolandia
15973,home_construction,101.60000000000001,contagem
15974,sports_leisure,101.60000000000001,sao pedro da aldeia
15975,auto,101.5,morada nova
15976,sports_leisure,101.4,capitolio
15977,industry_commerce_and_business,101.19,itapetininga
15978,furniture_decor,101.0,canaa dos carajas
15979,garden_tools,101.0,propria
15980,furniture_decor,101.0,monte azul paulista
15981,perfumery,101.0,sao bonifacio
15982,furniture_living_room,101.0,vassouras
15983,housewares,101.0,rolandia
15984,health_beauty,100.99,presidente alves
15985,computers_accessories,100.9,venancio aires
15986,construction_tools_safety,100.9,witmarsum
15987,baby,100.9,pirai
15988,telephony,100.89,floriano
15989,small_appliances,100.8,nova friburgo
15990,stationery,100.79,sao mateus
15991,stationery,100.79,rianapolis
15992,stationery,100.79,ibiruba
15993,stationery,100.79,caetite
15994,fashion_shoes,100.69999999999999,curitiba
15995,toys,100.69,uruguaiana
15996,,100.6,braganca
15997,electronics,100.44,campos dos goytacazes
15998,telephony,100.43,boa vista
15999,pet_shop,100.4,betim
16000,luggage_accessories,100.33,barreirinhas
16001,furniture_decor,100.0,estreito
16002,stationery,100.0,votuporanga
16003,cool_stuff,100.0,chapadao do sul
16004,home_appliances,100.0,joao lisboa
16005,signaling_and_security,100.0,laranjeiras do sul
16006,health_beauty,100.0,ubaporanga
16007,diapers_and_hygiene,100.0,bonfim paulista
16008,baby,100.0,ribeirao pires
16009,home_appliances_2,100.0,japeri
16010,perfumery,100.0,paraguacu paulista
16011,consoles_games,100.0,bady bassitt
16012,housewares,100.0,inubia paulista
16013,health_beauty,100.0,barra
16014,pet_shop,100.0,igarapava
16015,construction_tools_lights,100.0,soledade
16016,home_appliances,100.0,teresina
16017,security_and_services,100.0,brasilia
16018,baby,100.0,ibirite
16019,construction_tools_lights,100.0,santa cruz do rio pardo
16020,pet_shop,100.0,santanesia
16021,electronics,100.0,hortolandia
16022,housewares,100.0,rubineia
16023,baby,100.0,fortaleza dos valos
16024,baby,100.0,cunha pora
16025,consoles_games,100.0,itabirito
16026,furniture_decor,100.0,varzea da palma
16027,computers_accessories,100.0,guaxupe
16028,air_conditioning,100.0,jose de freitas
16029,construction_tools_lights,100.0,mafra
16030,health_beauty,100.0,macaubas
16031,food_drink,99.99000000000001,sao bernardo do campo
16032,art,99.99,sao jose dos campos
16033,cool_stuff,99.99,bananeiras
16034,cine_photo,99.99,sorocaba
16035,garden_tools,99.99,guaramirim
16036,cool_stuff,99.99,sangao
16037,cool_stuff,99.99,silvano
16038,furniture_living_room,99.99,alegrete
16039,art,99.99,vila dos cabanos
16040,art,99.99,itu
16041,cool_stuff,99.99,campos belos
16042,cool_stuff,99.99,santa rita de minas
16043,cool_stuff,99.99,rio branco
16044,construction_tools_construction,99.99,castro
16045,furniture_decor,99.99,encruzilhada do sul
16046,furniture_decor,99.99,palma
16047,cool_stuff,99.99,ouro verde
16048,art,99.99,votorantim
16049,small_appliances,99.99,piau
16050,cool_stuff,99.99,cravinhos
16051,fashion_bags_accessories,99.99,itapetinga
16052,health_beauty,99.99,morungaba
16053,toys,99.99,itacarambi
16054,cool_stuff,99.99,urbano santos
16055,cool_stuff,99.99,cachoeira alta
16056,cool_stuff,99.99,crateus
16057,sports_leisure,99.99,bonito de minas
16058,cool_stuff,99.99,jeceaba
16059,cool_stuff,99.99,rio pardo
16060,cool_stuff,99.99,joao lisboa
16061,cool_stuff,99.99,mirassol d'oeste
16062,cool_stuff,99.99,mairinque
16063,cool_stuff,99.99,penha
16064,telephony,99.99,nazare da mata
16065,garden_tools,99.99,ipiau
16066,cool_stuff,99.99,cachoeira do sul
16067,garden_tools,99.99,pinhalzinho
16068,health_beauty,99.99,santa clara d'oeste
16069,cool_stuff,99.99,juina
16070,consoles_games,99.99,amparo
16071,bed_bath_table,99.99,corumba de goias
16072,cool_stuff,99.99,sao lourenco
16073,art,99.99,barreiras
16074,toys,99.99,bicas
16075,pet_shop,99.99,viamao
16076,cool_stuff,99.99,fragosos
16077,bed_bath_table,99.99,eldorado
16078,telephony,99.99,barras
16079,consoles_games,99.99,tres lagoas
16080,cool_stuff,99.99,caetanopolis
16081,cool_stuff,99.99,muriae
16082,art,99.99,pedrinhas paulista
16083,garden_tools,99.99,jussari
16084,consoles_games,99.99,miguel pereira
16085,toys,99.99,paramirim
16086,toys,99.99,marataizes
16087,small_appliances,99.99,campos altos
16088,,99.99,tarabai
16089,garden_tools,99.99,taciba
16090,garden_tools,99.99,sao domingos do maranhao
16091,toys,99.99,nova russas
16092,cool_stuff,99.99,cachoeira paulista
16093,bed_bath_table,99.99,reginopolis
16094,office_furniture,99.99,rio paranaiba
16095,toys,99.99,inhauma
16096,cool_stuff,99.99,banzae
16097,cool_stuff,99.99,macau
16098,cool_stuff,99.99,campo alegre de lourdes
16099,luggage_accessories,99.99,itajai
16100,cool_stuff,99.99,itaperucu
16101,toys,99.99,santa vitoria do palmar
16102,toys,99.99,guacui
16103,auto,99.99,armacao dos buzios
16104,art,99.99,sao caetano do sul
16105,cool_stuff,99.99,santo antonio de posse
16106,art,99.99,paulinia
16107,garden_tools,99.99,tibau do sul
16108,computers_accessories,99.99,braganca
16109,housewares,99.99,palmeira
16110,cool_stuff,99.99,porto xavier
16111,garden_tools,99.99,palmeira dos indios
16112,cool_stuff,99.99,siqueira campos
16113,art,99.99,teresopolis
16114,furniture_living_room,99.99,campo limpo paulista
16115,cool_stuff,99.99,ibiruba
16116,cool_stuff,99.99,mussurepe
16117,cool_stuff,99.99,lajeado
16118,garden_tools,99.99,rio das flores
16119,toys,99.99,sao lourenco da serra
16120,air_conditioning,99.99,fervedouro
16121,toys,99.99,brasopolis
16122,luggage_accessories,99.99,mage
16123,consoles_games,99.99,itumbiara
16124,cool_stuff,99.99,japaratuba
16125,industry_commerce_and_business,99.99,sorocaba
16126,fashion_bags_accessories,99.99,campos do jordao
16127,art,99.99,lins
16128,art,99.99,vinhedo
16129,cool_stuff,99.99,roque gonzales
16130,cool_stuff,99.99,camaqua
16131,sports_leisure,99.99,santa maria do herval
16132,art,99.99,tapiramuta
16133,kitchen_dining_laundry_garden_furniture,99.99,diadema
16134,garden_tools,99.99,claro dos pocoes
16135,cool_stuff,99.99,santa clara do sul
16136,housewares,99.99,santa rita
16137,cool_stuff,99.99,cunha
16138,garden_tools,99.99,porto uniao
16139,consoles_games,99.99,presidente epitacio
16140,cool_stuff,99.99,neropolis
16141,cool_stuff,99.99,guapore
16142,health_beauty,99.99,ibiaca
16143,garden_tools,99.99,barretos
16144,cool_stuff,99.99,potiragua
16145,art,99.99,catalao
16146,art,99.99,joinville
16147,construction_tools_construction,99.99,itapema
16148,cool_stuff,99.99,dianopolis
16149,cool_stuff,99.99,colatina
16150,cool_stuff,99.99,rio brilhante
16151,cool_stuff,99.99,brejo
16152,housewares,99.99,santo cristo
16153,toys,99.99,tangua
16154,cool_stuff,99.99,matozinhos
16155,cool_stuff,99.99,pomerode
16156,bed_bath_table,99.99,santa maria madalena
16157,cool_stuff,99.99,aracruz
16158,luggage_accessories,99.99,panambi
16159,cool_stuff,99.99,barrocas
16160,garden_tools,99.99,itapoa
16161,industry_commerce_and_business,99.99,ribeirao pires
16162,art,99.99,machadinho d'oeste
16163,art,99.99,aruja
16164,garden_tools,99.99,campina verde
16165,telephony,99.98,floresta
16166,office_furniture,99.98,aperibe
16167,drinks,99.98,pocos de caldas
16168,art,99.98,rio das ostras
16169,bed_bath_table,99.97,ipira
16170,construction_tools_construction,99.97,entre rios de minas
16171,cine_photo,99.95,brasilia
16172,cine_photo,99.95,piracicaba
16173,cine_photo,99.95,cascavel
16174,fashion_bags_accessories,99.95,imbituba
16175,cine_photo,99.95,salvador
16176,health_beauty,99.9,altaneira
16177,garden_tools,99.9,nova andradina
16178,bed_bath_table,99.9,nova timboteua
16179,market_place,99.9,patos de minas
16180,toys,99.9,porto belo
16181,fixed_telephony,99.9,sorocaba
16182,sports_leisure,99.9,espera feliz
16183,costruction_tools_garden,99.9,uberlandia
16184,cool_stuff,99.9,guarapuava
16185,sports_leisure,99.9,santa barbara do sul
16186,stationery,99.9,campo verde
16187,computers_accessories,99.9,campos gerais
16188,garden_tools,99.9,cruz
16189,watches_gifts,99.9,palotina
16190,watches_gifts,99.9,correia pinto
16191,stationery,99.9,taquaritinga
16192,furniture_decor,99.9,tres passos
16193,furniture_decor,99.9,paulo afonso
16194,pet_shop,99.9,presidente tancredo neves
16195,health_beauty,99.9,sao pedro do butia
16196,fashion_male_clothing,99.9,sao mateus
16197,bed_bath_table,99.9,sao jose de ribamar
16198,bed_bath_table,99.9,ortigueira
16199,furniture_bedroom,99.9,vitoria
16200,toys,99.9,sao jose do cerrito
16201,cool_stuff,99.9,santa maria de itabira
16202,garden_tools,99.9,itapipoca
16203,housewares,99.9,charqueadas
16204,watches_gifts,99.9,caridade
16205,toys,99.9,nova erechim
16206,sports_leisure,99.9,curaca
16207,furniture_decor,99.9,felisburgo
16208,bed_bath_table,99.9,espumoso
16209,bed_bath_table,99.9,tupaciguara
16210,health_beauty,99.9,mendonca
16211,luggage_accessories,99.9,taua
16212,sports_leisure,99.9,maristela
16213,furniture_decor,99.9,frei rogerio
16214,consoles_games,99.9,sao geraldo
16215,watches_gifts,99.9,coronel pacheco
16216,fashion_bags_accessories,99.9,candeias
16217,bed_bath_table,99.9,sao vitor
16218,toys,99.9,taquaritinga do norte
16219,cool_stuff,99.9,buritirama
16220,toys,99.9,pejucara
16221,furniture_decor,99.9,cajueiro
16222,bed_bath_table,99.9,palmares
16223,bed_bath_table,99.9,rio bonito
16224,bed_bath_table,99.9,sao tome
16225,health_beauty,99.9,carajas
16226,health_beauty,99.9,putinga
16227,pet_shop,99.9,leandro ferreira
16228,sports_leisure,99.9,sao lourenco da serra
16229,musical_instruments,99.9,itapecerica da serra
16230,toys,99.9,martinopolis
16231,sports_leisure,99.9,sao gabriel
16232,furniture_decor,99.9,douradina
16233,pet_shop,99.9,itajuba
16234,furniture_decor,99.9,farroupilha
16235,bed_bath_table,99.9,curitibanos
16236,garden_tools,99.9,ponte nova
16237,sports_leisure,99.9,sao mateus do sul
16238,perfumery,99.9,cristais paulista
16239,fashion_shoes,99.9,pirenopolis
16240,health_beauty,99.9,olhos d'agua
16241,garden_tools,99.9,cananeia
16242,furniture_decor,99.9,sao sebastiao do paraiso
16243,stationery,99.9,itaberaba
16244,furniture_decor,99.9,altonia
16245,construction_tools_construction,99.9,diamante do norte
16246,sports_leisure,99.9,sertania
16247,toys,99.9,coxilha
16248,watches_gifts,99.9,carmo da cachoeira
16249,cool_stuff,99.9,candeias
16250,watches_gifts,99.9,picos
16251,garden_tools,99.9,imbituba
16252,toys,99.9,itabira
16253,bed_bath_table,99.9,grao mogol
16254,bed_bath_table,99.9,nova ubirata
16255,housewares,99.9,piraquara
16256,garden_tools,99.9,acegua
16257,furniture_decor,99.9,taquarivai
16258,bed_bath_table,99.9,mirassol d'oeste
16259,pet_shop,99.9,icem
16260,bed_bath_table,99.9,orobo
16261,garden_tools,99.9,cacoal
16262,luggage_accessories,99.9,indaial
16263,luggage_accessories,99.9,itapitanga
16264,watches_gifts,99.9,minas novas
16265,pet_shop,99.9,penha
16266,luggage_accessories,99.9,araras
16267,fashion_shoes,99.9,sobral
16268,computers_accessories,99.9,rio do pires
16269,pet_shop,99.9,serra negra
16270,fashion_shoes,99.9,tangara da serra
16271,bed_bath_table,99.9,amambai
16272,bed_bath_table,99.9,sume
16273,watches_gifts,99.9,lagoa santa
16274,furniture_decor,99.9,amapora
16275,health_beauty,99.9,novais
16276,baby,99.9,ipira
16277,garden_tools,99.9,itamogi
16278,furniture_decor,99.9,colina
16279,auto,99.9,umburanas
16280,health_beauty,99.9,piacabucu
16281,health_beauty,99.9,santa izabel do oeste
16282,luggage_accessories,99.9,santa vitoria
16283,watches_gifts,99.9,bambui
16284,bed_bath_table,99.9,matoes do norte
16285,bed_bath_table,99.9,sao jose da bela vista
16286,fashion_bags_accessories,99.9,nova era
16287,fashion_bags_accessories,99.9,nova lima
16288,luggage_accessories,99.9,castro
16289,art,99.9,porto alegre
16290,cool_stuff,99.9,andradina
16291,bed_bath_table,99.9,itapaci
16292,toys,99.9,lagoa nova
16293,cool_stuff,99.9,pocinhos
16294,consoles_games,99.9,juquitiba
16295,art,99.9,sao goncalo
16296,bed_bath_table,99.9,matozinhos
16297,furniture_decor,99.9,sao lourenco do oeste
16298,pet_shop,99.9,arraias
16299,stationery,99.9,panelas
16300,bed_bath_table,99.9,vila valerio
16301,fashion_shoes,99.9,guaxupe
16302,cool_stuff,99.9,belo vale
16303,furniture_decor,99.9,aperibe
16304,furniture_decor,99.9,carambei
16305,toys,99.9,paranagua
16306,garden_tools,99.9,coronel vivida
16307,electronics,99.9,pitangui
16308,perfumery,99.9,vicosa
16309,fashion_shoes,99.9,belem
16310,garden_tools,99.9,aragarcas
16311,furniture_decor,99.9,ervalia
16312,furniture_decor,99.9,coribe
16313,furniture_decor,99.9,cajati
16314,furniture_decor,99.9,mirante do paranapanema
16315,sports_leisure,99.9,pouso redondo
16316,garden_tools,99.9,santa fe do sul
16317,watches_gifts,99.9,descalvado
16318,watches_gifts,99.9,aparecida do taboado
16319,health_beauty,99.9,buritizeiro
16320,toys,99.9,arroio do sal
16321,bed_bath_table,99.9,ituporanga
16322,garden_tools,99.9,roca sales
16323,sports_leisure,99.9,laranjeiras do sul
16324,toys,99.9,formiga
16325,pet_shop,99.9,sao mateus
16326,small_appliances,99.9,porto velho
16327,music,99.9,indianopolis
16328,pet_shop,99.9,botelhos
16329,housewares,99.89,serrana
16330,consoles_games,99.89,campo grande
16331,home_appliances_2,99.89,uba
16332,furniture_decor,99.89,inhapim
16333,health_beauty,99.87,sao miguel do araguaia
16334,health_beauty,99.85,jacare
16335,garden_tools,99.8,mafra
16336,bed_bath_table,99.8,aracati
16337,food_drink,99.8,venda nova do imigrante
16338,garden_tools,99.8,bacabal
16339,furniture_decor,99.8,cachoeiras de macacu
16340,arts_and_craftmanship,99.8,santo andre
16341,housewares,99.8,itaocara
16342,luggage_accessories,99.8,joinville
16343,fashion_male_clothing,99.8,alexandrita
16344,garden_tools,99.8,inimutaba
16345,sports_leisure,99.8,buritizeiro
16346,baby,99.8,sao sebastiao
16347,sports_leisure,99.8,orlandia
16348,pet_shop,99.8,camanducaia
16349,garden_tools,99.8,balneario picarras
16350,garden_tools,99.8,santo anastacio
16351,luggage_accessories,99.8,maringa
16352,garden_tools,99.8,ronda alta
16353,fashion_bags_accessories,99.8,ji-parana
16354,garden_tools,99.8,arembepe
16355,stationery,99.8,dracena
16356,garden_tools,99.8,luis eduardo magalhaes
16357,electronics,99.77000000000001,itapevi
16358,auto,99.75,boca da mata
16359,housewares,99.75,primavera do leste
16360,home_appliances,99.75,breu branco
16361,furniture_decor,99.73,vila flor
16362,sports_leisure,99.7,areia branca
16363,sports_leisure,99.7,camapua
16364,sports_leisure,99.7,nova era
16365,sports_leisure,99.7,ribeirao do pinhal
16366,electronics,99.6,castilho
16367,,99.6,serrinha
16368,computers_accessories,99.56,pontal
16369,books_general_interest,99.5,ferraz de vasconcelos
16370,sports_leisure,99.49,teixeira de freitas
16371,baby,99.49,aimores
16372,baby,99.49,entre rios
16373,baby,99.49,ipojuca
16374,baby,99.49,perola
16375,baby,99.49,campo belo
16376,baby,99.49,guaraciaba do norte
16377,sports_leisure,99.49,pacaembu
16378,small_appliances,99.4,candelaria
16379,telephony,99.35999999999999,juina
16380,auto,99.30000000000001,cesario lange
16381,auto,99.2,conselheiro lafaiete
16382,baby,99.2,flor da serra do sul
16383,electronics,99.19,jaboticabal
16384,housewares,99.18,formosa do rio preto
16385,housewares,99.07,porto ferreira
16386,computers_accessories,99.0,tailandia
16387,home_appliances,99.0,coronel vivida
16388,tablets_printing_image,99.0,sao goncalo
16389,stationery,99.0,ibiam
16390,air_conditioning,99.0,gramado
16391,stationery,99.0,caete
16392,sports_leisure,99.0,acopiara
16393,furniture_living_room,99.0,balneario camboriu
16394,bed_bath_table,99.0,angulo
16395,health_beauty,99.0,rio fortuna
16396,tablets_printing_image,99.0,guaruja
16397,stationery,99.0,luis eduardo magalhaes
16398,cool_stuff,99.0,casa branca
16399,sports_leisure,99.0,jandaia do sul
16400,stationery,99.0,itapicuru
16401,garden_tools,99.0,januaria
16402,auto,99.0,sobradinho
16403,sports_leisure,99.0,agua doce do norte
16404,books_imported,99.0,nova serrana
16405,auto,99.0,arroio do meio
16406,garden_tools,99.0,serra talhada
16407,baby,99.0,barra do pirai
16408,air_conditioning,99.0,cariacica
16409,tablets_printing_image,99.0,cotia
16410,tablets_printing_image,99.0,colombia
16411,luggage_accessories,99.0,rubiacea
16412,garden_tools,99.0,charqueada
16413,perfumery,99.0,umuarama
16414,furniture_decor,99.0,porto belo
16415,computers_accessories,99.0,bernardino de campos
16416,toys,99.0,monte santo de minas
16417,health_beauty,99.0,formosa da serra negra
16418,musical_instruments,99.0,pitangueiras
16419,auto,99.0,mafra
16420,health_beauty,99.0,diamantino
16421,garden_tools,99.0,campina grande do sul
16422,tablets_printing_image,99.0,formosa
16423,telephony,99.0,panorama
16424,garden_tools,99.0,santa teresa
16425,construction_tools_construction,99.0,capao bonito
16426,garden_tools,99.0,baixo guandu
16427,stationery,99.0,iraquara
16428,tablets_printing_image,99.0,jaboatao dos guararapes
16429,garden_tools,99.0,nova venecia
16430,sports_leisure,99.0,paraiso do norte
16431,health_beauty,99.0,capao da porteira
16432,tablets_printing_image,99.0,campos dos goytacazes
16433,furniture_living_room,99.0,santana de parnaiba
16434,health_beauty,99.0,cajazeiras
16435,furniture_decor,99.0,cidade ocidental
16436,construction_tools_lights,99.0,dario meira
16437,tablets_printing_image,99.0,silveiras
16438,watches_gifts,99.0,matinhos
16439,auto,99.0,uaua
16440,books_imported,99.0,conceicao do rio verde
16441,watches_gifts,99.0,tres marias
16442,tablets_printing_image,99.0,contagem
16443,computers_accessories,99.0,passos maia
16444,sports_leisure,99.0,pedra azul
16445,furniture_decor,99.0,paulistania
16446,pet_shop,99.0,brodowski
16447,stationery,99.0,itamaraju
16448,stationery,99.0,mossoro
16449,auto,99.0,capinopolis
16450,bed_bath_table,99.0,bandeirantes
16451,air_conditioning,99.0,manhuacu
16452,tablets_printing_image,99.0,porto alegre
16453,tablets_printing_image,99.0,itauna
16454,garden_tools,99.0,santo amaro de campos
16455,stationery,99.0,varzea da palma
16456,computers_accessories,99.0,ibira
16457,construction_tools_safety,99.0,betim
16458,garden_tools,99.0,tangua
16459,garden_tools,99.0,caieiras
16460,tablets_printing_image,99.0,assis
16461,stationery,99.0,guabiruba
16462,auto,99.0,rio negro
16463,watches_gifts,99.0,motuca
16464,garden_tools,99.0,jales
16465,perfumery,99.0,caninde
16466,construction_tools_safety,99.0,colombo
16467,bed_bath_table,99.0,santo antonio da platina
16468,tablets_printing_image,99.0,valenca
16469,tablets_printing_image,99.0,itajuba
16470,bed_bath_table,99.0,vila langaro
16471,garden_tools,99.0,anguera
16472,computers_accessories,99.0,garanhuns
16473,stationery,99.0,cajuru
16474,tablets_printing_image,99.0,sao bernardo do campo
16475,construction_tools_safety,99.0,cachoeiras de macacu
16476,bed_bath_table,99.0,paiva
16477,health_beauty,99.0,barra do garcas
16478,auto,99.0,salto do lontra
16479,small_appliances,99.0,pirajui
16480,construction_tools_safety,99.0,tubarao
16481,toys,99.0,palhano
16482,air_conditioning,99.0,bom jesus do itabapoana
16483,health_beauty,99.0,bariri
16484,stationery,99.0,ararangua
16485,sports_leisure,99.0,parauna
16486,air_conditioning,99.0,lencois paulista
16487,computers_accessories,99.0,guanhaes
16488,bed_bath_table,99.0,jeronimo monteiro
16489,health_beauty,99.0,cachoeiras de macacu
16490,tablets_printing_image,99.0,floriano
16491,computers_accessories,99.0,igrejinha
16492,toys,99.0,jarinu
16493,stationery,99.0,santos dumont
16494,sports_leisure,99.0,ipixuna do para
16495,perfumery,99.0,coronel joao sa
16496,computers_accessories,99.0,porecatu
16497,watches_gifts,99.0,candido de abreu
16498,stationery,99.0,candiota
16499,garden_tools,99.0,barra do rio azul
16500,tablets_printing_image,99.0,paulinia
16501,garden_tools,99.0,congonhal
16502,stationery,99.0,brumado
16503,construction_tools_construction,99.0,sacramento
16504,tablets_printing_image,99.0,carapicuiba
16505,air_conditioning,99.0,teresopolis
16506,health_beauty,99.0,goitacazes
16507,bed_bath_table,99.0,edeia
16508,cool_stuff,99.0,caconde
16509,stationery,99.0,ibia
16510,furniture_decor,99.0,sao goncalo do abaete
16511,sports_leisure,99.0,santa cruz de minas
16512,housewares,99.0,nova santa rosa
16513,garden_tools,99.0,mococa
16514,,99.0,dom silverio
16515,tablets_printing_image,99.0,conceicao do almeida
16516,computers_accessories,99.0,teixeiras
16517,garden_tools,99.0,agua santa
16518,tablets_printing_image,99.0,vitoria de santo antao
16519,bed_bath_table,99.0,porto uniao
16520,telephony,99.0,nova ponte
16521,stationery,99.0,catas altas
16522,air_conditioning,99.0,pelotas
16523,stationery,99.0,petrolandia
16524,garden_tools,99.0,colina
16525,toys,99.0,capitao leonidas marques
16526,bed_bath_table,99.0,aimores
16527,auto,99.0,cocal
16528,air_conditioning,99.0,diadema
16529,construction_tools_safety,99.0,arapoti
16530,garden_tools,99.0,itapeva
16531,toys,99.0,rio grande da serra
16532,furniture_decor,98.99000000000001,cubatao
16533,sports_leisure,98.99,xapuri
16534,sports_leisure,98.99,simolandia
16535,sports_leisure,98.99,guaranta do norte
16536,sports_leisure,98.99,varzea
16537,bed_bath_table,98.99,sao joao de pirabas
16538,health_beauty,98.99,wanderley
16539,food,98.99,porto velho
16540,telephony,98.99,lages
16541,garden_tools,98.99,guararema
16542,baby,98.9,muniz freire
16543,construction_tools_safety,98.9,manhuacu
16544,fashion_bags_accessories,98.9,maceio
16545,stationery,98.9,rio paranaiba
16546,health_beauty,98.9,pedra preta
16547,health_beauty,98.9,aracoiaba
16548,bed_bath_table,98.9,itau de minas
16549,furniture_decor,98.9,vale real
16550,baby,98.9,palmeira das missoes
16551,stationery,98.9,vigia
16552,audio,98.9,pilar do sul
16553,health_beauty,98.9,juscimeira
16554,perfumery,98.9,assai
16555,stationery,98.9,adolfo
16556,,98.9,juara
16557,stationery,98.9,sao manuel
16558,stationery,98.9,pompeu
16559,garden_tools,98.9,jaguariuna
16560,computers_accessories,98.9,araguari
16561,health_beauty,98.9,porto real
16562,fashion_bags_accessories,98.9,aruja
16563,sports_leisure,98.9,santo antonio do jacinto
16564,computers_accessories,98.9,cabeceira grande
16565,computers_accessories,98.9,cassilandia
16566,fashion_bags_accessories,98.9,avare
16567,health_beauty,98.8,sao felix do araguaia
16568,bed_bath_table,98.77,cajati
16569,fashion_shoes,98.7,sao pedro do sul
16570,fashion_shoes,98.7,cruzeiro
16571,auto,98.7,gentio do ouro
16572,auto,98.7,para de minas
16573,fashion_shoes,98.7,vitoria da conquista
16574,auto,98.7,santa ines
16575,auto,98.7,gravata
16576,fashion_shoes,98.69999999999999,porto alegre
16577,furniture_decor,98.67,valparaiso
16578,housewares,98.67,poxoreu
16579,construction_tools_construction,98.6,tres coracoes
16580,fashion_shoes,98.5,bataguassu
16581,computers_accessories,98.44,presidente kubitschek
16582,housewares,98.4,piumhii
16583,telephony,98.36999999999998,campo largo
16584,,98.2,araras
16585,construction_tools_construction,98.18999999999998,mogi das cruzes
16586,garden_tools,98.03,rolandia
16587,garden_tools,98.0,sao sepe
16588,small_appliances,98.0,paranaiba
16589,housewares,98.0,sarandi
16590,health_beauty,98.0,vicencia
16591,health_beauty,98.0,aguas formosas
16592,garden_tools,98.0,moreno
16593,furniture_decor,98.0,severinia
16594,health_beauty,98.0,arraias
16595,computers_accessories,98.0,andradas
16596,computers_accessories,98.0,caxambu
16597,health_beauty,98.0,lago verde
16598,industry_commerce_and_business,98.0,sumare
16599,industry_commerce_and_business,98.0,sao jose do rio preto
16600,health_beauty,98.0,palmitinho
16601,health_beauty,98.0,jaguaribara
16602,health_beauty,98.0,crateus
16603,computers_accessories,98.0,governador mangabeira
16604,furniture_decor,98.0,torres
16605,health_beauty,98.0,joao lisboa
16606,garden_tools,98.0,triunfo
16607,furniture_decor,98.0,rosario do sul
16608,health_beauty,98.0,coruripe
16609,watches_gifts,98.0,monte alegre
16610,small_appliances_home_oven_and_coffee,98.0,lages
16611,fashion_bags_accessories,98.0,bom despacho
16612,health_beauty,98.0,itapipoca
16613,health_beauty,98.0,mineiros do tiete
16614,health_beauty,98.0,joaquim nabuco
16615,furniture_decor,98.0,aguas belas
16616,health_beauty,98.0,cocal
16617,fashion_bags_accessories,98.0,sao joaquim de bicas
16618,furniture_decor,98.0,irapua
16619,furniture_decor,98.0,condor
16620,industry_commerce_and_business,98.0,cariacica
16621,furniture_decor,98.0,mario campos
16622,computers_accessories,98.0,vermelho
16623,small_appliances,98.0,santo amaro
16624,health_beauty,98.0,ourilandia do norte
16625,health_beauty,98.0,forquilha
16626,baby,97.99,mantena
16627,cine_photo,97.99,uruguaiana
16628,perfumery,97.99,ceres
16629,furniture_living_room,97.99,marica
16630,perfumery,97.99,toritama
16631,,97.99,buriti
16632,furniture_decor,97.98,david canabarro
16633,telephony,97.97,pato branco
16634,telephony,97.97,santa cruz do rio pardo
16635,telephony,97.96,jatai
16636,market_place,97.93,jundiai
16637,garden_tools,97.9,caxias
16638,stationery,97.9,batalha
16639,electronics,97.9,jequie
16640,telephony,97.9,cajazeiras
16641,stationery,97.9,flor da serra do sul
16642,bed_bath_table,97.9,jaguaruna
16643,electronics,97.9,pedro leopoldo
16644,health_beauty,97.9,barro alto
16645,auto,97.9,gaurama
16646,electronics,97.9,palmares
16647,electronics,97.9,aramina
16648,electronics,97.9,itapetinga
16649,baby,97.9,santo augusto
16650,electronics,97.9,sao jose do ribeirao
16651,watches_gifts,97.9,schroeder
16652,electronics,97.9,pantano grande
16653,computers_accessories,97.9,luiziania
16654,telephony,97.9,umbauba
16655,fashion_bags_accessories,97.89,carapicuiba
16656,toys,97.88,capim branco
16657,cool_stuff,97.8,pirai
16658,cool_stuff,97.8,niquelandia
16659,luggage_accessories,97.8,sao roque
16660,computers_accessories,97.79,camapua
16661,computers_accessories,97.79,joanopolis
16662,health_beauty,97.78,ouro fino
16663,,97.77,montenegro
16664,,97.77,uba
16665,fashion_shoes,97.72,montes claros
16666,computers_accessories,97.69999999999999,ijui
16667,health_beauty,97.65,pariquera-acu
16668,health_beauty,97.65,iapu
16669,home_appliances,97.65,junqueiropolis
16670,costruction_tools_garden,97.60000000000001,curitiba
16671,art,97.5,cruzeiro
16672,art,97.5,rio grande
16673,art,97.5,venancio aires
16674,home_construction,97.5,santa cruz do sul
16675,health_beauty,97.49,colina
16676,baby,97.44999999999999,vinhedo
16677,auto,97.4,poa
16678,toys,97.4,paracambi
16679,toys,97.4,parnaiba
16680,home_appliances,97.4,franca
16681,electronics,97.35,maua
16682,stationery,97.3,arroio do sal
16683,sports_leisure,97.06,itanhandu
16684,baby,97.05,francisco morato
16685,industry_commerce_and_business,97.0,artur nogueira
16686,luggage_accessories,97.0,valenca
16687,housewares,97.0,eugenio de castro
16688,luggage_accessories,97.0,santo antonio do leverger
16689,housewares,97.0,ajuricaba
16690,housewares,97.0,mercedes
16691,construction_tools_construction,97.0,lauro de freitas
16692,sports_leisure,97.0,santa cruz
16693,furniture_decor,97.0,teutonia
16694,computers_accessories,97.0,miguelopolis
16695,perfumery,96.99,granja
16696,bed_bath_table,96.99,aracariguama
16697,toys,96.99,tabapua
16698,toys,96.99,paraipaba
16699,telephony,96.97999999999999,surubim
16700,perfumery,96.95,queimados
16701,sports_leisure,96.9,rio de contas
16702,agro_industry_and_commerce,96.9,santa isabel
16703,bed_bath_table,96.9,botuvera
16704,computers_accessories,96.9,santa juliana
16705,fashion_male_clothing,96.9,piritiba
16706,toys,96.9,aquidauana
16707,air_conditioning,96.80000000000001,assis
16708,furniture_decor,96.80000000000001,rio negro
16709,furniture_decor,96.8,ariquemes
16710,stationery,96.8,cangucu
16711,sports_leisure,96.8,ananas
16712,furniture_decor,96.8,rio grande da serra
16713,electronics,96.58,belo campo
16714,electronics,96.5,rio do sul
16715,toys,96.49000000000001,sinop
16716,watches_gifts,96.0,ingai
16717,perfumery,96.0,oeiras
16718,health_beauty,96.0,paracuru
16719,kitchen_dining_laundry_garden_furniture,96.0,duque de caxias
16720,health_beauty,96.0,bom jesus das selvas
16721,home_construction,96.0,itaborai
16722,kitchen_dining_laundry_garden_furniture,96.0,agua boa
16723,construction_tools_construction,96.0,osvaldo cruz
16724,home_appliances,96.0,carpina
16725,baby,95.99,cafelandia
16726,housewares,95.98,junqueiropolis
16727,fashion_bags_accessories,95.97999999999999,criciuma
16728,housewares,95.97,vilhena
16729,health_beauty,95.96,nova alvorada do sul
16730,auto,95.93,arraial do cabo
16731,auto,95.9,curiuva
16732,auto,95.9,jardim alegre
16733,auto,95.9,potengi
16734,musical_instruments,95.9,benedito leite
16735,bed_bath_table,95.9,senador canedo
16736,market_place,95.9,sananduva
16737,auto,95.9,juquitiba
16738,fashion_bags_accessories,95.9,palmas
16739,electronics,95.9,serrana
16740,kitchen_dining_laundry_garden_furniture,95.8,rio acima
16741,housewares,95.8,aguas claras
16742,market_place,95.8,florianopolis
16743,housewares,95.78999999999999,sao joaquim da barra
16744,housewares,95.75999999999999,tucurui
16745,toys,95.69999999999999,bacabal
16746,computers_accessories,95.5,goianesia
16747,auto,95.4,jesuania
16748,auto,95.4,guapiara
16749,cool_stuff,95.4,brumadinho
16750,stationery,95.34,mongagua
16751,housewares,95.33,alfenas
16752,health_beauty,95.3,rio casca
16753,housewares,95.3,rosario do sul
16754,pet_shop,95.28,jau
16755,pet_shop,95.28,valenca
16756,pet_shop,95.28,unai
16757,home_construction,95.2,jeremoabo
16758,home_construction,95.2,varginha
16759,construction_tools_construction,95.2,sabara
16760,home_construction,95.2,poa
16761,construction_tools_construction,95.2,orlandia
16762,housewares,95.15,cataguases
16763,housewares,95.15,novo gama
16764,,95.10000000000001,nanuque
16765,watches_gifts,95.0,nova monte verde
16766,watches_gifts,95.0,pedra azul
16767,computers_accessories,95.0,afonso claudio
16768,health_beauty,95.0,peruibe
16769,computers_accessories,95.0,nhandeara
16770,computers_accessories,95.0,camamu
16771,,95.0,miranda
16772,fashion_bags_accessories,95.0,brauna
16773,,95.0,castro
16774,electronics,95.0,nova granada
16775,stationery,95.0,formiga
16776,air_conditioning,95.0,serra
16777,bed_bath_table,95.0,bueno brandao
16778,watches_gifts,95.0,sapucaia do sul
16779,pet_shop,95.0,santa cruz da conceicao
16780,watches_gifts,95.0,itapemirim
16781,furniture_living_room,95.0,valenca
16782,furniture_living_room,95.0,jacarei
16783,consoles_games,95.0,americana
16784,computers_accessories,95.0,ceres
16785,health_beauty,95.0,ferreiros
16786,home_appliances,95.0,cruz alta
16787,computers_accessories,95.0,sao francisco do guapore
16788,pet_shop,95.0,armacao dos buzios
16789,christmas_supplies,95.0,jandira
16790,stationery,95.0,ipiranga do norte
16791,watches_gifts,95.0,tijucas
16792,sports_leisure,95.0,santo eduardo
16793,musical_instruments,95.0,itaperuna
16794,computers_accessories,95.0,sao benedito do rio preto
16795,watches_gifts,95.0,itapura
16796,baby,94.99,monte siao
16797,toys,94.99,mostardas
16798,consoles_games,94.99,araxa
16799,toys,94.99,paco do lumiar
16800,baby,94.99,taquarivai
16801,perfumery,94.99,balneario camboriu
16802,consoles_games,94.99,bom jardim
16803,garden_tools,94.99,pesqueira
16804,baby,94.99,cristina
16805,fashion_bags_accessories,94.99,claudio
16806,drinks,94.98,acopiara
16807,drinks,94.98,teresopolis
16808,pet_shop,94.97,nova prata
16809,baby,94.95,votuporanga
16810,baby,94.95,jesuitas
16811,baby,94.95,feliz
16812,stationery,94.9,presidente dutra
16813,furniture_decor,94.9,caete
16814,pet_shop,94.9,goiandira
16815,office_furniture,94.9,patrocinio
16816,musical_instruments,94.9,valinhos
16817,cine_photo,94.9,serra
16818,pet_shop,94.9,cachoeiras de macacu
16819,pet_shop,94.9,marialva
16820,office_furniture,94.9,cidreira
16821,pet_shop,94.9,itaberai
16822,musical_instruments,94.9,volta redonda
16823,pet_shop,94.9,nova serrana
16824,office_furniture,94.9,primavera do leste
16825,pet_shop,94.9,sao lourenco do oeste
16826,health_beauty,94.9,luminarias
16827,pet_shop,94.9,jarinu
16828,market_place,94.9,vitoria
16829,pet_shop,94.9,coroados
16830,pet_shop,94.9,avare
16831,pet_shop,94.9,xaxim
16832,luggage_accessories,94.9,seara
16833,pet_shop,94.9,itapeva
16834,sports_leisure,94.9,casa nova
16835,pet_shop,94.9,lajeado
16836,pet_shop,94.9,capivari
16837,pet_shop,94.9,saquarema
16838,sports_leisure,94.9,horizonte
16839,office_furniture,94.9,ibotirama
16840,office_furniture,94.9,quata
16841,garden_tools,94.9,afogados da ingazeira
16842,office_furniture,94.9,goiana
16843,furniture_decor,94.9,coromandel
16844,pet_shop,94.9,lagoa da prata
16845,christmas_supplies,94.9,guaira
16846,garden_tools,94.9,aratuba
16847,pet_shop,94.9,ajuricaba
16848,perfumery,94.89,manaus
16849,furniture_decor,94.89,sao domingos
16850,toys,94.89,oeiras
16851,toys,94.89,arapiraca
16852,telephony,94.88000000000001,novo hamburgo
16853,telephony,94.87,sao bento do sul
16854,musical_instruments,94.8,itabira
16855,garden_tools,94.8,santa barbara
16856,bed_bath_table,94.8,caucaia
16857,electronics,94.58999999999999,ituiutaba
16858,bed_bath_table,94.5,corinto
16859,toys,94.5,taquara
16860,construction_tools_construction,94.45,rafard
16861,housewares,94.3,sao manuel
16862,electronics,94.1,linhares
16863,drinks,94.06,rio das pedras
16864,food,94.0,sete lagoas
16865,furniture_decor,94.0,santa fe do sul
16866,home_construction,94.0,maceio
16867,construction_tools_construction,94.0,campo bom
16868,food,94.0,ipatinga
16869,health_beauty,94.0,caracol
16870,toys,94.0,presidente dutra
16871,watches_gifts,94.0,jambeiro
16872,auto,94.0,passos
16873,books_technical,93.99,estrela
16874,health_beauty,93.99,mae do rio
16875,small_appliances,93.99,mossoro
16876,cool_stuff,93.99,bom despacho
16877,books_technical,93.99,dores do indaia
16878,furniture_living_room,93.98,itanhaem
16879,auto,93.97,currais novos
16880,books_general_interest,93.95,jundiai
16881,watches_gifts,93.9,estrela do norte
16882,fashion_bags_accessories,93.9,sao bento do sul
16883,electronics,93.9,sao luis
16884,books_general_interest,93.9,taubate
16885,auto,93.9,goioere
16886,auto,93.9,abaiara
16887,luggage_accessories,93.9,almirante tamandare
16888,garden_tools,93.9,itu
16889,perfumery,93.89,pereira barreto
16890,telephony,93.88,treze tilias
16891,computers_accessories,93.8,campo do meio
16892,health_beauty,93.8,ilhabela
16893,health_beauty,93.8,timbauba
16894,fashion_bags_accessories,93.69999999999999,sao joao da boa vista
16895,garden_tools,93.69999999999999,ibirama
16896,electronics,93.55000000000001,carazinho
16897,fashion_bags_accessories,93.5,dores do rio preto
16898,costruction_tools_garden,93.5,barbacena
16899,furniture_decor,93.5,juquia
16900,cool_stuff,93.5,conquista
16901,furniture_decor,93.45,prudentopolis
16902,drinks,93.45,taubate
16903,furniture_decor,93.45,santa helena de minas
16904,computers_accessories,93.19,farroupilha
16905,perfumery,93.0,pacaembu
16906,costruction_tools_tools,93.0,brazopolis
16907,costruction_tools_tools,93.0,fortaleza
16908,furniture_decor,93.0,itatiaiucu
16909,costruction_tools_tools,93.0,ipatinga
16910,bed_bath_table,93.0,sao mateus do sul
16911,furniture_decor,93.0,sao carlos do ivai
16912,furniture_decor,93.0,vila dos cabanos
16913,costruction_tools_tools,93.0,embu das artes
16914,perfumery,93.0,monte aprazivel
16915,costruction_tools_tools,93.0,carmo
16916,bed_bath_table,93.0,tiros
16917,stationery,93.0,sapiranga
16918,watches_gifts,93.0,itumbiara
16919,costruction_tools_tools,93.0,pinhalao
16920,costruction_tools_tools,93.0,sao goncalo
16921,food,93.0,candeias
16922,perfumery,92.99,porto feliz
16923,office_furniture,92.98,senhor do bonfim
16924,,92.96000000000001,cotia
16925,housewares,92.9,araripina
16926,sports_leisure,92.9,getulio vargas
16927,bed_bath_table,92.9,diorama
16928,agro_industry_and_commerce,92.9,campo grande
16929,health_beauty,92.9,jaragua
16930,luggage_accessories,92.9,feliz
16931,bed_bath_table,92.9,pau d'arco
16932,musical_instruments,92.85,maringa
16933,auto,92.80000000000001,carangola
16934,bed_bath_table,92.8,vila pereira
16935,,92.8,betim
16936,electronics,92.65,esteio
16937,cool_stuff,92.5,aratiba
16938,housewares,92.5,aracoiaba da serra
16939,cool_stuff,92.5,sao sebastiao do alto
16940,health_beauty,92.49,barracao
16941,books_general_interest,92.38999999999999,praia grande
16942,sports_leisure,92.34,epitaciolandia
16943,health_beauty,92.32,faxinal
16944,auto,92.1,santo antonio do itambe
16945,consoles_games,92.1,macae
16946,home_appliances,92.0,barretos
16947,construction_tools_lights,92.0,itatiba
16948,luggage_accessories,92.0,anchieta
16949,office_furniture,92.0,lucelia
16950,bed_bath_table,92.0,cachoeira da prata
16951,bed_bath_table,92.0,guapiacu
16952,bed_bath_table,92.0,elias fausto
16953,costruction_tools_tools,92.0,sao bernardo do campo
16954,auto,92.0,nao-me-toque
16955,costruction_tools_tools,92.0,iturama
16956,baby,91.99,rio das pedras
16957,telephony,91.97,santo antonio do jardim
16958,construction_tools_construction,91.94,embu-guacu
16959,cool_stuff,91.9,ibicarai
16960,cool_stuff,91.9,bonfim paulista
16961,auto,91.89,sao sebastiao do paraiso
16962,sports_leisure,91.8,santa cruz do capibaribe
16963,furniture_decor,91.8,baependi
16964,sports_leisure,91.8,santa maria da vitoria
16965,bed_bath_table,91.8,sao bento do sapucai
16966,furniture_decor,91.8,fazenda rio grande
16967,sports_leisure,91.8,cruzalia
16968,pet_shop,91.8,itarare
16969,bed_bath_table,91.8,assis chateaubriand
16970,sports_leisure,91.5,monte castelo
16971,sports_leisure,91.5,laurentino
16972,sports_leisure,91.5,piraquara
16973,home_appliances,91.45,taruma
16974,christmas_supplies,91.41999999999999,florianopolis
16975,electronics,91.4,guarapari
16976,food,91.39,campos dos goytacazes
16977,electronics,91.3,caieiras
16978,perfumery,91.28999999999999,oliveira
16979,bed_bath_table,91.2,cristiano otoni
16980,fashion_bags_accessories,91.19999999999999,araguaina
16981,auto,91.0,imaculada
16982,bed_bath_table,91.0,lima duarte
16983,bed_bath_table,91.0,sumidouro
16984,auto,91.0,aguas belas
16985,home_construction,91.0,linhares
16986,sports_leisure,91.0,nova ponte
16987,auto,91.0,quixelo
16988,telephony,90.99000000000001,brumado
16989,pet_shop,90.98,colatina
16990,telephony,90.97,cianorte
16991,baby,90.9,alto paraiso de goias
16992,baby,90.9,alto parana
16993,baby,90.9,nova hartz
16994,baby,90.9,taruma
16995,health_beauty,90.89,porteirinha
16996,telephony,90.8,franca
16997,health_beauty,90.8,fervedouro
16998,drinks,90.49000000000001,taquaritinga
16999,telephony,90.45,sao jose de ribamar
17000,small_appliances,90.3,iepe
17001,housewares,90.21000000000001,muriae
17002,fashion_bags_accessories,90.2,vassouras
17003,housewares,90.0,balsas
17004,construction_tools_lights,90.0,colatina
17005,fixed_telephony,90.0,sao roque
17006,drinks,90.0,teresina
17007,consoles_games,90.0,ouro branco
17008,industry_commerce_and_business,90.0,ilhabela
17009,health_beauty,90.0,manaira
17010,sports_leisure,90.0,novo itacolomi
17011,party_supplies,90.0,indaiatuba
17012,bed_bath_table,90.0,prudente de morais
17013,toys,90.0,auriflama
17014,cool_stuff,90.0,quintana
17015,health_beauty,90.0,dois irmaos do buriti
17016,market_place,90.0,eliseu martins
17017,consoles_games,90.0,lucas do rio verde
17018,sports_leisure,90.0,mafra
17019,construction_tools_lights,90.0,bady bassitt
17020,consoles_games,90.0,vargem grande paulista
17021,air_conditioning,90.0,recife
17022,party_supplies,90.0,sao vicente
17023,fixed_telephony,90.0,senador la rocque
17024,bed_bath_table,90.0,araripina
17025,housewares,90.0,sao tomas de aquino
17026,electronics,90.0,marilia
17027,small_appliances_home_oven_and_coffee,90.0,coromandel
17028,party_supplies,90.0,sao bernardo do campo
17029,cds_dvds_musicals,90.0,mato leitao
17030,health_beauty,90.0,luzilandia
17031,cool_stuff,90.0,crato
17032,pet_shop,90.0,urbano santos
17033,baby,90.0,bela vista de goias
17034,cds_dvds_musicals,90.0,porto alegre
17035,auto,90.0,pedras de fogo
17036,party_supplies,90.0,sao joao das missoes
17037,bed_bath_table,89.99000000000001,tabuleiro
17038,garden_tools,89.99,monte azul paulista
17039,cool_stuff,89.99,mirandopolis
17040,baby,89.99,joao neiva
17041,health_beauty,89.99,vigia
17042,fashion_childrens_clothes,89.99,macaubas
17043,health_beauty,89.99,rodeio
17044,home_appliances_2,89.99,ribeirao preto
17045,fixed_telephony,89.99,poa
17046,cool_stuff,89.99,paraguacu
17047,furniture_bedroom,89.99,sumare
17048,health_beauty,89.99,itatiaia
17049,computers_accessories,89.99,peixe
17050,cool_stuff,89.99,biritiba-mirim
17051,baby,89.99,miguelopolis
17052,garden_tools,89.99,tijucas
17053,auto,89.99,uibai
17054,housewares,89.99,serra dourada
17055,health_beauty,89.99,brejo dos santos
17056,office_furniture,89.99,ibate
17057,health_beauty,89.99,apodi
17058,health_beauty,89.99,carmo do rio verde
17059,,89.99,itu
17060,garden_tools,89.99,mata verde
17061,health_beauty,89.99,macambara
17062,cool_stuff,89.99,taua
17063,cool_stuff,89.99,matinhos
17064,pet_shop,89.99,ijui
17065,housewares,89.99,taiobeiras
17066,bed_bath_table,89.99,bastos
17067,toys,89.99,morro da fumaca
17068,cool_stuff,89.99,marilena
17069,computers_accessories,89.99,imbituba
17070,home_construction,89.99,ouro fino
17071,health_beauty,89.99,olho d'agua das flores
17072,garden_tools,89.99,quatro bocas
17073,toys,89.99,ipora
17074,furniture_decor,89.99,coaraci
17075,garden_tools,89.99,pontes gestal
17076,fashion_bags_accessories,89.99,campina grande
17077,health_beauty,89.99,gloria do goita
17078,bed_bath_table,89.99,balneario arroio do silva
17079,office_furniture,89.99,jaragua do sul
17080,pet_shop,89.99,janauba
17081,health_beauty,89.99,soledade
17082,sports_leisure,89.99,nova alvorada do sul
17083,home_appliances_2,89.99,bauru
17084,consoles_games,89.99,votuporanga
17085,computers_accessories,89.99,tocantinopolis
17086,fashion_bags_accessories,89.99,jaragua
17087,garden_tools,89.99,santa fe de goias
17088,cool_stuff,89.99,tucano
17089,pet_shop,89.99,sao bento do sul
17090,health_beauty,89.99,britania
17091,cool_stuff,89.99,itajuba
17092,garden_tools,89.99,barra do ribeiro
17093,housewares,89.99,paranaiguara
17094,health_beauty,89.99,boa vista da aparecida
17095,health_beauty,89.99,mata grande
17096,health_beauty,89.99,arealva
17097,garden_tools,89.99,silva jardim
17098,garden_tools,89.99,ibia
17099,health_beauty,89.99,vitorinos
17100,health_beauty,89.99,guaraniacu
17101,home_appliances_2,89.99,alvorada
17102,garden_tools,89.99,conquista d'oeste
17103,garden_tools,89.99,cavalcante
17104,health_beauty,89.99,chaveslandia
17105,garden_tools,89.99,piquete
17106,computers_accessories,89.99,mangueirinha
17107,health_beauty,89.99,braco do rio
17108,cool_stuff,89.99,cajapio
17109,garden_tools,89.99,paranapoema
17110,toys,89.99,bastos
17111,garden_tools,89.99,nepomuceno
17112,cool_stuff,89.99,itamonte
17113,garden_tools,89.99,teresopolis
17114,garden_tools,89.99,sapucai-mirim
17115,health_beauty,89.99,ocara
17116,garden_tools,89.99,campo belo
17117,luggage_accessories,89.99,boa esperanca
17118,health_beauty,89.99,mata de sao joao
17119,garden_tools,89.99,tapinas
17120,cool_stuff,89.99,santa cruz das palmeiras
17121,cool_stuff,89.99,palmopolis
17122,garden_tools,89.99,carbonita
17123,toys,89.99,ivate
17124,consoles_games,89.99,pedro leopoldo
17125,computers_accessories,89.99,ipaba
17126,bed_bath_table,89.99,pinhais
17127,art,89.99,gravatai
17128,sports_leisure,89.98,carai
17129,office_furniture,89.98,lins
17130,drinks,89.98,blumenau
17131,drinks,89.94,ipiau
17132,bed_bath_table,89.9,palmares do sul
17133,bed_bath_table,89.9,indianopolis
17134,electronics,89.9,sinop
17135,home_confort,89.9,planaltina
17136,health_beauty,89.9,goianira
17137,bed_bath_table,89.9,arroio do sal
17138,home_confort,89.9,juruaia
17139,home_confort,89.9,jaguare
17140,fashion_shoes,89.9,papagaios
17141,home_confort,89.9,pindamonhangaba
17142,bed_bath_table,89.9,guaranesia
17143,bed_bath_table,89.9,pedras altas
17144,home_confort,89.9,sao carlos
17145,bed_bath_table,89.9,santo antonio do descoberto
17146,bed_bath_table,89.9,imaculada
17147,pet_shop,89.9,machados
17148,bed_bath_table,89.9,fervedouro
17149,musical_instruments,89.9,pinhais
17150,audio,89.9,hortolandia
17151,bed_bath_table,89.9,arinos
17152,furniture_decor,89.9,tocantins
17153,toys,89.9,sao fidelis
17154,market_place,89.9,sorriso
17155,home_confort,89.9,foz do iguacu
17156,home_confort,89.9,herval d'oeste
17157,home_confort,89.9,igaci
17158,toys,89.9,iracemapolis
17159,housewares,89.9,caxambu
17160,pet_shop,89.9,marechal candido rondon
17161,bed_bath_table,89.9,jaciara
17162,pet_shop,89.9,renascenca
17163,fashion_bags_accessories,89.9,itapetininga
17164,home_confort,89.9,hortolandia
17165,fashion_sport,89.9,sao goncalo
17166,home_confort,89.9,vinhedo
17167,toys,89.9,tapirai
17168,industry_commerce_and_business,89.9,camapua
17169,audio,89.9,manaus
17170,health_beauty,89.9,borborema
17171,sports_leisure,89.9,montalvania
17172,home_confort,89.9,cardoso moreira
17173,toys,89.9,ronda alta
17174,home_confort,89.9,oros
17175,sports_leisure,89.9,bom jesus dos perdoes
17176,bed_bath_table,89.9,sao lourenco do sul
17177,tablets_printing_image,89.9,uberlandia
17178,luggage_accessories,89.9,itu
17179,perfumery,89.9,jaboatao dos guararapes
17180,cool_stuff,89.9,boa esperanca do sul
17181,fashion_bags_accessories,89.9,ervalia
17182,electronics,89.9,lavras do sul
17183,bed_bath_table,89.9,santa rita
17184,home_confort,89.9,caete
17185,computers_accessories,89.9,lupionopolis
17186,luggage_accessories,89.9,salinas
17187,toys,89.9,bandeirantes
17188,perfumery,89.9,papanduva
17189,housewares,89.9,laranjeiras do sul
17190,home_confort,89.9,braganca paulista
17191,fashion_sport,89.9,itanhaem
17192,home_confort,89.9,pacatuba
17193,toys,89.9,olinda
17194,bed_bath_table,89.9,estrela do sul
17195,furniture_decor,89.9,redencao
17196,bed_bath_table,89.9,luminarias
17197,toys,89.9,santa albertina
17198,electronics,89.9,rancho alegre
17199,toys,89.9,atilio vivacqua
17200,home_confort,89.9,trancoso
17201,toys,89.9,bom sucesso
17202,furniture_decor,89.9,rio brilhante
17203,,89.9,carlos chagas
17204,bed_bath_table,89.9,joao pinheiro
17205,bed_bath_table,89.9,vargem grande do soturno
17206,furniture_decor,89.9,guapirama
17207,computers_accessories,89.9,redencao da serra
17208,home_confort,89.9,itarantim
17209,electronics,89.9,sao fidelis
17210,home_confort,89.9,brumadinho
17211,home_confort,89.9,francisco dumont
17212,furniture_decor,89.9,retirolandia
17213,bed_bath_table,89.9,cachoeira de minas
17214,auto,89.9,mambore
17215,home_confort,89.9,caxias do sul
17216,toys,89.9,contenda
17217,computers_accessories,89.9,escada
17218,home_confort,89.9,uruoca
17219,cool_stuff,89.9,ceara-mirim
17220,luggage_accessories,89.9,novo horizonte
17221,musical_instruments,89.9,ponta grossa
17222,toys,89.9,saude
17223,bed_bath_table,89.9,cambara
17224,pet_shop,89.9,lourdes
17225,bed_bath_table,89.9,faxinal
17226,bed_bath_table,89.9,bezerros
17227,bed_bath_table,89.9,planaltina
17228,luggage_accessories,89.9,araruama
17229,bed_bath_table,89.9,serranopolis
17230,,89.9,itaborai
17231,health_beauty,89.9,lavinia
17232,home_confort,89.9,campo belo
17233,health_beauty,89.9,concordia do para
17234,bed_bath_table,89.9,porangaba
17235,bed_bath_table,89.9,igarassu
17236,home_confort,89.9,currais novos
17237,stationery,89.9,buritis
17238,perfumery,89.9,dores do indaia
17239,home_confort,89.9,divinopolis
17240,furniture_decor,89.9,passo de torres
17241,luggage_accessories,89.9,jaguariuna
17242,home_confort,89.9,azurita
17243,home_confort,89.9,cantagalo
17244,bed_bath_table,89.9,riversul
17245,fashion_bags_accessories,89.9,rio branco
17246,bed_bath_table,89.9,jaupaci
17247,housewares,89.9,timbo
17248,perfumery,89.9,lauro de freitas
17249,home_confort,89.9,vila nelita
17250,bed_bath_table,89.9,catigua
17251,home_confort,89.9,sud mennucci
17252,bed_bath_table,89.9,uruoca
17253,art,89.9,guaratingueta
17254,home_confort,89.9,araruama
17255,bed_bath_table,89.9,parnaiba
17256,bed_bath_table,89.9,ilicinea
17257,construction_tools_construction,89.9,coronel fabriciano
17258,home_confort,89.9,sao lourenco do sul
17259,health_beauty,89.9,pentecoste
17260,furniture_decor,89.9,tenente portela
17261,home_confort,89.9,recife
17262,sports_leisure,89.9,bonfim
17263,toys,89.9,borda da mata
17264,pet_shop,89.9,schroeder
17265,furniture_decor,89.9,sao joao do paraiso
17266,audio,89.9,rolante
17267,home_confort,89.9,joinville
17268,furniture_living_room,89.9,capivari
17269,luggage_accessories,89.9,cruzeiro
17270,perfumery,89.9,salto veloso
17271,bed_bath_table,89.9,santa leopoldina
17272,perfumery,89.9,carmo da mata
17273,home_confort,89.9,sao fidelis
17274,home_confort,89.9,piedade
17275,home_confort,89.9,abatia
17276,bed_bath_table,89.9,rodeio
17277,musical_instruments,89.9,estrela do indaia
17278,fashion_shoes,89.9,conquista
17279,furniture_decor,89.9,itacarambi
17280,toys,89.9,sao pedro
17281,industry_commerce_and_business,89.9,santo angelo
17282,bed_bath_table,89.9,campo ere
17283,furniture_decor,89.9,areias
17284,bed_bath_table,89.9,braunas
17285,furniture_decor,89.9,balsas
17286,home_confort,89.9,piuma
17287,toys,89.9,vera
17288,home_confort,89.9,vargem grande do sul
17289,stationery,89.9,coite do noia
17290,health_beauty,89.9,alambari
17291,health_beauty,89.9,campo verde
17292,audio,89.9,cedral
17293,home_confort,89.9,patos de minas
17294,auto,89.9,agua clara
17295,luggage_accessories,89.9,estancia velha
17296,bed_bath_table,89.9,pirauba
17297,bed_bath_table,89.9,sao jorge d'oeste
17298,auto,89.9,porto real
17299,bed_bath_table,89.9,nova ponte
17300,bed_bath_table,89.9,cujubim
17301,bed_bath_table,89.9,jaru
17302,bed_bath_table,89.9,coronel sapucaia
17303,computers_accessories,89.9,coronel joao pessoa
17304,home_confort,89.9,sao vicente
17305,health_beauty,89.9,guararema
17306,toys,89.9,balneario camboriu
17307,housewares,89.9,sao joao do oriente
17308,luggage_accessories,89.9,nova lima
17309,market_place,89.9,varzea grande
17310,furniture_decor,89.9,cornelio procopio
17311,home_confort,89.9,santo antonio do descoberto
17312,bed_bath_table,89.9,euclides da cunha paulista
17313,home_confort,89.9,passo de torres
17314,furniture_decor,89.9,aruana
17315,cool_stuff,89.9,viradouro
17316,home_confort,89.9,floriano
17317,,89.9,sao sebastiao do maranhao
17318,luggage_accessories,89.9,palmas
17319,bed_bath_table,89.9,santa fe do sul
17320,computers_accessories,89.9,lamim
17321,toys,89.9,buenopolis
17322,bed_bath_table,89.9,lunardelli
17323,fashion_underwear_beach,89.9,curitiba
17324,home_confort,89.9,papucaia
17325,home_confort,89.9,promissao
17326,home_confort,89.9,santo antonio de padua
17327,bed_bath_table,89.9,oscar bressane
17328,health_beauty,89.9,oriente
17329,health_beauty,89.9,sao jose do barreiro
17330,toys,89.9,espirito santo do pinhal
17331,stationery,89.9,paraiba do sul
17332,sports_leisure,89.9,jaguariaiva
17333,fashion_bags_accessories,89.9,mesquita
17334,bed_bath_table,89.9,nova russas
17335,bed_bath_table,89.9,guararapes
17336,housewares,89.9,embu
17337,stationery,89.9,carazinho
17338,home_confort,89.9,vitoria
17339,bed_bath_table,89.9,campo maior
17340,home_confort,89.9,cruzeiro
17341,fashion_bags_accessories,89.9,itabi
17342,furniture_decor,89.9,julio de castilhos
17343,toys,89.9,jatauba
17344,home_confort,89.9,itaocara
17345,computers_accessories,89.9,regeneracao
17346,home_confort,89.9,poa
17347,auto,89.9,aripuana
17348,fashion_bags_accessories,89.89,itabuna
17349,telephony,89.89,ourinhos
17350,auto,89.89,vargem grande paulista
17351,fashion_bags_accessories,89.88,tatui
17352,,89.88,taubate
17353,housewares,89.80000000000001,holambra
17354,toys,89.8,floresta
17355,fashion_bags_accessories,89.8,ipojuca
17356,computers_accessories,89.8,itapecerica
17357,construction_tools_lights,89.8,ararangua
17358,computers_accessories,89.8,curvelo
17359,cool_stuff,89.8,chacara
17360,auto,89.8,eneas marques
17361,arts_and_craftmanship,89.8,sorocaba
17362,bed_bath_table,89.77,capela nova
17363,kitchen_dining_laundry_garden_furniture,89.76,caldas novas
17364,pet_shop,89.7,rio das flores
17365,pet_shop,89.7,pontes e lacerda
17366,health_beauty,89.7,lucas do rio verde
17367,furniture_decor,89.69999999999999,forquilhinha
17368,computers_accessories,89.69999999999999,paramirim
17369,furniture_decor,89.69999999999999,itauna
17370,bed_bath_table,89.65,fonseca
17371,fashion_bags_accessories,89.6,niquelandia
17372,auto,89.58,conchas
17373,auto,89.58,atalaia
17374,toys,89.5,barra do pirai
17375,pet_shop,89.5,charqueadas
17376,sports_leisure,89.49,cosmorama
17377,sports_leisure,89.49,piratuba
17378,sports_leisure,89.4,camboriu
17379,home_appliances,89.19,auriflama
17380,furniture_decor,89.18,jequitai
17381,garden_tools,89.18,aracruz
17382,furniture_decor,89.18,catende
17383,,89.17,taio
17384,,89.17,pariquera-acu
17385,computers_accessories,89.15,aguas mornas
17386,housewares,89.06,vacaria
17387,stationery,89.0,general camara
17388,stationery,89.0,sao joaquim da barra
17389,computers_accessories,89.0,santa fe
17390,cine_photo,89.0,itajai
17391,toys,89.0,buriti dos lopes
17392,audio,89.0,piumhii
17393,stationery,89.0,guimarania
17394,garden_tools,89.0,prata
17395,air_conditioning,89.0,manaus
17396,telephony,89.0,ipixuna do para
17397,watches_gifts,89.0,gravata
17398,audio,89.0,braganca paulista
17399,small_appliances,89.0,caxambu
17400,stationery,89.0,avelar
17401,stationery,89.0,lucena
17402,fashion_bags_accessories,89.0,juti
17403,stationery,89.0,jaguariaiva
17404,stationery,89.0,grandes rios
17405,audio,89.0,ribeira do pombal
17406,stationery,89.0,marechal candido rondon
17407,toys,89.0,ponta pora
17408,construction_tools_construction,89.0,cascavel
17409,fashion_bags_accessories,89.0,tupa
17410,computers_accessories,89.0,pereiro
17411,construction_tools_construction,89.0,analandia
17412,stationery,89.0,terra rica
17413,furniture_living_room,89.0,tucano
17414,stationery,89.0,imbituba
17415,,89.0,paramirim
17416,garden_tools,89.0,porto belo
17417,stationery,89.0,paracatu
17418,sports_leisure,89.0,mato leitao
17419,health_beauty,89.0,santa barbara d oeste
17420,air_conditioning,89.0,araraquara
17421,fashion_bags_accessories,89.0,santa barbara
17422,stationery,89.0,tambau
17423,toys,89.0,palestina
17424,garden_tools,89.0,vila flores
17425,stationery,89.0,vanini
17426,stationery,89.0,coronel domingos soares
17427,small_appliances,89.0,araraquara
17428,fashion_bags_accessories,89.0,quarai
17429,musical_instruments,89.0,itapeva
17430,fashion_bags_accessories,89.0,videira
17431,musical_instruments,89.0,guacui
17432,stationery,89.0,cachoeira alta
17433,stationery,89.0,ouroeste
17434,housewares,89.0,campo belo
17435,small_appliances,89.0,chapadao do sul
17436,stationery,89.0,tiangua
17437,stationery,89.0,paraibuna
17438,computers_accessories,89.0,sao domingos do prata
17439,stationery,89.0,ubatuba
17440,books_technical,89.0,braganca paulista
17441,stationery,89.0,schroeder
17442,stationery,89.0,uba
17443,stationery,89.0,paraty
17444,computers_accessories,89.0,taparuba
17445,pet_shop,89.0,arapua
17446,stationery,89.0,itatiaia
17447,bed_bath_table,89.0,periquito
17448,stationery,89.0,aquidaba
17449,health_beauty,89.0,governador lindenberg
17450,auto,89.0,riqueza
17451,books_technical,89.0,sao carlos
17452,stationery,89.0,marialva
17453,fashion_bags_accessories,89.0,pompeia
17454,audio,89.0,jacinto
17455,stationery,89.0,jardim do serido
17456,housewares,89.0,pindorama
17457,stationery,89.0,alfredo chaves
17458,stationery,89.0,quarai
17459,fashion_bags_accessories,89.0,firminopolis
17460,stationery,89.0,alta floresta
17461,audio,89.0,rio grande
17462,perfumery,89.0,anchieta
17463,stationery,89.0,santa cruz das palmeiras
17464,stationery,89.0,araguapaz
17465,bed_bath_table,89.0,tunas do parana
17466,garden_tools,89.0,arapongas
17467,telephony,88.99000000000001,bom jesus
17468,telephony,88.99000000000001,sao mateus do sul
17469,signaling_and_security,88.99,marau
17470,books_technical,88.99,teofilo otoni
17471,computers_accessories,88.99,custodia
17472,home_appliances,88.9,castro
17473,christmas_supplies,88.9,sao jose dos pinhais
17474,bed_bath_table,88.9,varzea da palma
17475,garden_tools,88.9,vacaria
17476,musical_instruments,88.9,canarana
17477,health_beauty,88.9,morrinhos
17478,toys,88.9,maracai
17479,stationery,88.9,sao mateus do sul
17480,health_beauty,88.9,nova brasilandia d'oeste
17481,sports_leisure,88.9,sumidouro
17482,health_beauty,88.9,alto alegre do maranhao
17483,computers_accessories,88.9,luziania
17484,fashion_bags_accessories,88.9,paulo afonso
17485,sports_leisure,88.89999999999999,mostardas
17486,health_beauty,88.89,florai
17487,health_beauty,88.89,pompeu
17488,pet_shop,88.89,franca
17489,perfumery,88.89,canoinhas
17490,electronics,88.85,marica
17491,baby,88.83,conceicao da aparecida
17492,housewares,88.82,paraiso do norte
17493,housewares,88.8,adamantina
17494,garden_tools,88.8,agua boa
17495,sports_leisure,88.78999999999999,guara
17496,garden_tools,88.6,coromandel
17497,pet_shop,88.6,braganca
17498,sports_leisure,88.5,aguai
17499,garden_tools,88.5,tambau
17500,books_technical,88.5,mogi-guacu
17501,audio,88.5,jaguaquara
17502,toys,88.48,lucas do rio verde
17503,costruction_tools_garden,88.35,santa gertrudes
17504,sports_leisure,88.2,santo antonio da platina
17505,bed_bath_table,88.0,santa isabel
17506,construction_tools_lights,88.0,dracena
17507,health_beauty,88.0,tres pontas
17508,housewares,88.0,mairinque
17509,fashion_bags_accessories,88.0,mirai
17510,cool_stuff,88.0,sao luis de montes belos
17511,bed_bath_table,88.0,piedade de caratinga
17512,construction_tools_lights,88.0,nilopolis
17513,health_beauty,88.0,teixeira de freitas
17514,auto,88.0,sertaozinho
17515,bed_bath_table,88.0,teutonia
17516,bed_bath_table,88.0,cabralia paulista
17517,agro_industry_and_commerce,88.0,ariquemes
17518,cool_stuff,87.99,botelhos
17519,electronics,87.99,mossoro
17520,computers_accessories,87.99,matao
17521,home_appliances,87.99,ouro verde
17522,telephony,87.96,divinopolis
17523,construction_tools_construction,87.94,governador valadares
17524,luggage_accessories,87.9,rio das ostras
17525,sports_leisure,87.9,escada
17526,baby,87.9,novo gama
17527,home_appliances,87.9,botucatu
17528,stationery,87.9,teresopolis
17529,sports_leisure,87.9,rio bonito
17530,pet_shop,87.9,brusque
17531,bed_bath_table,87.9,diamante do norte
17532,sports_leisure,87.9,pecanha
17533,books_general_interest,87.9,caxias do sul
17534,furniture_decor,87.85,piraquara
17535,computers_accessories,87.8,ascurra
17536,fashion_bags_accessories,87.8,astolfo dutra
17537,auto,87.8,toledo
17538,food,87.8,sertaozinho
17539,housewares,87.74,maurilandia
17540,watches_gifts,87.67,cotriguacu
17541,watches_gifts,87.67,pedreira
17542,watches_gifts,87.67,urupa
17543,watches_gifts,87.67,vera cruz do oeste
17544,telephony,87.66,guaratingueta
17545,home_appliances,87.6,franco da rocha
17546,furniture_decor,87.5,coronel fabriciano
17547,health_beauty,87.5,xexeu
17548,books_technical,87.44,itaquaquecetuba
17549,,87.2,mogi das cruzes
17550,bed_bath_table,87.0,igarata
17551,computers_accessories,87.0,anastacio
17552,industry_commerce_and_business,87.0,jundiai
17553,books_technical,87.0,extrema
17554,furniture_decor,87.0,santa helena
17555,electronics,87.0,santa maria do para
17556,industry_commerce_and_business,87.0,mamanguape
17557,health_beauty,87.0,papanduva
17558,books_general_interest,87.0,manaus
17559,toys,86.99,conchas
17560,sports_leisure,86.99,cachoeiras de macacu
17561,toys,86.99,porangatu
17562,furniture_decor,86.99,guarapari
17563,toys,86.99,garrafao do norte
17564,toys,86.99,itajuipe
17565,furniture_decor,86.9,itatiaia
17566,home_confort,86.9,araucaria
17567,home_confort,86.9,jatai
17568,home_confort,86.9,lagoa do ouro
17569,home_confort,86.9,travessao
17570,bed_bath_table,86.9,tabapua
17571,home_confort,86.9,joao pessoa
17572,home_confort,86.9,sorocaba
17573,bed_bath_table,86.9,palotina
17574,home_confort,86.9,embu-guacu
17575,home_confort,86.9,junqueiropolis
17576,home_confort,86.9,primeiro de maio
17577,baby,86.9,campo mourao
17578,home_confort,86.9,frei inocencio
17579,bed_bath_table,86.9,junqueiropolis
17580,home_confort,86.9,chapadao do sul
17581,home_confort,86.9,lavinia
17582,home_confort,86.9,santa barbara d'oeste
17583,home_confort,86.9,taubate
17584,bed_bath_table,86.9,mariapolis
17585,home_confort,86.9,carapicuiba
17586,home_confort,86.9,ibaiti
17587,luggage_accessories,86.9,caetanopolis
17588,home_confort,86.9,sao luis
17589,bed_bath_table,86.9,quata
17590,home_confort,86.9,franco da rocha
17591,bed_bath_table,86.9,firminopolis
17592,bed_bath_table,86.89,sao goncalo do amarante
17593,auto,86.78999999999999,porto ferreira
17594,electronics,86.6,camanducaia
17595,furniture_mattress_and_upholstery,86.5,caete
17596,furniture_mattress_and_upholstery,86.5,teresopolis
17597,garden_tools,86.49000000000001,cajamar
17598,garden_tools,86.45,faxinal dos guedes
17599,computers_accessories,86.42,sales
17600,health_beauty,86.0,severinia
17601,sports_leisure,86.0,navirai
17602,home_appliances,86.0,varzea nova
17603,fashion_bags_accessories,86.0,sao mamede
17604,food,86.0,santa maria de jetiba
17605,health_beauty,86.0,senhor do bonfim
17606,,85.99,coronel vivida
17607,cool_stuff,85.99,divinolandia
17608,,85.99,varjota
17609,cool_stuff,85.99,moncao
17610,cool_stuff,85.99,utinga
17611,cool_stuff,85.99,abaete
17612,auto,85.99,ariquemes
17613,health_beauty,85.98,aguas lindas de goias
17614,consoles_games,85.95,vitoria do jari
17615,construction_tools_construction,85.91999999999999,campo grande
17616,food,85.9,barretos
17617,bed_bath_table,85.9,feliz
17618,health_beauty,85.9,jose de freitas
17619,luggage_accessories,85.9,crateus
17620,bed_bath_table,85.9,novo brasil
17621,sports_leisure,85.9,antonio carlos
17622,home_construction,85.9,cunha pora
17623,bed_bath_table,85.9,cerro azul
17624,health_beauty,85.9,para de minas
17625,food,85.9,capivari
17626,air_conditioning,85.9,sertaozinho
17627,bed_bath_table,85.9,chacara
17628,bed_bath_table,85.89,bom jesus da penha
17629,toys,85.8,visconde do rio branco
17630,toys,85.8,manoel viana
17631,electronics,85.7,concordia
17632,baby,85.69999999999999,jandira
17633,fashion_shoes,85.69999999999999,castro
17634,garden_tools,85.5,parai
17635,garden_tools,85.5,santo antonio do jardim
17636,books_technical,85.49000000000001,sao jose dos campos
17637,garden_tools,85.4,capelinha
17638,housewares,85.39,brasilia de minas
17639,electronics,85.35,parnamirim
17640,furniture_decor,85.3,itaqui
17641,computers_accessories,85.21000000000001,sarzedo
17642,christmas_supplies,85.2,brusque
17643,furniture_mattress_and_upholstery,85.0,barueri
17644,furniture_mattress_and_upholstery,85.0,sorocaba
17645,sports_leisure,85.0,santo estevao
17646,industry_commerce_and_business,85.0,americana
17647,sports_leisure,85.0,botuvera
17648,music,85.0,apucarana
17649,consoles_games,85.0,andradina
17650,sports_leisure,85.0,manduri
17651,computers_accessories,85.0,nova petropolis
17652,audio,85.0,resende
17653,industry_commerce_and_business,85.0,salto
17654,toys,85.0,guaiba
17655,,85.0,garopaba
17656,housewares,85.0,cambui
17657,computers_accessories,85.0,sao bernardo
17658,computers_accessories,85.0,guapimirim
17659,industry_commerce_and_business,85.0,santa fe do sul
17660,furniture_mattress_and_upholstery,85.0,valparaiso de goias
17661,bed_bath_table,85.0,piquerobi
17662,telephony,85.0,guaranesia
17663,sports_leisure,85.0,campo novo do parecis
17664,bed_bath_table,85.0,iguatama
17665,housewares,85.0,formiga
17666,health_beauty,84.99,parobe
17667,health_beauty,84.99,conceicao
17668,health_beauty,84.99,entre folhas
17669,perfumery,84.99,camanducaia
17670,health_beauty,84.99,ituporanga
17671,perfumery,84.99,lagoa do piaui
17672,health_beauty,84.99,sao joao dos patos
17673,perfumery,84.99,nova esperanca do sudoeste
17674,health_beauty,84.99,vila nova do sul
17675,health_beauty,84.99,quilombo
17676,health_beauty,84.99,abreu e lima
17677,perfumery,84.99,mojui dos campos
17678,health_beauty,84.99,canarana
17679,health_beauty,84.99,anicuns
17680,computers_accessories,84.99,santa isabel do para
17681,health_beauty,84.99,aracuai
17682,perfumery,84.99,taio
17683,perfumery,84.99,cruz
17684,perfumery,84.99,major porto
17685,toys,84.99,nova fatima
17686,housewares,84.99,cacador
17687,perfumery,84.99,cotegipe
17688,health_beauty,84.99,santo antonio das queimadas
17689,perfumery,84.99,nova canaa do norte
17690,perfumery,84.99,barao de cotegipe
17691,perfumery,84.99,abre campo
17692,perfumery,84.99,tabapua
17693,health_beauty,84.99,itapejara d'oeste
17694,health_beauty,84.99,montadas
17695,health_beauty,84.99,alianca do tocantins
17696,perfumery,84.99,serranopolis do iguacu
17697,telephony,84.99,tres de maio
17698,perfumery,84.99,andradina
17699,perfumery,84.99,ibaiti
17700,health_beauty,84.99,santaluz
17701,health_beauty,84.99,piranhas
17702,sports_leisure,84.99,tomar do geru
17703,perfumery,84.99,tres lagoas
17704,health_beauty,84.99,sao miguel arcanjo
17705,stationery,84.99,orlandia
17706,health_beauty,84.99,conceicao do rio verde
17707,health_beauty,84.99,feira nova
17708,health_beauty,84.99,bela vista de goias
17709,perfumery,84.99,cariri do tocantins
17710,perfumery,84.99,janduis
17711,health_beauty,84.97999999999999,pirapetinga
17712,furniture_decor,84.97999999999999,sao fidelis
17713,fashion_bags_accessories,84.97999999999999,descalvado
17714,telephony,84.96,minacu
17715,fashion_shoes,84.9,joao monlevade
17716,auto,84.9,carlos barbosa
17717,,84.9,passo fundo
17718,cine_photo,84.9,feira de santana
17719,luggage_accessories,84.9,orlandia
17720,luggage_accessories,84.9,francisco morato
17721,fashion_shoes,84.9,sumare
17722,cine_photo,84.9,balneario camboriu
17723,luggage_accessories,84.9,varzelandia
17724,sports_leisure,84.9,perola independente
17725,luggage_accessories,84.9,matutina
17726,fashion_shoes,84.9,coronel fabriciano
17727,luggage_accessories,84.9,cianorte
17728,fashion_shoes,84.9,cidreira
17729,books_general_interest,84.9,erechim
17730,bed_bath_table,84.9,serra branca
17731,,84.9,cabo verde
17732,luggage_accessories,84.9,paulinia
17733,audio,84.9,sao roque
17734,furniture_decor,84.9,miguel pereira
17735,stationery,84.9,paraopeba
17736,fashion_shoes,84.9,pompeu
17737,musical_instruments,84.9,ilhabela
17738,fashion_shoes,84.9,sao vicente
17739,fashion_shoes,84.9,carlopolis
17740,computers_accessories,84.9,timbe do sul
17741,fashion_shoes,84.9,catende
17742,sports_leisure,84.9,santa isabel do para
17743,housewares,84.9,chapadao do sul
17744,luggage_accessories,84.9,pariquera-acu
17745,luggage_accessories,84.9,diadema
17746,fashion_shoes,84.9,antonina
17747,fashion_shoes,84.9,feira de santana
17748,fashion_shoes,84.9,santarem
17749,fashion_shoes,84.9,caxias do sul
17750,luggage_accessories,84.9,bataguassu
17751,toys,84.9,peruibe
17752,fashion_shoes,84.9,lavras
17753,sports_leisure,84.9,salgueiro
17754,fashion_shoes,84.9,araraquara
17755,fashion_bags_accessories,84.9,juquia
17756,fashion_shoes,84.9,anchieta
17757,luggage_accessories,84.9,ituiutaba
17758,computers_accessories,84.9,cabo de santo agostinho
17759,fashion_shoes,84.9,piedade do rio grande
17760,fashion_shoes,84.9,jaguariaiva
17761,fashion_shoes,84.9,lupercio
17762,fashion_shoes,84.9,santa brigida
17763,fashion_shoes,84.9,pinhais
17764,computers_accessories,84.89,sao paulo das missoes
17765,food,84.87,sao jose dos pinhais
17766,health_beauty,84.85000000000001,ivoti
17767,tablets_printing_image,84.80000000000001,serra
17768,auto,84.8,mirassol
17769,books_general_interest,84.8,valinhos
17770,sports_leisure,84.8,sorriso
17771,computers_accessories,84.78999999999999,piripiri
17772,,84.77,santa teresa
17773,pet_shop,84.5,guaracai
17774,consoles_games,84.47999999999999,itu
17775,bed_bath_table,84.44,conceicao de macabu
17776,food,84.33,macae
17777,,84.19999999999999,santo angelo
17778,fashion_bags_accessories,84.0,mara rosa
17779,housewares,84.0,cacapava do sul
17780,housewares,84.0,xanxere
17781,auto,84.0,presidente epitacio
17782,home_appliances,84.0,barroso
17783,bed_bath_table,84.0,rodeiro
17784,fashion_bags_accessories,84.0,ilhabela
17785,costruction_tools_garden,84.0,forquilhinha
17786,bed_bath_table,84.0,buritama
17787,computers_accessories,84.0,anicuns
17788,bed_bath_table,84.0,trancoso
17789,electronics,84.0,apucarana
17790,watches_gifts,84.0,lorena
17791,bed_bath_table,84.0,iacu
17792,dvds_blu_ray,83.99,arapora
17793,computers_accessories,83.99,dom pedrito
17794,auto,83.99,brauna
17795,telephony,83.97,pirapora
17796,telephony,83.97,manhuacu
17797,luggage_accessories,83.9,sucesso
17798,construction_tools_safety,83.9,itauna
17799,toys,83.9,cianorte
17800,luggage_accessories,83.9,cataguases
17801,furniture_decor,83.9,santo antonio do monte
17802,luggage_accessories,83.9,sao gabriel
17803,luggage_accessories,83.9,brumadinho
17804,musical_instruments,83.9,santo antonio do monte
17805,health_beauty,83.89,bocaiuva
17806,fashion_bags_accessories,83.86999999999999,pindamonhangaba
17807,bed_bath_table,83.80000000000001,sao gabriel
17808,health_beauty,83.8,pinhalzinho
17809,health_beauty,83.8,senador salgado filho
17810,bed_bath_table,83.79,primavera do leste
17811,food,83.69999999999999,uberaba
17812,furniture_decor,83.5,piratininga
17813,,83.5,lavras
17814,,83.5,guaxupe
17815,auto,83.41,curitibanos
17816,housewares,83.3,eldorado do sul
17817,luggage_accessories,83.0,bom despacho
17818,bed_bath_table,82.99,anicuns
17819,cool_stuff,82.99,mantenopolis
17820,cool_stuff,82.99,sao joao evangelista
17821,bed_bath_table,82.99,ribeira do pombal
17822,computers_accessories,82.99,sao miguel arcanjo
17823,garden_tools,82.99,sao jose do hortencio
17824,sports_leisure,82.99,garca
17825,housewares,82.94,piedade
17826,musical_instruments,82.9,jacarei
17827,fashion_bags_accessories,82.9,caucaia
17828,luggage_accessories,82.9,feira de santana
17829,toys,82.9,bom jardim
17830,perfumery,82.9,santa rita do araguaia
17831,computers_accessories,82.9,leopoldina
17832,furniture_decor,82.9,ortigueira
17833,housewares,82.9,ouro verde de goias
17834,pet_shop,82.9,igrejinha
17835,auto,82.89,cubatao
17836,furniture_decor,82.89,santa gertrudes
17837,perfumery,82.89,pato branco
17838,telephony,82.88,novo cruzeiro
17839,telephony,82.87,tocantinopolis
17840,books_technical,82.84,uberlandia
17841,perfumery,82.80000000000001,alvorada
17842,bed_bath_table,82.80000000000001,lajeado
17843,furniture_decor,82.80000000000001,embu-guacu
17844,computers_accessories,82.8,engenheiro paulo de frontin
17845,electronics,82.8,conselheiro lafaiete
17846,computers_accessories,82.8,assis chateaubriand
17847,stationery,82.8,penha
17848,computers_accessories,82.8,tres forquilhas
17849,sports_leisure,82.72,olimpia
17850,pet_shop,82.69999999999999,espirito santo do pinhal
17851,bed_bath_table,82.69,sao goncalo do rio preto
17852,books_technical,82.5,nova iguacu
17853,bed_bath_table,82.49000000000001,boa vista da aparecida
17854,food,82.49,holambra ii
17855,auto,82.49,seropedica
17856,food,82.49,arroio do meio
17857,food,82.49,junqueiropolis
17858,food,82.49,costa rica
17859,computers_accessories,82.48,eusebio
17860,auto,82.44999999999999,horizontina
17861,sports_leisure,82.4,arcos
17862,furniture_decor,82.26,arceburgo
17863,food,82.0,nao-me-toque
17864,food,82.0,joao pessoa
17865,food,82.0,pirai do sul
17866,computers_accessories,81.99,marilandia
17867,pet_shop,81.99,presidente venceslau
17868,furniture_decor,81.99,japira
17869,computers_accessories,81.99,santa salete
17870,housewares,81.97999999999999,oliveira
17871,telephony,81.97,aracati
17872,telephony,81.93,bertioga
17873,housewares,81.9,paracatu
17874,sports_leisure,81.8,capanema
17875,housewares,81.8,sao miguel do oeste
17876,computers_accessories,81.7,ipua
17877,electronics,81.69,barra mansa
17878,garden_tools,81.63,guarapari
17879,auto,81.49000000000001,bernardino de campos
17880,health_beauty,81.4,alagoinhas
17881,bed_bath_table,81.4,colina
17882,home_appliances,81.0,itu
17883,stationery,81.0,assare
17884,sports_leisure,81.0,pompeia
17885,fashion_bags_accessories,81.0,birigui
17886,food,81.0,cachoeiro de itapemirim
17887,food_drink,81.0,conselheiro lafaiete
17888,telephony,80.97999999999999,piata
17889,home_appliances,80.92,indaiatuba
17890,telephony,80.9,cassia
17891,sports_leisure,80.9,monte azul
17892,food,80.9,rio negrinho
17893,garden_tools,80.89,pirapetinga
17894,bed_bath_table,80.8,araguaina
17895,perfumery,80.78999999999999,colatina
17896,electronics,80.6,imbituba
17897,toys,80.5,jaguare
17898,drinks,80.49000000000001,sao caetano do sul
17899,housewares,80.49,camaqua
17900,auto,80.4,iepe
17901,auto,80.4,seberi
17902,electronics,80.39,aracatuba
17903,baby,80.38,santa gertrudes
17904,furniture_decor,80.36,feliz
17905,pet_shop,80.04,sao joao do paraiso
17906,fashion_bags_accessories,80.0,sao paulo do potengi
17907,bed_bath_table,80.0,sarzedo
17908,,80.0,ivaipora
17909,construction_tools_construction,80.0,japura
17910,health_beauty,80.0,assuncao
17911,bed_bath_table,80.0,cafeara
17912,bed_bath_table,80.0,caldas
17913,bed_bath_table,80.0,icara
17914,bed_bath_table,80.0,medina
17915,,80.0,teresopolis
17916,books_technical,80.0,matozinhos
17917,drinks,80.0,macae
17918,health_beauty,80.0,chapadao do ceu
17919,fashion_bags_accessories,80.0,araruama
17920,construction_tools_construction,80.0,braganca paulista
17921,fashion_bags_accessories,80.0,sabara
17922,watches_gifts,80.0,perobal
17923,telephony,80.0,palmitos
17924,watches_gifts,80.0,jardinopolis
17925,telephony,80.0,guaranta do norte
17926,furniture_bedroom,80.0,ubaitaba
17927,home_appliances,80.0,monte alegre de sergipe
17928,books_technical,80.0,santo andre
17929,construction_tools_construction,80.0,araruama
17930,bed_bath_table,80.0,sao geraldo
17931,baby,80.0,balsas
17932,construction_tools_lights,80.0,chapeco
17933,bed_bath_table,80.0,barra do bugres
17934,computers_accessories,80.0,garopaba
17935,consoles_games,80.0,campina grande do sul
17936,home_appliances,80.0,santo cristo
17937,construction_tools_lights,80.0,leme
17938,perfumery,79.99,santo antonio de jesus
17939,luggage_accessories,79.99,teresopolis
17940,perfumery,79.99,ewbank da camara
17941,bed_bath_table,79.99,iaras
17942,perfumery,79.99,ipora
17943,sports_leisure,79.99,sume
17944,office_furniture,79.99,feira de santana
17945,consoles_games,79.99,ilhota
17946,perfumery,79.99,tanabi
17947,cool_stuff,79.99,tabocas do brejo velho
17948,fixed_telephony,79.99,curitiba
17949,office_furniture,79.99,general carneiro
17950,luggage_accessories,79.99,astolfo dutra
17951,health_beauty,79.99,luis antonio
17952,perfumery,79.99,maracas
17953,luggage_accessories,79.99,rio branco do sul
17954,housewares,79.99,nossa senhora de lourdes
17955,health_beauty,79.99,campos belos
17956,office_furniture,79.99,nova santa rosa
17957,perfumery,79.99,ico
17958,pet_shop,79.99,caruaru
17959,health_beauty,79.99,arraial d'ajuda
17960,cool_stuff,79.99,caninde
17961,cool_stuff,79.99,sao jose de ribamar
17962,consoles_games,79.99,alto jequitiba
17963,office_furniture,79.99,americo brasiliense
17964,toys,79.99,garopaba
17965,perfumery,79.99,cotriguacu
17966,computers_accessories,79.99,arcos
17967,perfumery,79.99,passa quatro
17968,sports_leisure,79.99,campestre do maranhao
17969,office_furniture,79.99,dom silverio
17970,consoles_games,79.99,perdoes
17971,computers_accessories,79.99,pinheiros
17972,furniture_bedroom,79.99,nossa senhora do socorro
17973,health_beauty,79.99,nova prata
17974,computers_accessories,79.99,coronel fabriciano
17975,office_furniture,79.99,barra do garcas
17976,office_furniture,79.99,aparecida de goiania
17977,computers_accessories,79.99,alcobaca
17978,office_furniture,79.99,farroupilha
17979,health_beauty,79.99,maranguape
17980,perfumery,79.99,monte mor
17981,bed_bath_table,79.99,cianorte
17982,furniture_decor,79.99,rolandia
17983,,79.99,astorga
17984,health_beauty,79.99,coronel freitas
17985,computers_accessories,79.99,trajano de moraes
17986,luggage_accessories,79.99,goiabeira
17987,consoles_games,79.99,gameleiras
17988,health_beauty,79.99,ibipitanga
17989,sports_leisure,79.99,cha de alegria
17990,perfumery,79.99,frutuoso gomes
17991,art,79.99,parnamirim
17992,furniture_decor,79.99,barao do triunfo
17993,food,79.99,jaboatao dos guararapes
17994,furniture_decor,79.99,conceicao do mato dentro
17995,perfumery,79.99,junco do serido
17996,bed_bath_table,79.99,cocal do sul
17997,furniture_decor,79.98,massaranduba
17998,office_furniture,79.98,lagoinha
17999,fashion_bags_accessories,79.98,sao jose
18000,bed_bath_table,79.98,monte belo do sul
18001,furniture_decor,79.98,poco fundo
18002,office_furniture,79.98,mandirituba
18003,fashion_bags_accessories,79.98,franca
18004,fixed_telephony,79.98,sao jose
18005,furniture_decor,79.98,coronel vivida
18006,stationery,79.98,itai
18007,office_furniture,79.98,vicosa
18008,office_furniture,79.98,andradina
18009,small_appliances,79.98,itatiaia
18010,furniture_decor,79.98,jambeiro
18011,telephony,79.98,papagaios
18012,office_furniture,79.98,espirito santo do pinhal
18013,bed_bath_table,79.98,carius
18014,telephony,79.98,tangara da serra
18015,dvds_blu_ray,79.98,tupi paulista
18016,food_drink,79.98,lavras
18017,telephony,79.98,arapiraca
18018,baby,79.97999999999999,uruguaiana
18019,furniture_decor,79.97,cosmopolis
18020,telephony,79.97,medianeira
18021,telephony,79.97,fervedouro
18022,cool_stuff,79.95,fernandopolis
18023,cool_stuff,79.95,urania
18024,cool_stuff,79.95,jacui
18025,computers_accessories,79.95,ibirama
18026,home_construction,79.9,jaguari
18027,furniture_living_room,79.9,teresina
18028,luggage_accessories,79.9,lagoa formosa
18029,christmas_supplies,79.9,itajuba
18030,fashion_underwear_beach,79.9,pindamonhangaba
18031,art,79.9,ferraz de vasconcelos
18032,furniture_living_room,79.9,rio branco
18033,furniture_living_room,79.9,embu das artes
18034,,79.9,rio do sul
18035,home_construction,79.9,canoas
18036,christmas_supplies,79.9,chapeco
18037,baby,79.9,novo lino
18038,christmas_supplies,79.9,andarai
18039,fashion_underwear_beach,79.9,varzea grande
18040,fashion_bags_accessories,79.9,ivoti
18041,,79.9,teofilo otoni
18042,bed_bath_table,79.9,monte alegre de minas
18043,bed_bath_table,79.9,araujos
18044,stationery,79.9,foz do iguacu
18045,bed_bath_table,79.9,querencia do norte
18046,toys,79.9,itabaiana
18047,baby,79.9,sao pedro da aldeia
18048,computers_accessories,79.9,carazinho
18049,bed_bath_table,79.9,joao camara
18050,christmas_supplies,79.9,candido sales
18051,computers_accessories,79.9,catas altas
18052,cool_stuff,79.9,americo brasiliense
18053,christmas_supplies,79.9,valente
18054,perfumery,79.9,sao jose do turvo
18055,home_construction,79.9,cachoeiro de itapemirim
18056,sports_leisure,79.9,ladario
18057,christmas_supplies,79.9,pindobacu
18058,fashion_bags_accessories,79.9,ribeirao das neves
18059,home_construction,79.9,gurupi
18060,health_beauty,79.9,nova olinda do maranhao
18061,musical_instruments,79.9,guaxupe
18062,signaling_and_security,79.9,cajamar
18063,industry_commerce_and_business,79.9,serafina correa
18064,industry_commerce_and_business,79.9,caieiras
18065,fashion_underwear_beach,79.9,taubate
18066,furniture_living_room,79.9,santo angelo
18067,toys,79.9,poco verde
18068,christmas_supplies,79.9,mirassol d'oeste
18069,luggage_accessories,79.9,congonhal
18070,toys,79.9,igarassu
18071,market_place,79.9,casimiro de abreu
18072,signaling_and_security,79.9,irani
18073,baby,79.9,jequitinhonha
18074,computers_accessories,79.9,bom jesus das selvas
18075,industry_commerce_and_business,79.9,campinas do sul
18076,home_appliances,79.9,nepomuceno
18077,musical_instruments,79.9,nova lima
18078,construction_tools_lights,79.9,suzano
18079,sports_leisure,79.9,mimoso do sul
18080,bed_bath_table,79.9,vargem grande
18081,christmas_supplies,79.9,orleans
18082,market_place,79.9,diamantino
18083,furniture_decor,79.9,ibaiti
18084,baby,79.9,ilopolis
18085,baby,79.9,aluminio
18086,health_beauty,79.9,ponto belo
18087,christmas_supplies,79.9,botucatu
18088,auto,79.9,campos altos
18089,musical_instruments,79.9,quatigua
18090,housewares,79.9,areia
18091,fashion_underwear_beach,79.9,santo andre
18092,musical_instruments,79.9,rio bananal
18093,consoles_games,79.9,humaita
18094,fashion_underwear_beach,79.9,palhoca
18095,fashion_bags_accessories,79.9,santo antonio do jardim
18096,christmas_supplies,79.9,pacoti
18097,bed_bath_table,79.9,campo azul
18098,furniture_decor,79.9,ibipora
18099,industry_commerce_and_business,79.9,irapuru
18100,baby,79.9,itarare
18101,fashion_bags_accessories,79.9,santana do cariri
18102,home_construction,79.9,queimados
18103,furniture_living_room,79.9,carpina
18104,christmas_supplies,79.9,jacarei
18105,christmas_supplies,79.9,itauna
18106,furniture_living_room,79.9,ubirajara
18107,art,79.9,camacari
18108,fashion_bags_accessories,79.9,taiobeiras
18109,home_construction,79.9,vitoria
18110,christmas_supplies,79.9,curitibanos
18111,housewares,79.9,parai
18112,market_place,79.9,lages
18113,signaling_and_security,79.9,ituverava
18114,furniture_decor,79.9,mirai
18115,christmas_supplies,79.9,granja
18116,industry_commerce_and_business,79.9,roque gonzales
18117,fashion_bags_accessories,79.9,ubirata
18118,luggage_accessories,79.9,carmo do rio verde
18119,housewares,79.9,rondon do para
18120,industry_commerce_and_business,79.9,campo bonito
18121,baby,79.9,campo largo
18122,fashion_bags_accessories,79.9,nova palma
18123,housewares,79.9,assis chateaubriand
18124,furniture_decor,79.9,toropi
18125,fashion_bags_accessories,79.9,cruzeiro da fortaleza
18126,toys,79.9,regeneracao
18127,sports_leisure,79.9,santa fe
18128,industry_commerce_and_business,79.9,rio preto
18129,auto,79.9,presidente tancredo neves
18130,christmas_supplies,79.9,itapecerica da serra
18131,luggage_accessories,79.9,mostardas
18132,christmas_supplies,79.9,nanuque
18133,musical_instruments,79.9,pirassununga
18134,fashion_bags_accessories,79.9,guarapuava
18135,computers_accessories,79.9,senador firmino
18136,music,79.9,ribeirao preto
18137,health_beauty,79.9,mambore
18138,fashion_shoes,79.9,araguari
18139,luggage_accessories,79.9,dezesseis de novembro
18140,garden_tools,79.9,lucelia
18141,bed_bath_table,79.9,inaja
18142,cool_stuff,79.9,brotas
18143,toys,79.9,sao joaquim da barra
18144,art,79.9,santos
18145,bed_bath_table,79.9,angatuba
18146,signaling_and_security,79.9,valinhos
18147,electronics,79.9,icara
18148,industry_commerce_and_business,79.9,itaguai
18149,sports_leisure,79.9,joao neiva
18150,fashion_bags_accessories,79.9,gaviao peixoto
18151,market_place,79.9,barra do pirai
18152,books_technical,79.9,barueri
18153,furniture_decor,79.9,porto velho
18154,bed_bath_table,79.9,dom pedrito
18155,party_supplies,79.9,eldorado
18156,books_general_interest,79.9,itaqui
18157,health_beauty,79.9,santa luzia do parua
18158,perfumery,79.9,tres marias
18159,fashion_bags_accessories,79.9,joao ramalho
18160,musical_instruments,79.9,santa fe do sul
18161,furniture_decor,79.9,santa branca
18162,cool_stuff,79.9,picarra
18163,toys,79.9,firminopolis
18164,stationery,79.9,araras
18165,furniture_decor,79.9,santana do paraiso
18166,auto,79.9,ocaucu
18167,home_construction,79.9,sao sebastiao
18168,health_beauty,79.9,carlopolis
18169,fashion_bags_accessories,79.9,mineiros do tiete
18170,housewares,79.9,castanhal
18171,computers_accessories,79.9,paraju
18172,fashion_bags_accessories,79.9,itapeva
18173,musical_instruments,79.9,mascote
18174,art,79.9,aparecida
18175,fashion_bags_accessories,79.9,cachoeirinha
18176,telephony,79.9,olaria
18177,bed_bath_table,79.9,dionisio
18178,christmas_supplies,79.9,cajati
18179,computers_accessories,79.9,orindiuva
18180,fashion_bags_accessories,79.9,espigao do oeste
18181,fashion_underwear_beach,79.9,guarulhos
18182,computers_accessories,79.9,ipero
18183,signaling_and_security,79.9,novo gama
18184,home_appliances,79.9,governador valadares
18185,air_conditioning,79.9,goiania
18186,home_construction,79.9,mage
18187,furniture_living_room,79.9,sao francisco do conde
18188,home_construction,79.9,adamantina
18189,sports_leisure,79.9,filadelfia
18190,musical_instruments,79.9,belo jardim
18191,furniture_decor,79.9,palmitos
18192,home_construction,79.9,prudentopolis
18193,market_place,79.9,valenca
18194,toys,79.9,eloi mendes
18195,luggage_accessories,79.9,rio dos indios
18196,furniture_decor,79.9,santa maria da vitoria
18197,home_construction,79.9,bodoco
18198,audio,79.9,piracicaba
18199,musical_instruments,79.9,visconde do rio branco
18200,toys,79.9,itapolis
18201,home_appliances,79.9,corumba
18202,fashion_underwear_beach,79.9,uberlandia
18203,musical_instruments,79.9,santa luzia
18204,home_construction,79.9,monte alto
18205,christmas_supplies,79.9,santo angelo
18206,computers_accessories,79.9,rio das pedras
18207,christmas_supplies,79.9,mangaratiba
18208,home_construction,79.9,paraiso
18209,bed_bath_table,79.9,pinheiral
18210,books_general_interest,79.9,rio verde
18211,fashion_bags_accessories,79.9,teofilo otoni
18212,fashion_underwear_beach,79.9,cruz das almas
18213,books_general_interest,79.9,porangatu
18214,furniture_decor,79.9,nova santa rosa
18215,,79.9,porto velho
18216,furniture_decor,79.9,madre de deus
18217,home_confort,79.9,cachoeiro de itapemirim
18218,industry_commerce_and_business,79.9,porto velho
18219,home_construction,79.9,xanxere
18220,baby,79.9,camocim
18221,christmas_supplies,79.9,palhoca
18222,bed_bath_table,79.89,santa cruz cabralia
18223,health_beauty,79.89,quatro barras
18224,,79.89,santa rosa
18225,telephony,79.88,criciuma
18226,,79.85,tupa
18227,electronics,79.85,tres pontas
18228,,79.8,bayeux
18229,baby,79.8,nova esperanca
18230,home_appliances_2,79.8,ladario
18231,pet_shop,79.8,satubinha
18232,baby,79.8,montenegro
18233,books_general_interest,79.8,mogi-guacu
18234,construction_tools_lights,79.8,eloi mendes
18235,stationery,79.8,munhoz
18236,telephony,79.8,aguas belas
18237,signaling_and_security,79.8,esteio
18238,bed_bath_table,79.8,dom pedro
18239,home_construction,79.8,guarapuava
18240,home_construction,79.8,sao jose dos pinhais
18241,consoles_games,79.8,mogi-guacu
18242,computers_accessories,79.8,ribeirao claro
18243,home_construction,79.8,cuiaba
18244,home_construction,79.8,barretos
18245,flowers,79.78999999999999,santos
18246,costruction_tools_garden,79.74,olinda
18247,sports_leisure,79.64,charqueadas
18248,electronics,79.6,uruguaiana
18249,drinks,79.6,presidente prudente
18250,auto,79.59,garuva
18251,pet_shop,79.5,boa esperanca
18252,pet_shop,79.5,alem paraiba
18253,furniture_decor,79.5,guaratuba
18254,housewares,79.5,cruz das almas
18255,telephony,79.49,careacu
18256,small_appliances,79.4,sao ludgero
18257,health_beauty,79.28999999999999,jacutinga
18258,home_appliances,79.14,uberlandia
18259,fashion_bags_accessories,79.1,sao pedro da aldeia
18260,christmas_supplies,79.0,cambui
18261,stationery,79.0,taquarituba
18262,stationery,79.0,ipaba
18263,industry_commerce_and_business,79.0,lages
18264,books_technical,79.0,tangara da serra
18265,electronics,79.0,imperatriz
18266,health_beauty,79.0,maravilhas
18267,consoles_games,79.0,banabuiu
18268,consoles_games,79.0,ipatinga
18269,stationery,79.0,itapetininga
18270,watches_gifts,79.0,santa cruz do prata
18271,stationery,79.0,colombo
18272,stationery,79.0,milagres
18273,stationery,79.0,sanclerlandia
18274,computers_accessories,79.0,paulo de faria
18275,stationery,79.0,joao ramalho
18276,stationery,79.0,alto parnaiba
18277,,79.0,pirapora do bom jesus
18278,fashion_bags_accessories,79.0,xaxim
18279,health_beauty,79.0,prudentopolis
18280,stationery,79.0,campos do jordao
18281,electronics,79.0,panambi
18282,industry_commerce_and_business,79.0,curitibanos
18283,housewares,79.0,sao joao da barra
18284,electronics,79.0,parobe
18285,stationery,79.0,alegre
18286,,79.0,araguaina
18287,consoles_games,79.0,teresopolis
18288,consoles_games,79.0,marituba
18289,stationery,79.0,taquara
18290,stationery,79.0,sao joaquim do monte
18291,stationery,79.0,teresina de goias
18292,fashion_bags_accessories,79.0,resplendor
18293,air_conditioning,79.0,monte aprazivel
18294,stationery,79.0,ipaussu
18295,audio,79.0,santana do livramento
18296,electronics,79.0,primavera do leste
18297,stationery,79.0,cachoeira do sul
18298,stationery,79.0,paicandu
18299,industry_commerce_and_business,79.0,cruzeiro do sul
18300,stationery,79.0,antonio prado de minas
18301,industry_commerce_and_business,79.0,pinhais
18302,industry_commerce_and_business,79.0,rincao
18303,bed_bath_table,79.0,domingos martins
18304,fixed_telephony,79.0,canoas
18305,audio,79.0,joao pessoa
18306,health_beauty,79.0,juina
18307,sports_leisure,79.0,luiz alves
18308,fashion_bags_accessories,79.0,divinopolis de goias
18309,electronics,79.0,rio negrinho
18310,stationery,79.0,rio bonito
18311,health_beauty,79.0,canapolis
18312,bed_bath_table,79.0,itapagipe
18313,stationery,79.0,santa rita da floresta
18314,stationery,79.0,bastos
18315,consoles_games,79.0,batatais
18316,stationery,79.0,agua branca
18317,stationery,79.0,boa esperanca do sul
18318,stationery,79.0,santa barbara
18319,luggage_accessories,79.0,itapeva
18320,industry_commerce_and_business,79.0,barreiras
18321,health_beauty,79.0,caiaponia
18322,watches_gifts,79.0,camocim
18323,stationery,79.0,cacador
18324,stationery,79.0,guararapes
18325,consoles_games,79.0,barreiros
18326,stationery,79.0,aripuana
18327,audio,79.0,linhares
18328,baby,79.0,itapagipe
18329,electronics,79.0,cruzeiro do oeste
18330,stationery,79.0,coronel fabriciano
18331,perfumery,79.0,nantes
18332,luggage_accessories,79.0,manhumirim
18333,consoles_games,79.0,praia norte
18334,industry_commerce_and_business,79.0,belo horizonte
18335,stationery,79.0,caldas novas
18336,stationery,79.0,martinopolis
18337,stationery,79.0,sao jose do rio pardo
18338,construction_tools_construction,79.0,candeias
18339,stationery,79.0,indaiatuba
18340,industry_commerce_and_business,79.0,santos
18341,health_beauty,79.0,varzea da palma
18342,stationery,79.0,campo bom
18343,musical_instruments,79.0,mogi das cruzes
18344,stationery,79.0,amparo
18345,fashion_bags_accessories,79.0,urutai
18346,stationery,79.0,apucarana
18347,health_beauty,79.0,turvolandia
18348,consoles_games,79.0,senador canedo
18349,construction_tools_lights,79.0,ferraz de vasconcelos
18350,bed_bath_table,78.99,brejo santo
18351,bed_bath_table,78.99,sao goncalo do abaete
18352,small_appliances,78.99,pereira barreto
18353,office_furniture,78.99,olinda
18354,telephony,78.99,sao fidelis
18355,sports_leisure,78.93,mato verde
18356,telephony,78.92,presidente olegario
18357,pet_shop,78.9,sao gotardo
18358,telephony,78.9,louveira
18359,stationery,78.9,nova lima
18360,sports_leisure,78.89,passos
18361,telephony,78.89,paranavai
18362,pet_shop,78.87,barra bonita
18363,toys,78.8,sao joao da boa vista
18364,computers_accessories,78.76,iguaba grande
18365,electronics,78.75,vitoria da conquista
18366,construction_tools_construction,78.5,americana
18367,telephony,78.5,ilha solteira
18368,health_beauty,78.3,boa esperanca do sul
18369,bed_bath_table,78.25,itapema
18370,bed_bath_table,78.25,manoel ribas
18371,watches_gifts,78.0,volta grande
18372,watches_gifts,78.0,juatuba
18373,luggage_accessories,78.0,cassia
18374,watches_gifts,78.0,carmo
18375,furniture_decor,78.0,juruaia
18376,furniture_decor,78.0,picui
18377,furniture_decor,78.0,morungaba
18378,watches_gifts,78.0,guaraniacu
18379,watches_gifts,78.0,carlopolis
18380,watches_gifts,78.0,sao lourenco do sul
18381,stationery,78.0,uruacu
18382,watches_gifts,78.0,joaquim tavora
18383,fixed_telephony,78.0,nova odessa
18384,fashion_bags_accessories,78.0,colina
18385,auto,78.0,jumirim
18386,watches_gifts,78.0,boqueirao do leao
18387,auto,78.0,panorama
18388,furniture_decor,78.0,sorriso
18389,furniture_decor,78.0,carangola
18390,watches_gifts,78.0,urandi
18391,watches_gifts,78.0,oeiras
18392,auto,78.0,jardim
18393,watches_gifts,78.0,monte castelo
18394,home_appliances,78.0,saquarema
18395,watches_gifts,78.0,almas
18396,books_technical,78.0,cariacica
18397,industry_commerce_and_business,78.0,querencia
18398,watches_gifts,78.0,visconde do rio branco
18399,watches_gifts,78.0,maragogipe
18400,telephony,78.0,salgado filho
18401,watches_gifts,78.0,dianopolis
18402,auto,78.0,roca sales
18403,construction_tools_construction,78.0,ibate
18404,watches_gifts,78.0,nova londrina
18405,watches_gifts,78.0,agua comprida
18406,watches_gifts,78.0,santo antonio das missoes
18407,stationery,78.0,cordeiropolis
18408,watches_gifts,78.0,dois irmaos
18409,bed_bath_table,78.0,colinas do tocantins
18410,watches_gifts,78.0,inhuma
18411,watches_gifts,78.0,santo amaro da imperatriz
18412,auto,78.0,sao jose do rio claro
18413,watches_gifts,78.0,pastos bons
18414,watches_gifts,78.0,chavantes
18415,watches_gifts,78.0,sanharo
18416,watches_gifts,78.0,aurora do para
18417,industry_commerce_and_business,78.0,passos
18418,watches_gifts,78.0,guarabira
18419,health_beauty,78.0,cerqueira cesar
18420,stationery,78.0,itapecerica
18421,watches_gifts,78.0,quatro barras
18422,stationery,78.0,presidente epitacio
18423,books_technical,78.0,miracema
18424,consoles_games,78.0,sao cristovao
18425,watches_gifts,78.0,rafard
18426,bed_bath_table,77.99,sao jose do inhacora
18427,bed_bath_table,77.99,santo antonio do aventureiro
18428,baby,77.98,sao joao evangelista
18429,telephony,77.98,vicosa
18430,electronics,77.97,aracariguama
18431,garden_tools,77.95,joao neiva
18432,baby,77.94,rio bonito
18433,baby,77.94,sao joao nepomuceno
18434,musical_instruments,77.9,castelo
18435,computers_accessories,77.9,vila flores
18436,home_confort,77.9,sapucaia
18437,construction_tools_safety,77.9,cristinapolis
18438,home_confort,77.9,itanhandu
18439,home_confort,77.9,sete lagoas
18440,fixed_telephony,77.9,anapolis
18441,toys,77.89,araruama
18442,health_beauty,77.89,dracena
18443,bed_bath_table,77.89,campo bom
18444,bed_bath_table,77.89,diamantino
18445,market_place,77.83,gravatai
18446,toys,77.8,floriano
18447,signaling_and_security,77.8,dormentes
18448,toys,77.8,coremas
18449,perfumery,77.8,avare
18450,luggage_accessories,77.8,cachoeira da prata
18451,health_beauty,77.8,rodeio bonito
18452,consoles_games,77.8,mineiros
18453,consoles_games,77.8,alianca do tocantins
18454,sports_leisure,77.69999999999999,clevelandia
18455,bed_bath_table,77.68,alagoa
18456,small_appliances,77.4,carazinho
18457,sports_leisure,77.38999999999999,barra bonita
18458,toys,77.15,carmo do paranaiba
18459,luggage_accessories,77.1,nilopolis
18460,home_appliances,77.09,contagem
18461,watches_gifts,77.0,rio negrinho
18462,books_imported,77.0,maringa
18463,books_imported,77.0,caxias do sul
18464,health_beauty,77.0,imbau
18465,books_imported,77.0,ilheus
18466,agro_industry_and_commerce,77.0,farroupilha
18467,telephony,76.99,santa fe do sul
18468,books_technical,76.99,teresopolis
18469,computers_accessories,76.97999999999999,ilhabela
18470,housewares,76.96,porto feliz
18471,housewares,76.96,matias barbosa
18472,food,76.96,catanduva
18473,fashion_bags_accessories,76.9,itapecerica da serra
18474,health_beauty,76.9,suzanapolis
18475,computers_accessories,76.9,iconha
18476,health_beauty,76.9,nova mutum
18477,bed_bath_table,76.9,restinga seca
18478,home_confort,76.9,pereiro
18479,electronics,76.9,sao gabriel
18480,market_place,76.9,santa helena
18481,computers_accessories,76.9,tapejara
18482,musical_instruments,76.9,santo andre
18483,,76.9,bady bassitt
18484,construction_tools_safety,76.9,gaspar
18485,home_confort,76.9,caraguatatuba
18486,market_place,76.9,curitibanos
18487,health_beauty,76.9,beberibe
18488,home_confort,76.9,barbacena
18489,computers_accessories,76.9,dois vizinhos
18490,housewares,76.9,caceres
18491,audio,76.89,boituva
18492,baby,76.89,sao joao del rei
18493,audio,76.89,ipojuca
18494,bed_bath_table,76.89,mafra
18495,auto,76.8,taruma
18496,furniture_decor,76.8,campo do brito
18497,furniture_decor,76.8,pombal
18498,furniture_decor,76.8,antonina do norte
18499,audio,76.8,novo hamburgo
18500,baby,76.59,rio manso
18501,housewares,76.5,francisco beltrao
18502,toys,76.5,mairinque
18503,housewares,76.5,anicuns
18504,toys,76.5,potirendaba
18505,bed_bath_table,76.5,severinia
18506,auto,76.49,porangaba
18507,sports_leisure,76.44999999999999,cornelio procopio
18508,computers_accessories,76.25,brasilandia de minas
18509,computers_accessories,76.25,paraty
18510,housewares,76.07,lajinha
18511,electronics,76.0,ferros
18512,diapers_and_hygiene,76.0,ubatuba
18513,bed_bath_table,76.0,carai
18514,sports_leisure,76.0,remanso
18515,industry_commerce_and_business,76.0,toledo
18516,agro_industry_and_commerce,76.0,itatiaia
18517,sports_leisure,76.0,alvarenga
18518,agro_industry_and_commerce,76.0,santa albertina
18519,telephony,76.0,alfredo chaves
18520,perfumery,75.99000000000001,extrema
18521,pet_shop,75.99,coxim
18522,bed_bath_table,75.99,papucaia
18523,cool_stuff,75.99,aracatu
18524,bed_bath_table,75.94,santa rita do passa quatro
18525,home_construction,75.9,bauru
18526,home_construction,75.9,urucuca
18527,home_construction,75.9,sertaozinho
18528,air_conditioning,75.9,castilho
18529,baby,75.9,cachoeiras de macacu
18530,housewares,75.9,sitio do quinto
18531,home_construction,75.9,itarare
18532,home_construction,75.9,nova prata
18533,signaling_and_security,75.9,veranopolis
18534,home_construction,75.9,jacarezinho
18535,toys,75.9,sapezal
18536,construction_tools_lights,75.9,sao pedro da aldeia
18537,health_beauty,75.9,cubati
18538,computers_accessories,75.9,castelo
18539,home_construction,75.9,tres pontas
18540,baby,75.9,cristais
18541,home_construction,75.9,cachoeira do sul
18542,home_construction,75.9,jacarei
18543,home_appliances,75.9,astorga
18544,stationery,75.9,sao mateus do maranhao
18545,housewares,75.89,farroupilha
18546,sports_leisure,75.89,santa cruz do sul
18547,fashion_bags_accessories,75.88,fernandopolis
18548,bed_bath_table,75.88,petrolina
18549,kitchen_dining_laundry_garden_furniture,75.8,indaial
18550,furniture_decor,75.8,estiva gerbi
18551,kitchen_dining_laundry_garden_furniture,75.8,morro agudo
18552,furniture_decor,75.8,formosa
18553,,75.77,cedral
18554,electronics,75.6,sacramento
18555,furniture_decor,75.6,bernardino de campos
18556,baby,75.53,mage
18557,electronics,75.5,muriae
18558,bed_bath_table,75.5,coronel fabriciano
18559,bed_bath_table,75.5,pinhalzinho
18560,fashion_bags_accessories,75.3,itaguacu
18561,bed_bath_table,75.27,pirapo
18562,toys,75.17,tres rios
18563,furniture_decor,75.0,peritiba
18564,furniture_mattress_and_upholstery,75.0,aracatuba
18565,furniture_decor,75.0,taio
18566,stationery,75.0,afogados da ingazeira
18567,luggage_accessories,75.0,frutal
18568,sports_leisure,75.0,canapolis
18569,furniture_decor,75.0,nepomuceno
18570,consoles_games,75.0,oliveira
18571,stationery,75.0,pouso alegre
18572,drinks,75.0,uberlandia
18573,furniture_mattress_and_upholstery,75.0,sao jose dos campos
18574,stationery,75.0,rodeio
18575,cool_stuff,75.0,carmo da mata
18576,housewares,75.0,campo alegre
18577,housewares,75.0,balneario picarras
18578,telephony,75.0,guatapara
18579,furniture_mattress_and_upholstery,75.0,ibate
18580,art,75.0,passos
18581,auto,75.0,orindiuva
18582,auto,75.0,poco verde
18583,construction_tools_lights,75.0,corumba
18584,telephony,75.0,silvania
18585,furniture_mattress_and_upholstery,75.0,duque de caxias
18586,furniture_decor,75.0,cicero dantas
18587,stationery,75.0,promissao
18588,furniture_decor,75.0,campina verde
18589,furniture_decor,75.0,guanhaes
18590,housewares,75.0,capinopolis
18591,furniture_mattress_and_upholstery,75.0,nova guataporanga
18592,consoles_games,75.0,itapeva
18593,consoles_games,75.0,eldorado do sul
18594,toys,75.0,balneario rincao
18595,,75.0,uibai
18596,audio,75.0,sao joao del rei
18597,furniture_decor,75.0,riachao do jacuipe
18598,housewares,75.0,jaraguari
18599,signaling_and_security,75.0,porto alegre
18600,cool_stuff,75.0,romaria
18601,furniture_decor,75.0,barro alto
18602,auto,75.0,alta floresta
18603,furniture_mattress_and_upholstery,75.0,sao jose
18604,furniture_mattress_and_upholstery,75.0,santos
18605,construction_tools_construction,75.0,felixlandia
18606,signaling_and_security,75.0,mossoro
18607,furniture_decor,75.0,xangri-la
18608,furniture_mattress_and_upholstery,75.0,belo horizonte
18609,furniture_living_room,75.0,divinopolis
18610,auto,75.0,jerico
18611,sports_leisure,74.99,inubia paulista
18612,furniture_living_room,74.99,jesuania
18613,fashion_bags_accessories,74.99,mostardas
18614,construction_tools_construction,74.99,vargem alegre
18615,sports_leisure,74.99,caninde
18616,sports_leisure,74.99,rodeio
18617,furniture_living_room,74.99,paraibuna
18618,furniture_living_room,74.99,barra dos coqueiros
18619,computers_accessories,74.99,dom cavati
18620,sports_leisure,74.99,piracaia
18621,sports_leisure,74.99,barao de cocais
18622,baby,74.99,santa monica
18623,fashion_bags_accessories,74.99,acopiara
18624,computers_accessories,74.99,pederneiras
18625,telephony,74.98,tambau
18626,health_beauty,74.98,bonito
18627,telephony,74.98,santo antonio do monte
18628,fashion_shoes,74.9,tacaratu
18629,fashion_shoes,74.9,sao jose da laje
18630,costruction_tools_garden,74.9,sao bernardo do campo
18631,costruction_tools_garden,74.9,praia grande
18632,health_beauty,74.9,sao jorge do patrocinio
18633,fashion_shoes,74.9,nacip raydan
18634,bed_bath_table,74.9,pedro ii
18635,perfumery,74.9,cornelio procopio
18636,furniture_decor,74.9,santo antonio do pinhal
18637,fashion_shoes,74.9,maringa
18638,furniture_decor,74.9,frei gaspar
18639,audio,74.9,niteroi
18640,costruction_tools_tools,74.9,conchal
18641,pet_shop,74.9,panambi
18642,auto,74.9,lagoa dos tres cantos
18643,books_general_interest,74.9,jau
18644,bed_bath_table,74.9,rio brilhante
18645,toys,74.9,torrinha
18646,auto,74.9,terra boa
18647,computers_accessories,74.9,chapadao do sul
18648,market_place,74.9,governador valadares
18649,bed_bath_table,74.9,vargem grande do sul
18650,fashion_shoes,74.9,porto acre
18651,computers_accessories,74.9,cordeiropolis
18652,musical_instruments,74.9,caraguatatuba
18653,computers_accessories,74.9,cassia dos coqueiros
18654,furniture_living_room,74.9,santa barbara d'oeste
18655,kitchen_dining_laundry_garden_furniture,74.9,itaquaquecetuba
18656,signaling_and_security,74.9,protasio alves
18657,kitchen_dining_laundry_garden_furniture,74.9,caete
18658,fashion_shoes,74.9,jacarei
18659,health_beauty,74.9,jaguarao
18660,furniture_decor,74.89,cruz alta
18661,sports_leisure,74.89,maracai
18662,stationery,74.89,varzea paulista
18663,cool_stuff,74.89,mogi mirim
18664,telephony,74.88,forquilhinha
18665,auto,74.85,sao pedro do ivai
18666,toys,74.8,monsenhor tabosa
18667,toys,74.8,maragogipe
18668,bed_bath_table,74.8,adustina
18669,,74.8,novo gama
18670,baby,74.8,ze doca
18671,bed_bath_table,74.8,corumbaiba
18672,furniture_decor,74.8,iguaracu
18673,toys,74.8,santo angelo
18674,dvds_blu_ray,74.69999999999999,alto alegre do iguacu
18675,watches_gifts,74.67,pindorama do tocantins
18676,housewares,74.59,monte siao
18677,sports_leisure,74.5,bom repouso
18678,stationery,74.5,jequie
18679,pet_shop,74.5,cosmopolis
18680,drinks,74.49,vila velha
18681,telephony,74.47999999999999,aracruz
18682,home_appliances,74.38,ouro branco
18683,consoles_games,74.2,itapecerica da serra
18684,home_construction,74.0,teodoro sampaio
18685,health_beauty,74.0,nova alvorada
18686,baby,74.0,maragogi
18687,industry_commerce_and_business,74.0,votorantim
18688,sports_leisure,73.98,rondon
18689,fashion_bags_accessories,73.9,adrianopolis
18690,furniture_decor,73.9,caibi
18691,computers_accessories,73.9,bom jesus da lapa
18692,construction_tools_construction,73.9,campo largo
18693,housewares,73.89,candido mota
18694,perfumery,73.87,ouro preto
18695,telephony,73.87,aracatuba
18696,musical_instruments,73.87,pedro leopoldo
18697,health_beauty,73.85,pirapora
18698,air_conditioning,73.8,santana de parnaiba
18699,auto,73.8,crato
18700,consoles_games,73.78999999999999,petropolis
18701,toys,73.76,cicero dantas
18702,electronics,73.64,atibaia
18703,fashion_bags_accessories,73.58,alfenas
18704,garden_tools,73.56,floriano
18705,baby,73.5,lajedo
18706,bed_bath_table,73.5,santa helena
18707,bed_bath_table,73.5,sao bento do una
18708,baby,73.5,altos
18709,telephony,73.5,tubarao
18710,cool_stuff,73.4,rio negrinho
18711,furniture_decor,73.35,euclides da cunha paulista
18712,furniture_decor,73.35,joselandia
18713,furniture_decor,73.35,dom silverio
18714,food_drink,73.3,frutal
18715,stationery,73.3,rio negrinho
18716,stationery,73.3,sorriso
18717,fashion_bags_accessories,73.1,laranjeiras do sul
18718,pet_shop,73.02,itapema
18719,watches_gifts,73.0,marituba
18720,stationery,73.0,santo antonio de padua
18721,cool_stuff,72.99,tucurui
18722,cool_stuff,72.99,serafina correa
18723,cool_stuff,72.99,morretes
18724,cool_stuff,72.99,piumhii
18725,furniture_living_room,72.99,hortolandia
18726,furniture_living_room,72.99,guapore
18727,cool_stuff,72.99,sao joao da barra
18728,furniture_living_room,72.99,teresopolis
18729,housewares,72.99,altamira
18730,cool_stuff,72.99,pedra do indaia
18731,cool_stuff,72.99,redencao
18732,cool_stuff,72.99,bom jesus da lapa
18733,housewares,72.99,correntina
18734,telephony,72.98,caete
18735,drinks,72.98,taboao da serra
18736,fixed_telephony,72.97999999999999,brasilia
18737,construction_tools_construction,72.94,nova europa
18738,market_place,72.9,sao joao do piaui
18739,musical_instruments,72.9,miracema
18740,bed_bath_table,72.9,itarema
18741,sports_leisure,72.9,panorama
18742,kitchen_dining_laundry_garden_furniture,72.9,rio pardo de minas
18743,computers_accessories,72.9,bananeiras
18744,bed_bath_table,72.9,rio maria
18745,furniture_decor,72.9,goiatuba
18746,costruction_tools_garden,72.9,osasco
18747,musical_instruments,72.9,paracambi
18748,musical_instruments,72.9,ibaiti
18749,luggage_accessories,72.9,urbano santos
18750,furniture_decor,72.9,cacaulandia
18751,furniture_decor,72.9,ivinhema
18752,bed_bath_table,72.9,taua
18753,luggage_accessories,72.9,mato rico
18754,bed_bath_table,72.9,queimadas
18755,costruction_tools_garden,72.9,penapolis
18756,costruction_tools_garden,72.9,taubate
18757,telephony,72.87,santa adelia
18758,furniture_decor,72.8,jales
18759,bed_bath_table,72.75,macambara
18760,sports_leisure,72.62,itapolis
18761,sports_leisure,72.62,arraial d ajuda
18762,luggage_accessories,72.58,paulista
18763,housewares,72.5,serra azul
18764,telephony,72.47999999999999,porto ferreira
18765,industry_commerce_and_business,72.4,teresina
18766,small_appliances,72.34,bambui
18767,garden_tools,72.2,salobro
18768,sports_leisure,72.0,malacacheta
18769,kitchen_dining_laundry_garden_furniture,72.0,dracena
18770,kitchen_dining_laundry_garden_furniture,72.0,londrina
18771,housewares,72.0,guaraniacu
18772,sports_leisure,72.0,matoes
18773,housewares,72.0,canela
18774,computers_accessories,72.0,urai
18775,health_beauty,72.0,cameta
18776,computers_accessories,72.0,mafra
18777,computers_accessories,72.0,oscar bressane
18778,sports_leisure,72.0,sao joao da barra
18779,construction_tools_construction,72.0,canhotinho
18780,consoles_games,72.0,catuipe
18781,electronics,72.0,jose de freitas
18782,bed_bath_table,72.0,sao domingos
18783,housewares,72.0,catu
18784,bed_bath_table,71.98,colider
18785,telephony,71.98,guaxupe
18786,food_drink,71.98,uberaba
18787,toys,71.96,araripina
18788,fashion_male_clothing,71.95,ponte nova
18789,luggage_accessories,71.9,itapecerica
18790,computers_accessories,71.9,votuporanga
18791,computers_accessories,71.9,termas de ibira
18792,market_place,71.9,lorena
18793,housewares,71.9,pirassununga
18794,auto,71.89,treze tilias
18795,construction_tools_construction,71.85,florianopolis
18796,fashion_shoes,71.82,santos
18797,fashion_shoes,71.82,porecatu
18798,fashion_shoes,71.82,diogo de vasconcelos
18799,fashion_shoes,71.82,lajedo
18800,fashion_shoes,71.82,bastos
18801,fashion_shoes,71.82,arraial do cabo
18802,fashion_shoes,71.82,ipaba
18803,fashion_shoes,71.82,sao jose do rio preto
18804,fashion_shoes,71.82,palmeira dos indios
18805,air_conditioning,71.8,cuiaba
18806,fashion_shoes,71.8,piracicaba
18807,home_appliances,71.8,quedas do iguacu
18808,baby,71.8,monte belo
18809,health_beauty,71.64,capivari
18810,electronics,71.62,tres rios
18811,construction_tools_construction,71.5,ubatuba
18812,housewares,71.4,santana
18813,computers_accessories,71.4,goianinha
18814,books_general_interest,71.35,cianorte
18815,electronics,71.35,paulinia
18816,small_appliances,71.32,japeri
18817,home_appliances,71.3,sete lagoas
18818,health_beauty,71.3,ribeira
18819,home_appliances,71.2,sao lourenco
18820,toys,71.1,osvaldo cruz
18821,housewares,71.0,batatais
18822,auto,71.0,mari
18823,housewares,71.0,cunha
18824,housewares,71.0,bady bassitt
18825,perfumery,70.98,itupeva
18826,perfumery,70.98,sao goncalo do amarante
18827,toys,70.97,ponte nova
18828,toys,70.97,biguacu
18829,housewares,70.97,ivaipora
18830,toys,70.97,carandai
18831,toys,70.97,patrocinio
18832,telephony,70.9,presidente dutra
18833,musical_instruments,70.9,goiania
18834,telephony,70.9,conceicao do coite
18835,telephony,70.9,muzambinho
18836,cool_stuff,70.9,alcinopolis
18837,telephony,70.9,maragogi
18838,sports_leisure,70.9,capao bonito
18839,telephony,70.9,santana
18840,computers_accessories,70.89,salesopolis
18841,stationery,70.89,manhuacu
18842,telephony,70.88,vassouras
18843,auto,70.8,abaetetuba
18844,baby,70.5,mogi mirim
18845,food_drink,70.5,parnamirim
18846,food,70.47,rio bananal
18847,food,70.47,itatiba
18848,food,70.47,aparecida
18849,food,70.47,planaltina
18850,furniture_decor,70.0,dionisio cerqueira
18851,computers_accessories,70.0,rio acima
18852,food,70.0,umuarama
18853,auto,70.0,guarabira
18854,furniture_decor,70.0,pirapozinho
18855,books_technical,70.0,sananduva
18856,computers_accessories,70.0,ituverava
18857,auto,70.0,bom retiro
18858,furniture_decor,70.0,piritiba
18859,baby,70.0,goitacazes
18860,garden_tools,70.0,pecanha
18861,industry_commerce_and_business,70.0,sao joao del rei
18862,musical_instruments,70.0,itu
18863,furniture_decor,70.0,pilar do sul
18864,musical_instruments,70.0,barueri
18865,bed_bath_table,70.0,maua da serra
18866,computers_accessories,70.0,cafelandia
18867,furniture_decor,70.0,mandaguari
18868,bed_bath_table,70.0,riacho dos machados
18869,health_beauty,70.0,agudos
18870,fixed_telephony,70.0,conchas
18871,art,70.0,panambi
18872,furniture_decor,70.0,posse
18873,furniture_decor,70.0,pinhao
18874,furniture_decor,70.0,sao gabriel do oeste
18875,furniture_decor,70.0,tibagi
18876,furniture_decor,70.0,itobi
18877,furniture_decor,70.0,pedra azul
18878,furniture_decor,70.0,taquarucu do sul
18879,auto,70.0,santo antonio de padua
18880,auto,70.0,barrolandia
18881,kitchen_dining_laundry_garden_furniture,70.0,tupa
18882,baby,70.0,nova londrina
18883,health_beauty,69.99000000000001,querencia
18884,toys,69.99,anaurilandia
18885,cool_stuff,69.99,faxinal
18886,consoles_games,69.99,itamari
18887,computers_accessories,69.99,alvares machado
18888,telephony,69.99,alambari
18889,signaling_and_security,69.99,itapolis
18890,auto,69.99,guabiruba
18891,auto,69.99,capelinha
18892,art,69.99,araras
18893,furniture_living_room,69.99,maceio
18894,art,69.99,porto seguro
18895,baby,69.99,nova russas
18896,cool_stuff,69.99,luis antonio
18897,furniture_decor,69.99,pedras de fogo
18898,telephony,69.99,escada
18899,art,69.99,valinhos
18900,cool_stuff,69.99,ritapolis
18901,toys,69.99,itapura
18902,health_beauty,69.99,flores da cunha
18903,art,69.99,piedade de caratinga
18904,auto,69.99,cipo-guacu
18905,furniture_living_room,69.99,juripiranga
18906,consoles_games,69.99,comendador levy gasparian
18907,food_drink,69.99,macau
18908,toys,69.99,sao francisco do sul
18909,furniture_living_room,69.99,volta redonda
18910,bed_bath_table,69.99,mariluz
18911,housewares,69.99,maripa
18912,furniture_living_room,69.99,niquelandia
18913,auto,69.99,sao gabriel
18914,toys,69.99,sao joao de iracema
18915,cool_stuff,69.99,tupaciguara
18916,bed_bath_table,69.99,entre rios de minas
18917,toys,69.99,guaranta do norte
18918,fashion_bags_accessories,69.99,sao sebastiao do maranhao
18919,,69.99,alegre
18920,,69.99,primeiro de maio
18921,toys,69.99,santo cristo
18922,bed_bath_table,69.99,ravena
18923,cool_stuff,69.99,vera cruz
18924,bed_bath_table,69.99,itanhanga
18925,art,69.99,sao jose dos pinhais
18926,cool_stuff,69.99,agudos
18927,furniture_living_room,69.99,americana
18928,cool_stuff,69.99,carmo do rio claro
18929,toys,69.99,maurilandia
18930,art,69.99,varzea grande
18931,fashion_bags_accessories,69.99,ijui
18932,toys,69.99,barra do corda
18933,toys,69.99,verissimo
18934,food_drink,69.98,fernando prestes
18935,fashion_bags_accessories,69.98,piraquara
18936,perfumery,69.98,divinolandia de minas
18937,computers_accessories,69.98,juazeiro do norte
18938,perfumery,69.98,americo brasiliense
18939,baby,69.98,barra velha
18940,office_furniture,69.98,ourinhos
18941,telephony,69.98,canoinhas
18942,fixed_telephony,69.98,itabaiana
18943,telephony,69.97,conselheiro lafaiete
18944,construction_tools_safety,69.95,diadema
18945,consoles_games,69.9,pereira barreto
18946,bed_bath_table,69.9,crixas
18947,health_beauty,69.9,ibimirim
18948,auto,69.9,piratini
18949,sports_leisure,69.9,mirinzal
18950,furniture_decor,69.9,perdoes
18951,health_beauty,69.9,ipora do oeste
18952,baby,69.9,sapezal
18953,sports_leisure,69.9,guapore
18954,christmas_supplies,69.9,itapetininga
18955,furniture_decor,69.9,barao de cocais
18956,furniture_decor,69.9,taquarituba
18957,bed_bath_table,69.9,santa helena de goias
18958,fashion_male_clothing,69.9,telemaco borba
18959,fashion_bags_accessories,69.9,santa vitoria
18960,furniture_decor,69.9,gurupi
18961,bed_bath_table,69.9,osorio
18962,auto,69.9,catas altas
18963,sports_leisure,69.9,aracati
18964,home_appliances,69.9,itaquaquecetuba
18965,party_supplies,69.9,jaguariuna
18966,sports_leisure,69.9,araponga
18967,stationery,69.9,portao
18968,sports_leisure,69.9,quadra
18969,auto,69.9,urbano santos
18970,furniture_decor,69.9,jacinto machado
18971,food_drink,69.9,caraguatatuba
18972,auto,69.9,nova esperanca
18973,electronics,69.9,conceicao do mato dentro
18974,toys,69.9,esmeraldas
18975,home_appliances,69.9,resende
18976,sports_leisure,69.9,papucaia
18977,home_appliances,69.9,ilhabela
18978,fashion_bags_accessories,69.9,sousa
18979,furniture_decor,69.9,jardim
18980,auto,69.9,imbituva
18981,fashion_shoes,69.9,feira nova
18982,tablets_printing_image,69.9,jundiai
18983,toys,69.9,viamao
18984,furniture_decor,69.9,santa maria de itabira
18985,construction_tools_construction,69.9,pocoes de paineiras
18986,health_beauty,69.9,ipaba
18987,health_beauty,69.9,bom jardim de minas
18988,furniture_decor,69.9,campos borges
18989,sports_leisure,69.9,laranja da terra
18990,perfumery,69.9,nova prata do iguacu
18991,perfumery,69.9,santa branca
18992,housewares,69.9,minacu
18993,baby,69.9,florida
18994,furniture_decor,69.9,formosa do oeste
18995,furniture_decor,69.9,goiana
18996,bed_bath_table,69.9,urai
18997,stationery,69.9,camacari
18998,toys,69.9,nazare paulista
18999,consoles_games,69.9,crixas
19000,consoles_games,69.9,ouro fino
19001,furniture_decor,69.9,coronel martins
19002,sports_leisure,69.9,engenheiro coelho
19003,furniture_decor,69.9,palmital
19004,perfumery,69.9,rio negrinho
19005,furniture_decor,69.9,itutinga
19006,auto,69.9,simoes filho
19007,bed_bath_table,69.9,santa vitoria
19008,perfumery,69.9,ilha de itamaraca
19009,bed_bath_table,69.9,santa adelia
19010,furniture_decor,69.9,sao luiz gonzaga
19011,sports_leisure,69.9,pereira barreto
19012,fashion_bags_accessories,69.9,monte mor
19013,christmas_supplies,69.9,cruzeiro do sul
19014,sports_leisure,69.9,sao lourenco do sul
19015,fashion_male_clothing,69.9,itapecerica da serra
19016,musical_instruments,69.9,apiaca
19017,cool_stuff,69.9,paulo afonso
19018,pet_shop,69.9,moeda
19019,furniture_decor,69.9,oliveira
19020,furniture_decor,69.9,visconde do rio branco
19021,market_place,69.9,goncalves
19022,furniture_decor,69.9,itabera
19023,home_appliances,69.9,sao francisco do gloria
19024,furniture_decor,69.9,aracitaba
19025,sports_leisure,69.9,jacui
19026,computers_accessories,69.9,itagi
19027,furniture_decor,69.9,nazario
19028,bed_bath_table,69.9,virgem da lapa
19029,christmas_supplies,69.9,ministro andreazza
19030,small_appliances,69.9,santa barbara d'oeste
19031,perfumery,69.9,coroaci
19032,stationery,69.9,palmitinho
19033,bed_bath_table,69.9,mirandiba
19034,housewares,69.9,engenheiro coelho
19035,sports_leisure,69.9,balneario pinhal
19036,computers_accessories,69.9,bataguassu
19037,auto,69.9,morro do pilar
19038,auto,69.9,mostardas
19039,baby,69.9,chapadao do sul
19040,cool_stuff,69.9,macuco
19041,housewares,69.9,penha
19042,home_appliances,69.9,belem
19043,musical_instruments,69.9,pontal
19044,perfumery,69.9,corupa
19045,fashion_male_clothing,69.9,niteroi
19046,health_beauty,69.9,aguas belas
19047,pet_shop,69.9,canoinhas
19048,furniture_decor,69.9,general salgado
19049,furniture_decor,69.9,itagiba
19050,home_appliances,69.9,campina verde
19051,furniture_decor,69.9,parauna
19052,fashion_sport,69.9,sao carlos
19053,sports_leisure,69.9,anita garibaldi
19054,furniture_decor,69.9,sao jose da coroa grande
19055,auto,69.9,peruibe
19056,housewares,69.9,butia
19057,furniture_decor,69.9,porto real
19058,party_supplies,69.9,guaratingueta
19059,baby,69.9,amparo
19060,bed_bath_table,69.9,david canabarro
19061,home_appliances,69.9,patos de minas
19062,furniture_decor,69.9,nova padua
19063,bed_bath_table,69.9,paraguacu
19064,bed_bath_table,69.9,mirante do paranapanema
19065,furniture_decor,69.9,reboucas
19066,bed_bath_table,69.9,espigao do oeste
19067,housewares,69.9,cajati
19068,sports_leisure,69.9,camocim
19069,cool_stuff,69.9,santa gertrudes
19070,perfumery,69.9,castanhal
19071,furniture_decor,69.9,getulina
19072,cool_stuff,69.9,nova canaa paulista
19073,fashion_sport,69.9,bauru
19074,furniture_decor,69.9,arinos
19075,furniture_decor,69.9,ecoporanga
19076,sports_leisure,69.9,coronel vivida
19077,furniture_decor,69.9,rubim
19078,toys,69.9,massaranduba
19079,musical_instruments,69.9,vila valerio
19080,fashion_bags_accessories,69.9,registro
19081,computers_accessories,69.9,medianeira
19082,furniture_decor,69.9,sao jeronimo
19083,fashion_sport,69.9,sao bernardo do campo
19084,furniture_decor,69.9,guarda-mor
19085,fashion_bags_accessories,69.9,jaguariaiva
19086,tablets_printing_image,69.9,mogi das cruzes
19087,toys,69.9,glaura
19088,bed_bath_table,69.9,piranhas
19089,bed_bath_table,69.9,penedo
19090,art,69.9,blumenau
19091,furniture_decor,69.9,monte carmelo
19092,home_appliances,69.9,manaus
19093,perfumery,69.9,angra dos reis
19094,computers_accessories,69.9,zortea
19095,consoles_games,69.9,itanhandu
19096,sports_leisure,69.9,santaluz
19097,bed_bath_table,69.9,embu
19098,bed_bath_table,69.9,sao sebastiao da boa vista
19099,tablets_printing_image,69.9,ribeirao pires
19100,fashion_underwear_beach,69.9,botucatu
19101,fashion_shoes,69.9,cajuru
19102,bed_bath_table,69.9,dumont
19103,bed_bath_table,69.9,luziania
19104,furniture_decor,69.9,anicuns
19105,bed_bath_table,69.9,sapucai-mirim
19106,fashion_underwear_beach,69.9,presidente prudente
19107,musical_instruments,69.9,ribeirao das neves
19108,furniture_decor,69.9,presidente getulio
19109,furniture_decor,69.9,itapipoca
19110,housewares,69.9,camocim
19111,housewares,69.9,cristina
19112,sports_leisure,69.9,potim
19113,sports_leisure,69.9,campo belo
19114,perfumery,69.9,sao borja
19115,furniture_decor,69.9,lagoa vermelha
19116,furniture_decor,69.9,pau dos ferros
19117,fashion_male_clothing,69.9,piracicaba
19118,toys,69.9,sao lourenco do sul
19119,furniture_decor,69.9,iguape
19120,musical_instruments,69.9,cajamar
19121,bed_bath_table,69.9,ipe
19122,furniture_decor,69.9,jeremoabo
19123,tablets_printing_image,69.9,salinas
19124,housewares,69.9,pacoti
19125,bed_bath_table,69.9,veranopolis
19126,construction_tools_construction,69.9,caratinga
19127,auto,69.9,morrinhos
19128,toys,69.9,monte alegre de minas
19129,sports_leisure,69.9,taiuva
19130,market_place,69.9,nova venecia
19131,sports_leisure,69.9,jacare
19132,sports_leisure,69.9,sete barras
19133,christmas_supplies,69.9,contagem
19134,stationery,69.9,conceicao de macabu
19135,stationery,69.9,papucaia
19136,furniture_decor,69.9,tres marias
19137,art,69.9,sao felix do xingu
19138,furniture_decor,69.9,macaubas
19139,construction_tools_construction,69.9,rondonopolis
19140,books_general_interest,69.9,feira de santana
19141,electronics,69.9,palmeira
19142,toys,69.9,vila reis
19143,health_beauty,69.9,boquira
19144,stationery,69.9,alegrete
19145,furniture_decor,69.9,tombos
19146,computers_accessories,69.9,crisolita
19147,sports_leisure,69.89,faxinal
19148,telephony,69.89,serrana
19149,stationery,69.89,barra de sao francisco
19150,telephony,69.89,alexania
19151,sports_leisure,69.89,indaial
19152,telephony,69.89,umuarama
19153,telephony,69.89,nova veneza
19154,health_beauty,69.88,iepe
19155,furniture_decor,69.88,terra rica
19156,books_general_interest,69.85,blumenau
19157,home_construction,69.81,onda verde
19158,fashion_bags_accessories,69.8,guariba
19159,fashion_shoes,69.8,bela vista de goias
19160,auto,69.8,neves paulista
19161,garden_tools,69.8,capitao leonidas marques
19162,auto,69.8,sao joao batista do gloria
19163,pet_shop,69.8,alvares florence
19164,fashion_bags_accessories,69.8,pedro leopoldo
19165,garden_tools,69.8,sao leopoldo
19166,health_beauty,69.8,iguaba grande
19167,garden_tools,69.8,cianorte
19168,computers_accessories,69.8,bayeux
19169,stationery,69.8,itarare
19170,,69.77,santa cruz do rio pardo
19171,,69.77,fazenda rio grande
19172,,69.77,paraguacu
19173,,69.77,sumare
19174,bed_bath_table,69.52,currais novos
19175,health_beauty,69.5,ecoporanga
19176,health_beauty,69.5,caetite
19177,stationery,69.5,astolfo dutra
19178,sports_leisure,69.49,ceres
19179,telephony,69.47999999999999,paragominas
19180,books_general_interest,69.45,gramado
19181,books_general_interest,69.45,taua
19182,fashion_underwear_beach,69.4,ribeirao das neves
19183,electronics,69.4,caceres
19184,small_appliances,69.4,sao carlos
19185,housewares,69.36,pilar do sul
19186,fashion_bags_accessories,69.3,colombo
19187,,69.22,bage
19188,bed_bath_table,69.2,sao joao da barra
19189,bed_bath_table,69.2,santa branca
19190,bed_bath_table,69.2,patrocinio paulista
19191,bed_bath_table,69.2,ipumirim
19192,home_appliances,69.06,ferraz de vasconcelos
19193,pet_shop,69.0,catanduvas
19194,bed_bath_table,69.0,sao tiago
19195,stationery,69.0,encruzilhada do sul
19196,computers_accessories,69.0,divinolandia
19197,computers_accessories,69.0,matozinhos
19198,stationery,69.0,imigrante
19199,furniture_decor,69.0,tiradentes
19200,housewares,69.0,ribeirao do pinhal
19201,stationery,69.0,campo ere
19202,consoles_games,69.0,aimores
19203,bed_bath_table,69.0,monte alegre do sul
19204,christmas_supplies,69.0,guajara-mirim
19205,watches_gifts,69.0,cavalcante
19206,computers_accessories,69.0,pires do rio
19207,small_appliances,69.0,natal
19208,small_appliances,69.0,sumare
19209,industry_commerce_and_business,69.0,recife
19210,small_appliances,69.0,simao dias
19211,stationery,69.0,santana do paraiso
19212,fashion_bags_accessories,69.0,picos
19213,stationery,69.0,sao goncalo do rio abaixo
19214,small_appliances,69.0,vicosa
19215,stationery,69.0,mesquita
19216,computers_accessories,69.0,seabra
19217,fashion_bags_accessories,69.0,ibitinga
19218,bed_bath_table,69.0,sao bento
19219,small_appliances,69.0,pederneiras
19220,industry_commerce_and_business,69.0,palmas
19221,baby,69.0,taquaracu de minas
19222,,69.0,campina grande
19223,fashion_bags_accessories,69.0,tupaciguara
19224,cine_photo,69.0,campo limpo paulista
19225,sports_leisure,69.0,ipameri
19226,fashion_bags_accessories,69.0,coronel macedo
19227,watches_gifts,69.0,igarape-acu
19228,housewares,69.0,virgem da lapa
19229,health_beauty,69.0,soledade de minas
19230,bed_bath_table,69.0,parauna
19231,sports_leisure,69.0,alto boa vista
19232,fashion_bags_accessories,69.0,santo angelo
19233,housewares,69.0,mirassol
19234,furniture_living_room,69.0,bage
19235,small_appliances,69.0,italva
19236,fashion_bags_accessories,69.0,sao miguel do tapuio
19237,fashion_bags_accessories,69.0,paicandu
19238,industry_commerce_and_business,69.0,tatui
19239,health_beauty,69.0,altinopolis
19240,perfumery,69.0,santa rita do sapucai
19241,consoles_games,69.0,santarem
19242,sports_leisure,69.0,jacarezinho
19243,toys,69.0,sume
19244,stationery,69.0,tubarao
19245,computers_accessories,69.0,avelar
19246,,69.0,alvorada
19247,luggage_accessories,69.0,nossa senhora do remedio
19248,fashion_bags_accessories,69.0,mogi mirim
19249,sports_leisure,69.0,anhandui
19250,small_appliances,69.0,leopoldina
19251,bed_bath_table,69.0,santo anastacio
19252,construction_tools_construction,69.0,cascalho rico
19253,fashion_bags_accessories,69.0,capelinha
19254,computers_accessories,68.99,viamao
19255,stationery,68.99,pinhalzinho
19256,health_beauty,68.99,lagoa de sao francisco
19257,consoles_games,68.99,itaiopolis
19258,telephony,68.97999999999999,igrejinha
19259,bed_bath_table,68.9,barra do corda
19260,sports_leisure,68.9,picos
19261,auto,68.9,ilhabela
19262,watches_gifts,68.9,sinimbu
19263,telephony,68.9,santo antonio de posse
19264,furniture_decor,68.9,avanhandava
19265,cool_stuff,68.9,ibira
19266,furniture_decor,68.9,itapetinga
19267,toys,68.9,itaituba
19268,home_construction,68.9,novo gama
19269,baby,68.9,presidente prudente
19270,sports_leisure,68.9,morro agudo
19271,furniture_living_room,68.9,carapicuiba
19272,garden_tools,68.9,italva
19273,cool_stuff,68.9,monte azul paulista
19274,agro_industry_and_commerce,68.85,porto alegre
19275,market_place,68.8,leopoldina
19276,pet_shop,68.8,osorio
19277,small_appliances,68.7,piquete
19278,housewares,68.65,arcos
19279,bed_bath_table,68.5,monte carlo
19280,food_drink,68.3,catanduva
19281,garden_tools,68.26,nova russas
19282,electronics,68.1,santa cruz do sul
19283,stationery,68.0,mimoso do sul
19284,toys,68.0,parai
19285,furniture_living_room,68.0,cotia
19286,small_appliances,68.0,sideropolis
19287,furniture_decor,68.0,agudos
19288,housewares,68.0,petrolina
19289,stationery,68.0,maurilandia
19290,baby,68.0,miguel pereira
19291,housewares,68.0,utinga
19292,sports_leisure,68.0,correia pinto
19293,construction_tools_construction,68.0,bento goncalves
19294,books_general_interest,68.0,criciuma
19295,watches_gifts,68.0,cruz alta
19296,stationery,68.0,feliz
19297,furniture_decor,68.0,guaranesia
19298,furniture_living_room,68.0,foz do iguacu
19299,books_general_interest,67.99000000000001,governador valadares
19300,computers_accessories,67.99,lagarto
19301,fashion_bags_accessories,67.99,mineiros
19302,fashion_bags_accessories,67.99,para de minas
19303,auto,67.99,ilha dos valadares
19304,bed_bath_table,67.99,general salgado
19305,construction_tools_construction,67.98,catanduva
19306,books_general_interest,67.98,itaquaquecetuba
19307,telephony,67.98,campina grande
19308,telephony,67.97,agudos
19309,party_supplies,67.9,jaguarao
19310,sports_leisure,67.9,caxambu
19311,kitchen_dining_laundry_garden_furniture,67.9,praia grande
19312,books_technical,67.9,sao bernardo do campo
19313,party_supplies,67.9,monte alto
19314,cool_stuff,67.9,cachoeira de minas
19315,kitchen_dining_laundry_garden_furniture,67.9,cajobi
19316,telephony,67.9,cameta
19317,health_beauty,67.9,candido de abreu
19318,sports_leisure,67.9,sao fidelis
19319,furniture_decor,67.9,casca
19320,watches_gifts,67.9,campina verde
19321,health_beauty,67.9,hidrolina
19322,party_supplies,67.9,sao goncalo
19323,computers_accessories,67.89,itamonte
19324,telephony,67.89,itapira
19325,fixed_telephony,67.89,maceio
19326,food,67.8,lapa
19327,food,67.8,sao fidelis
19328,construction_tools_construction,67.8,divinopolis
19329,food,67.8,brotas
19330,auto,67.8,palestina
19331,,67.78999999999999,itapevi
19332,market_place,67.72999999999999,maua
19333,agro_industry_and_commerce,67.7,cachoeira paulista
19334,housewares,67.7,sao jose do barreiro
19335,electronics,67.7,saquarema
19336,bed_bath_table,67.69999999999999,itabuna
19337,garden_tools,67.6,santa ines
19338,home_appliances,67.5,pirapora do bom jesus
19339,electronics,67.5,santa isabel
19340,pet_shop,67.5,jacarezinho
19341,pet_shop,67.49000000000001,para de minas
19342,sports_leisure,67.49,gravatal
19343,electronics,67.3,unai
19344,books_general_interest,67.2,pelotas
19345,christmas_supplies,67.2,pelotas
19346,food,67.14,araras
19347,bed_bath_table,67.1,valao do barro
19348,baby,67.0,coqueiro baixo
19349,consoles_games,67.0,turmalina
19350,computers_accessories,67.0,ponta pora
19351,auto,67.0,tijucas
19352,sports_leisure,67.0,jucurutu
19353,consoles_games,67.0,itaperuna
19354,housewares,67.0,valenca do piaui
19355,housewares,67.0,varzea da palma
19356,sports_leisure,67.0,conselheiro mairinck
19357,auto,66.99,piuma
19358,health_beauty,66.99,ribeirao claro
19359,drinks,66.98,mesquita
19360,health_beauty,66.98,mallet
19361,telephony,66.98,pacaja
19362,telephony,66.98,santiago
19363,fashion_bags_accessories,66.9,quirinopolis
19364,fashion_bags_accessories,66.9,conselheiro pena
19365,furniture_decor,66.9,pedra bela
19366,health_beauty,66.9,iguape
19367,,66.9,rio branco
19368,sports_leisure,66.9,costa rica
19369,auto,66.89,estreito
19370,watches_gifts,66.89,sao manuel
19371,,66.8,cabo frio
19372,computers_accessories,66.8,monte alto
19373,health_beauty,66.8,sabara
19374,home_appliances,66.7,quirinopolis
19375,bed_bath_table,66.55,triunfo
19376,stationery,66.5,forquilha
19377,health_beauty,66.49,rubiataba
19378,food,66.39,ituiutaba
19379,food,66.39,rio verde
19380,health_beauty,66.39,itaberaba
19381,pet_shop,66.1,sao joao da boa vista
19382,drinks,66.0,rio doce
19383,auto,66.0,bento goncalves
19384,furniture_decor,66.0,vitoria de santo antao
19385,housewares,66.0,maracana
19386,cool_stuff,65.99,igaracu do tiete
19387,pet_shop,65.99,angicos
19388,computers_accessories,65.99,sao miguel do guama
19389,cool_stuff,65.99,barra de sao francisco
19390,pet_shop,65.99,teixeira de freitas
19391,pet_shop,65.99,cordeiro
19392,cool_stuff,65.99,itaqui
19393,auto,65.99,paragominas
19394,cool_stuff,65.99,planaltina
19395,cool_stuff,65.99,ibaiti
19396,cool_stuff,65.99,tucunduva
19397,pet_shop,65.99,avanhandava
19398,furniture_decor,65.98,nao-me-toque
19399,computers_accessories,65.98,teutonia
19400,telephony,65.98,mata de sao joao
19401,telephony,65.98,altamira
19402,furniture_decor,65.98,pains
19403,telephony,65.98,bom despacho
19404,telephony,65.98,picos
19405,telephony,65.97,rio grande
19406,telephony,65.95,francisco morato
19407,bed_bath_table,65.9,bertopolis
19408,computers_accessories,65.9,santo inacio
19409,bed_bath_table,65.9,itabaiana
19410,musical_instruments,65.9,lauro de freitas
19411,bed_bath_table,65.9,boituva
19412,furniture_decor,65.9,sao francisco
19413,home_construction,65.9,tres lagoas
19414,books_technical,65.9,jaboatao dos guararapes
19415,stationery,65.9,sao gotardo
19416,musical_instruments,65.9,ouro preto
19417,garden_tools,65.9,conselheiro pena
19418,sports_leisure,65.9,belo vale
19419,computers_accessories,65.9,itapissuma
19420,musical_instruments,65.9,getulio vargas
19421,computers_accessories,65.9,riachinho
19422,bed_bath_table,65.9,itapitanga
19423,home_construction,65.9,jaboticabal
19424,computers_accessories,65.9,campina verde
19425,fashio_female_clothing,65.9,votuporanga
19426,books_general_interest,65.9,niteroi
19427,musical_instruments,65.9,gravata
19428,sports_leisure,65.9,alto santo
19429,furniture_decor,65.9,taruma
19430,bed_bath_table,65.9,ananindeua
19431,sports_leisure,65.9,sao roque de minas
19432,consoles_games,65.9,tubarao
19433,musical_instruments,65.9,cruz das almas
19434,home_appliances,65.9,ibirite
19435,fashion_shoes,65.8,sao bernardo do campo
19436,toys,65.8,camaqua
19437,sports_leisure,65.8,chapadao do ceu
19438,small_appliances,65.8,limeira
19439,books_general_interest,65.8,palhoca
19440,home_appliances,65.8,sao mateus do sul
19441,home_appliances,65.8,ituporanga
19442,sports_leisure,65.6,capitao eneas
19443,health_beauty,65.5,sao francisco de itabapoana
19444,computers_accessories,65.5,bom conselho
19445,consoles_games,65.44,sao jose do rio pardo
19446,sports_leisure,65.43,sao lourenco da mata
19447,market_place,65.0,castelo
19448,cool_stuff,65.0,pindoba
19449,housewares,65.0,itaguacu
19450,books_technical,65.0,congonhas
19451,market_place,65.0,igrejinha
19452,food_drink,65.0,ze doca
19453,toys,65.0,caturama
19454,sports_leisure,65.0,bezerros
19455,furniture_decor,65.0,tres pontas
19456,baby,65.0,tres pontas
19457,garden_tools,65.0,irece
19458,health_beauty,65.0,roseira
19459,sports_leisure,65.0,paraiso
19460,drinks,65.0,visconde do rio branco
19461,baby,65.0,abaete
19462,construction_tools_safety,65.0,criciuma
19463,books_technical,65.0,mariana
19464,cds_dvds_musicals,65.0,jundiai
19465,audio,65.0,colina
19466,sports_leisure,65.0,antonina
19467,computers_accessories,65.0,serra negra
19468,construction_tools_safety,65.0,amparo
19469,fashio_female_clothing,65.0,londrina
19470,auto,65.0,jacunda
19471,cool_stuff,65.0,balsas
19472,perfumery,65.0,serra dos dourados
19473,fashion_male_clothing,65.0,sarandi
19474,watches_gifts,65.0,coronel vivida
19475,sports_leisure,65.0,mambore
19476,fashion_bags_accessories,65.0,cocal
19477,perfumery,65.0,pimenteiras
19478,books_imported,65.0,belo horizonte
19479,watches_gifts,65.0,pindobacu
19480,health_beauty,65.0,vale real
19481,cds_dvds_musicals,65.0,imperatriz
19482,electronics,65.0,barra do mendes
19483,furniture_decor,65.0,cantagalo
19484,watches_gifts,65.0,jaguaruna
19485,computers_accessories,65.0,goncalves dias
19486,stationery,65.0,ibiuna
19487,books_technical,65.0,parnamirim
19488,computers_accessories,65.0,morada nova
19489,electronics,65.0,ribeiropolis
19490,health_beauty,64.99,estiva gerbi
19491,perfumery,64.99,afonso claudio
19492,toys,64.99,almenara
19493,health_beauty,64.99,chapadao do sul
19494,health_beauty,64.99,carmopolis
19495,health_beauty,64.99,parana
19496,fashion_sport,64.99,ipiau
19497,baby,64.99,casimiro de abreu
19498,cool_stuff,64.99,bom jardim
19499,housewares,64.99,crixas
19500,toys,64.99,jequie
19501,health_beauty,64.99,guapiara
19502,health_beauty,64.99,aurora
19503,health_beauty,64.99,alianca
19504,health_beauty,64.99,vila dos cabanos
19505,sports_leisure,64.99,pirenopolis
19506,toys,64.99,para de minas
19507,housewares,64.99,dracena
19508,toys,64.99,registro
19509,health_beauty,64.99,anta
19510,baby,64.99,conceicao do mato dentro
19511,cool_stuff,64.99,papucaia
19512,health_beauty,64.99,taquaritinga do norte
19513,telephony,64.98,cangucu
19514,baby,64.9,gramado
19515,baby,64.9,campo verde
19516,stationery,64.9,pinhao
19517,cool_stuff,64.9,aracariguama
19518,fashion_bags_accessories,64.9,lajeado
19519,construction_tools_construction,64.9,rio claro
19520,baby,64.9,sao joao da boa vista
19521,computers_accessories,64.9,conceicao do castelo
19522,baby,64.9,joao monlevade
19523,computers_accessories,64.9,parati
19524,toys,64.9,barras
19525,stationery,64.9,rancharia
19526,industry_commerce_and_business,64.9,teresopolis
19527,computers_accessories,64.9,santa rita do araguaia
19528,baby,64.9,sao joao
19529,toys,64.9,holambra ii
19530,construction_tools_construction,64.9,santa barbara d'oeste
19531,kitchen_dining_laundry_garden_furniture,64.9,uberlandia
19532,fashio_female_clothing,64.9,turvolandia
19533,computers_accessories,64.9,vitoria do mearim
19534,bed_bath_table,64.9,laranjal paulista
19535,sports_leisure,64.9,torrinha
19536,fashio_female_clothing,64.9,ipiau
19537,baby,64.9,urupes
19538,auto,64.9,agua santa
19539,health_beauty,64.9,armazem
19540,toys,64.9,mendes
19541,cool_stuff,64.9,santa juliana
19542,toys,64.9,francisco sa
19543,books_general_interest,64.9,loanda
19544,stationery,64.9,itaobim
19545,cool_stuff,64.9,belo campo
19546,stationery,64.9,vilhena
19547,fashion_bags_accessories,64.9,navegantes
19548,stationery,64.9,holambra
19549,fashion_male_clothing,64.9,saquarema
19550,stationery,64.9,irai de minas
19551,fashion_bags_accessories,64.9,votuporanga
19552,,64.9,limeira
19553,furniture_decor,64.9,parapua
19554,fashion_bags_accessories,64.9,tres coracoes
19555,fashion_bags_accessories,64.9,nova europa
19556,baby,64.89,pato branco
19557,fashion_bags_accessories,64.89,marituba
19558,fashion_bags_accessories,64.89,chapadinha
19559,dvds_blu_ray,64.89,belo horizonte
19560,baby,64.89,novo horizonte
19561,telephony,64.89,canaa dos carajas
19562,baby,64.89,nanuque
19563,telephony,64.89,guararapes
19564,baby,64.89,rolandia
19565,telephony,64.88,cafelandia
19566,auto,64.8,guararapes
19567,computers_accessories,64.8,rinopolis
19568,computers_accessories,64.8,pojuca
19569,telephony,64.8,registro
19570,auto,64.8,pato bragado
19571,flowers,64.8,rio de janeiro
19572,auto,64.8,nova bandeirantes
19573,auto,64.8,dourados
19574,sports_leisure,64.8,taguai
19575,auto,64.8,costa rica
19576,auto,64.8,altinopolis
19577,health_beauty,64.78,anchieta
19578,home_appliances,64.6,limeira
19579,food_drink,64.6,belem
19580,food_drink,64.5,londrina
19581,electronics,64.5,capinopolis
19582,electronics,64.4,piranga
19583,consoles_games,64.4,francisco morato
19584,perfumery,64.0,farroupilha
19585,,64.0,jacarei
19586,pet_shop,64.0,esteio
19587,sports_leisure,64.0,balneario barra do sul
19588,small_appliances,64.0,porto seguro
19589,perfumery,64.0,sacramento
19590,construction_tools_construction,64.0,cerqueira cesar
19591,signaling_and_security,64.0,balneario camboriu
19592,small_appliances,64.0,santa rita do passa quatro
19593,health_beauty,64.0,matriz de camaragibe
19594,computers_accessories,63.99,sao jorge
19595,furniture_decor,63.99,frederico westphalen
19596,pet_shop,63.99,anapolis
19597,baby,63.99,itai
19598,housewares,63.99,perdizes
19599,electronics,63.9,itatiba
19600,computers_accessories,63.9,lauro muller
19601,kitchen_dining_laundry_garden_furniture,63.9,santa rosa de viterbo
19602,market_place,63.9,santana de parnaiba
19603,housewares,63.9,boa vista do gurupi
19604,kitchen_dining_laundry_garden_furniture,63.9,ribeirao preto
19605,kitchen_dining_laundry_garden_furniture,63.9,ferraz de vasconcelos
19606,food_drink,63.9,foz do iguacu
19607,housewares,63.9,estiva gerbi
19608,pet_shop,63.9,pacaembu
19609,bed_bath_table,63.9,sao goncalo do rio abaixo
19610,kitchen_dining_laundry_garden_furniture,63.9,lapa
19611,toys,63.9,cantagalo
19612,stationery,63.89,botucatu
19613,auto,63.89,jaboticabal
19614,fashion_bags_accessories,63.89,camaragibe
19615,telephony,63.879999999999995,jaboticabal
19616,costruction_tools_tools,63.8,marilia
19617,computers_accessories,63.8,anage
19618,computers_accessories,63.8,agua branca
19619,construction_tools_construction,63.8,guairaca
19620,sports_leisure,63.8,tupaciguara
19621,telephony,63.760000000000005,itaocara
19622,christmas_supplies,63.56,nova iguacu
19623,telephony,63.54,fernandopolis
19624,food,63.49,linhares
19625,sports_leisure,63.49,paranatinga
19626,stationery,63.0,guaramirim
19627,,63.0,taquarituba
19628,books_technical,63.0,betim
19629,stationery,63.0,trombudo central
19630,small_appliances,62.99,socorro
19631,cool_stuff,62.99,ruy barbosa
19632,cool_stuff,62.99,santa isabel
19633,telephony,62.980000000000004,lajeado
19634,telephony,62.980000000000004,sao miguel do oeste
19635,telephony,62.97,cachoeirinha
19636,telephony,62.959999999999994,rolim de moura
19637,auto,62.9,dracena
19638,computers_accessories,62.9,papanduva
19639,housewares,62.9,sao pedro
19640,stationery,62.9,mogi-guacu
19641,books_technical,62.9,pelotas
19642,market_place,62.9,aracati
19643,baby,62.9,nossa senhora do remedio
19644,perfumery,62.9,viana
19645,market_place,62.9,garruchos
19646,computers_accessories,62.89,terenos
19647,home_appliances,62.8,nova odessa
19648,market_place,62.8,santo antonio do monte
19649,market_place,62.8,novo sao joaquim
19650,market_place,62.8,palmas
19651,market_place,62.8,sao joao de meriti
19652,market_place,62.8,jau
19653,market_place,62.8,rio branco
19654,market_place,62.8,feira de santana
19655,home_appliances,62.8,sao leopoldo
19656,market_place,62.8,criciuma
19657,telephony,62.79,valparaiso de goias
19658,telephony,62.78999999999999,acreuna
19659,bed_bath_table,62.7,arvorezinha
19660,home_appliances,62.6,vargem grande paulista
19661,home_appliances,62.5,cachoeiras de macacu
19662,sports_leisure,62.5,chale
19663,fashion_bags_accessories,62.5,mafra
19664,telephony,62.49,santo cristo
19665,computers_accessories,62.48,sapiranga
19666,home_appliances,62.4,barrinha
19667,telephony,62.39,pelotas
19668,sports_leisure,62.34,ipigua
19669,fashion_bags_accessories,62.3,igarata
19670,electronics,62.3,candeias
19671,home_appliances,62.25,recife
19672,industry_commerce_and_business,62.21,bandeira
19673,computers_accessories,62.0,campos de julio
19674,electronics,62.0,campo largo
19675,fashion_underwear_beach,62.0,frutal
19676,stationery,62.0,navirai
19677,furniture_decor,62.0,imbe
19678,health_beauty,61.99,pedro velho
19679,furniture_decor,61.98,cachoeira paulista
19680,housewares,61.9,carazinho
19681,housewares,61.9,cachoeiras de macacu
19682,costruction_tools_tools,61.9,campinas
19683,baby,61.9,mossoro
19684,pet_shop,61.9,jaci
19685,home_appliances,61.9,planaltina
19686,pet_shop,61.9,marau
19687,computers_accessories,61.89,mongagua
19688,health_beauty,61.89,panelas
19689,health_beauty,61.8,tapera
19690,garden_tools,61.8,brotas
19691,fixed_telephony,61.8,votuporanga
19692,garden_tools,61.8,sao jose dos pinhais
19693,pet_shop,61.8,cruzeiro do oeste
19694,electronics,61.8,santo antonio do jacinto
19695,fashion_bags_accessories,61.78999999999999,cambui
19696,sports_leisure,61.7,ibipeba
19697,computers_accessories,61.65,promissao
19698,,61.599999999999994,dois vizinhos
19699,auto,61.5,piracanjuba
19700,auto,61.5,braco do norte
19701,industry_commerce_and_business,61.45,acreuna
19702,health_beauty,61.4,gaspar
19703,computers_accessories,61.4,jales
19704,furniture_decor,61.2,piquete
19705,bed_bath_table,61.0,potiragua
19706,books_general_interest,61.0,maceio
19707,auto,60.99,pontal
19708,small_appliances,60.98,divinopolis
19709,pet_shop,60.9,santa juliana
19710,pet_shop,60.9,cajazeiras
19711,housewares,60.9,vargem alta
19712,baby,60.9,catanduva
19713,telephony,60.89,santa maria de jetiba
19714,health_beauty,60.87,campo mourao
19715,stationery,60.8,timbo
19716,consoles_games,60.7,feira de santana
19717,bed_bath_table,60.5,tuparendi
19718,bed_bath_table,60.5,taiacu
19719,auto,60.3,vera cruz
19720,garden_tools,60.1,pontal
19721,housewares,60.08,ipiabas
19722,furniture_decor,60.0,inconfidentes
19723,furniture_decor,60.0,arroio do meio
19724,baby,60.0,forquilhinha
19725,bed_bath_table,60.0,pavao
19726,stationery,60.0,tucuma
19727,auto,60.0,acailandia
19728,sports_leisure,60.0,goianira
19729,sports_leisure,60.0,mozarlandia
19730,luggage_accessories,60.0,cambara
19731,sports_leisure,60.0,santa rita do passa quatro
19732,food_drink,60.0,teresopolis
19733,small_appliances_home_oven_and_coffee,60.0,caxias do sul
19734,food_drink,60.0,pinhais
19735,food_drink,60.0,taubate
19736,luggage_accessories,60.0,alem paraiba
19737,toys,60.0,sucesso
19738,diapers_and_hygiene,60.0,cornelio procopio
19739,home_appliances,60.0,campinorte
19740,fixed_telephony,60.0,barra do pirai
19741,diapers_and_hygiene,60.0,fortaleza
19742,baby,60.0,buritis
19743,diapers_and_hygiene,60.0,saquarema
19744,toys,60.0,guarapua
19745,garden_tools,60.0,frederico westphalen
19746,bed_bath_table,60.0,confresa
19747,consoles_games,60.0,paranagua
19748,sports_leisure,59.99,alto alegre
19749,consoles_games,59.99,carajas
19750,health_beauty,59.99,camacho
19751,watches_gifts,59.99,nossa senhora do socorro
19752,cool_stuff,59.99,guanhaes
19753,toys,59.99,candido mota
19754,consoles_games,59.99,sao joao
19755,pet_shop,59.99,arapoti
19756,cool_stuff,59.99,novo machado
19757,baby,59.99,maua da serra
19758,toys,59.99,cubati
19759,bed_bath_table,59.99,palestina
19760,fashion_bags_accessories,59.99,saquarema
19761,furniture_decor,59.99,itapecuru mirim
19762,bed_bath_table,59.99,colombia
19763,auto,59.99,cachoeira
19764,costruction_tools_tools,59.99,itatiba
19765,furniture_living_room,59.99,sao caetano do sul
19766,consoles_games,59.99,capinopolis
19767,pet_shop,59.99,aparecida
19768,baby,59.99,aracati
19769,health_beauty,59.99,extremoz
19770,cool_stuff,59.99,nova prata
19771,small_appliances,59.99,sertaozinho
19772,cool_stuff,59.99,cornelio procopio
19773,telephony,59.99,salto da divisa
19774,watches_gifts,59.99,joviania
19775,health_beauty,59.99,recreio
19776,watches_gifts,59.99,ribeiraozinho
19777,sports_leisure,59.99,catu
19778,cool_stuff,59.99,jacobina
19779,health_beauty,59.99,ibate
19780,furniture_living_room,59.99,sao jose dos pinhais
19781,pet_shop,59.99,lins
19782,health_beauty,59.99,chapada
19783,cool_stuff,59.99,tupa
19784,furniture_decor,59.99,goianira
19785,health_beauty,59.99,una
19786,pet_shop,59.99,senador modestino goncalves
19787,baby,59.99,iguaba grande
19788,pet_shop,59.99,morada nova
19789,home_appliances_2,59.99,mafra
19790,sports_leisure,59.99,jandaira
19791,furniture_living_room,59.99,ferraz de vasconcelos
19792,furniture_decor,59.99,papagaios
19793,baby,59.99,tres fronteiras
19794,baby,59.99,castanheira
19795,cool_stuff,59.99,juara
19796,furniture_decor,59.99,palmares do sul
19797,furniture_living_room,59.99,luis eduardo magalhaes
19798,toys,59.99,saudades
19799,cool_stuff,59.99,astolfo dutra
19800,housewares,59.989999999999995,biguacu
19801,telephony,59.980000000000004,tupancireta
19802,telephony,59.980000000000004,joao pinheiro
19803,telephony,59.980000000000004,pilao arcado
19804,watches_gifts,59.98,jundiai do sul
19805,toys,59.98,cambuquira
19806,housewares,59.98,aguas vermelhas
19807,telephony,59.98,itaituba
19808,telephony,59.98,arraial do cabo
19809,fashion_bags_accessories,59.98,salto
19810,telephony,59.98,sao borja
19811,telephony,59.98,santa vitoria do palmar
19812,telephony,59.98,bastos
19813,telephony,59.97,tres coracoes
19814,bed_bath_table,59.97,cardoso
19815,electronics,59.95,sao gabriel do oeste
19816,home_construction,59.95,monte mor
19817,musical_instruments,59.9,cubatao
19818,fashion_bags_accessories,59.9,altamira
19819,auto,59.9,arinos
19820,fashion_sport,59.9,teolandia
19821,auto,59.9,campo formoso
19822,auto,59.9,rio bonito do iguacu
19823,sports_leisure,59.9,fronteiras
19824,cool_stuff,59.9,monte alto
19825,fashion_sport,59.9,joinville
19826,cool_stuff,59.9,solonopole
19827,housewares,59.9,iguatama
19828,furniture_decor,59.9,sao joao evangelista
19829,fashion_underwear_beach,59.9,jacarezinho
19830,toys,59.9,ceu azul
19831,consoles_games,59.9,pinheiro machado
19832,garden_tools,59.9,gramado
19833,cool_stuff,59.9,lagoa dos patos
19834,garden_tools,59.9,crato
19835,sports_leisure,59.9,ipojuca
19836,auto,59.9,ventania
19837,garden_tools,59.9,serafina correa
19838,fashion_underwear_beach,59.9,centenario do sul
19839,garden_tools,59.9,uruguaiana
19840,housewares,59.9,ibia
19841,sports_leisure,59.9,itai
19842,fashion_underwear_beach,59.9,ilha solteira
19843,auto,59.9,itacurussa
19844,perfumery,59.9,guapore
19845,costruction_tools_garden,59.9,caico
19846,market_place,59.9,blumenau
19847,bed_bath_table,59.9,rio acima
19848,musical_instruments,59.9,uniao da vitoria
19849,garden_tools,59.9,oleo
19850,luggage_accessories,59.9,varzea paulista
19851,telephony,59.9,marechal candido rondon
19852,baby,59.9,veranopolis
19853,health_beauty,59.9,sao joao
19854,garden_tools,59.9,presidente venceslau
19855,garden_tools,59.9,rondonopolis
19856,bed_bath_table,59.9,sarutaia
19857,baby,59.9,garopaba
19858,fashion_bags_accessories,59.9,motuca
19859,stationery,59.9,valenca
19860,perfumery,59.9,rio grande da serra
19861,baby,59.9,diamantino
19862,telephony,59.9,urania
19863,musical_instruments,59.9,viamao
19864,musical_instruments,59.9,jales
19865,sports_leisure,59.9,trindade
19866,sports_leisure,59.9,coromandel
19867,telephony,59.9,nova petropolis
19868,furniture_decor,59.9,ararangua
19869,garden_tools,59.9,nossa senhora do socorro
19870,auto,59.9,cachoeira do sul
19871,fashion_male_clothing,59.9,carneirinho
19872,garden_tools,59.9,pinhotiba
19873,sports_leisure,59.9,estrela
19874,fashion_male_clothing,59.9,buriticupu
19875,toys,59.9,milha
19876,housewares,59.9,guaicara
19877,fashion_bags_accessories,59.9,coronel fabriciano
19878,garden_tools,59.9,toledo
19879,fashion_sport,59.9,ituporanga
19880,toys,59.9,diamantina
19881,stationery,59.9,aracaju
19882,garden_tools,59.9,nanuque
19883,auto,59.9,tamarana
19884,electronics,59.9,rosario do sul
19885,sports_leisure,59.9,maracaju
19886,construction_tools_construction,59.9,aluminio
19887,fashion_sport,59.9,atibaia
19888,fashion_bags_accessories,59.9,palmeira
19889,furniture_decor,59.9,paraisopolis
19890,garden_tools,59.9,bento goncalves
19891,bed_bath_table,59.9,rio negro
19892,fashion_underwear_beach,59.9,estrela do norte
19893,stationery,59.9,lagarto
19894,garden_tools,59.9,monte carmelo
19895,bed_bath_table,59.9,brasilandia
19896,garden_tools,59.9,miracema
19897,fashion_underwear_beach,59.9,varginha
19898,,59.9,pedreira
19899,garden_tools,59.9,palmares
19900,housewares,59.9,fatima
19901,garden_tools,59.9,sao gabriel
19902,garden_tools,59.9,fazenda nova
19903,health_beauty,59.9,batalha
19904,musical_instruments,59.9,lorena
19905,garden_tools,59.9,campo novo
19906,garden_tools,59.9,padre paraiso
19907,stationery,59.9,itatim
19908,fashion_underwear_beach,59.9,ibiuna
19909,garden_tools,59.9,rosana
19910,market_place,59.9,azurita
19911,furniture_decor,59.9,paraiso
19912,stationery,59.9,novo sao joaquim
19913,furniture_decor,59.9,serrana
19914,housewares,59.9,sao jose do cedro
19915,musical_instruments,59.9,mato verde
19916,watches_gifts,59.9,cajati
19917,fashion_underwear_beach,59.9,aracariguama
19918,fashion_male_clothing,59.9,ribeirao preto
19919,signaling_and_security,59.9,itapevi
19920,housewares,59.9,ubaitaba
19921,,59.9,campo verde
19922,baby,59.9,carmo do cajuru
19923,auto,59.9,pedranopolis
19924,auto,59.9,sao miguel do cambui
19925,toys,59.9,pontal
19926,sports_leisure,59.9,realeza
19927,fashion_male_clothing,59.9,ibitinga
19928,health_beauty,59.9,ouro verde de minas
19929,housewares,59.9,belo oriente
19930,fashion_bags_accessories,59.9,espirito santo do turvo
19931,garden_tools,59.9,sarandi
19932,baby,59.9,pilar do sul
19933,baby,59.9,torres
19934,toys,59.9,sao francisco de assis
19935,fashion_bags_accessories,59.9,maioba
19936,auto,59.9,joacaba
19937,computers_accessories,59.9,paranagua
19938,auto,59.9,pastos bons
19939,garden_tools,59.9,cerquilho
19940,furniture_decor,59.9,california
19941,auto,59.9,itapissuma
19942,auto,59.9,matinhos
19943,market_place,59.9,alem paraiba
19944,auto,59.9,itaberaba
19945,garden_tools,59.9,taio
19946,garden_tools,59.9,cachoeira de minas
19947,auto,59.9,silvania
19948,luggage_accessories,59.9,gramado
19949,garden_tools,59.9,nossa senhora da gloria
19950,garden_tools,59.9,manhumirim
19951,garden_tools,59.9,olinda
19952,auto,59.9,peabiru
19953,housewares,59.9,perdigao
19954,auto,59.9,goianira
19955,housewares,59.9,figueira
19956,luggage_accessories,59.9,resende
19957,sports_leisure,59.9,penha
19958,computers_accessories,59.9,planaltina de goias
19959,health_beauty,59.9,jaciara
19960,air_conditioning,59.9,camacari
19961,market_place,59.9,rio grande
19962,fashion_bags_accessories,59.9,timoteo
19963,garden_tools,59.9,irati
19964,housewares,59.9,domingos martins
19965,auto,59.9,mara rosa
19966,flowers,59.9,vila velha
19967,stationery,59.9,ipanema
19968,auto,59.9,sobral
19969,garden_tools,59.9,pato branco
19970,furniture_decor,59.9,sao miguel do iguacu
19971,sports_leisure,59.9,goitacazes
19972,garden_tools,59.9,ibateguara
19973,bed_bath_table,59.9,avanhandava
19974,fashion_male_clothing,59.9,araruama
19975,auto,59.9,ipiacu
19976,garden_tools,59.9,encruzilhada do sul
19977,cool_stuff,59.9,quedas do iguacu
19978,cool_stuff,59.9,bebedouro
19979,electronics,59.9,amparo
19980,housewares,59.9,sao gotardo
19981,stationery,59.9,tiros
19982,watches_gifts,59.9,ariranha
19983,furniture_decor,59.9,chapada gaucha
19984,garden_tools,59.9,paty do alferes
19985,sports_leisure,59.9,embu
19986,baby,59.9,uniao da vitoria
19987,furniture_decor,59.9,morro do chapeu
19988,sports_leisure,59.9,itapetinga
19989,garden_tools,59.9,santa rita do itueto
19990,furniture_decor,59.9,carrancas
19991,food,59.9,ibiruba
19992,garden_tools,59.9,bom jesus
19993,furniture_decor,59.9,uruguaiana
19994,garden_tools,59.9,livramento de nossa senhora
19995,air_conditioning,59.9,santa cruz do rio pardo
19996,cool_stuff,59.9,porto uniao
19997,fashion_underwear_beach,59.9,aruja
19998,housewares,59.9,itaipulandia
19999,cine_photo,59.9,cruzeiro
20000,garden_tools,59.9,lagoa santa
20001,cool_stuff,59.9,guararapes
20002,sports_leisure,59.9,messias targino
20003,stationery,59.9,palmital
20004,electronics,59.9,jaborandi
20005,perfumery,59.9,jandira
20006,furniture_decor,59.9,parnaiba
20007,furniture_decor,59.9,vigia
20008,fashion_underwear_beach,59.9,deodapolis
20009,home_comfort_2,59.9,piracicaba
20010,toys,59.9,maracaju
20011,baby,59.9,alvinopolis
20012,home_appliances,59.9,lajeado
20013,auto,59.9,muqui
20014,auto,59.9,cristais paulista
20015,garden_tools,59.9,guararapes
20016,garden_tools,59.9,itapemirim
20017,fashion_male_clothing,59.9,itapaci
20018,air_conditioning,59.9,londrina
20019,garden_tools,59.9,taguatinga
20020,toys,59.9,alvorada
20021,garden_tools,59.9,sao joao del rei
20022,sports_leisure,59.9,arandu
20023,sports_leisure,59.9,colina
20024,furniture_decor,59.9,iguaba grande
20025,auto,59.9,salto de pirapora
20026,sports_leisure,59.9,nao-me-toque
20027,auto,59.9,itaocara
20028,garden_tools,59.9,carire
20029,fashion_bags_accessories,59.9,turvania
20030,garden_tools,59.9,mangueirinha
20031,sports_leisure,59.9,almenara
20032,garden_tools,59.9,santo antonio da patrulha
20033,stationery,59.9,palmares paulista
20034,stationery,59.9,ribeirao pires
20035,musical_instruments,59.9,pilao arcado
20036,garden_tools,59.9,castro
20037,auto,59.9,urupes
20038,fashion_male_clothing,59.9,tubarao
20039,cool_stuff,59.9,eunapolis
20040,pet_shop,59.9,curitibanos
20041,housewares,59.9,rio pomba
20042,telephony,59.9,fraiburgo
20043,perfumery,59.9,sao pedro
20044,health_beauty,59.9,itaguaru
20045,furniture_decor,59.9,balneario barra do sul
20046,christmas_supplies,59.9,sabara
20047,auto,59.9,cajazeiras
20048,stationery,59.9,sao domingos das dores
20049,fashion_underwear_beach,59.9,lorena
20050,stationery,59.9,ivaipora
20051,garden_tools,59.9,carutapera
20052,garden_tools,59.9,cerrito
20053,housewares,59.9,buriti do tocantins
20054,garden_tools,59.9,garopaba
20055,fashion_underwear_beach,59.9,mocajuba
20056,health_beauty,59.9,rainha do mar
20057,stationery,59.9,catende
20058,books_general_interest,59.9,mesquita
20059,fashion_underwear_beach,59.9,valparaiso de goias
20060,auto,59.9,medeiros neto
20061,garden_tools,59.9,araruama
20062,cool_stuff,59.9,espirito santo do pinhal
20063,garden_tools,59.9,guanhaes
20064,baby,59.9,itapema
20065,sports_leisure,59.9,andradas
20066,furniture_decor,59.89,porto lucena
20067,books_imported,59.89,diadema
20068,books_imported,59.89,erechim
20069,books_imported,59.89,nova lima
20070,books_imported,59.89,nova friburgo
20071,books_imported,59.89,aracaju
20072,furniture_decor,59.88,sao mateus de minas
20073,food,59.88,nova iguacu
20074,small_appliances,59.85,vila velha
20075,fashion_underwear_beach,59.8,viamao
20076,stationery,59.8,jatai
20077,housewares,59.8,ararangua
20078,perfumery,59.8,cajobi
20079,small_appliances,59.8,horizontina
20080,auto,59.8,caninde de sao francisco
20081,pet_shop,59.8,macapa
20082,costruction_tools_tools,59.8,birigui
20083,costruction_tools_tools,59.8,dom basilio
20084,toys,59.8,joao monlevade
20085,fashion_bags_accessories,59.8,juazeiro
20086,costruction_tools_tools,59.8,cianorte
20087,auto,59.8,rosario do sul
20088,luggage_accessories,59.8,guaruja
20089,electronics,59.8,igarape
20090,stationery,59.8,mateus leme
20091,housewares,59.8,tres coracoes
20092,auto,59.8,alto garcas
20093,construction_tools_lights,59.8,pelotas
20094,furniture_decor,59.8,caceres
20095,housewares,59.8,cantagalo
20096,computers_accessories,59.8,campo florido
20097,telephony,59.78999999999999,goianesia
20098,health_beauty,59.7,ibitinga
20099,computers_accessories,59.699999999999996,brasileia
20100,baby,59.67,estancia velha
20101,furniture_decor,59.55,taiuva
20102,furniture_decor,59.55,descalvado
20103,housewares,59.54,jacuizinho
20104,telephony,59.5,chavantes
20105,bed_bath_table,59.5,carmo do cajuru
20106,bed_bath_table,59.5,presidente getulio
20107,health_beauty,59.5,galvao
20108,bed_bath_table,59.5,goianira
20109,baby,59.5,piquete
20110,health_beauty,59.5,andorinha
20111,drinks,59.49,cosmopolis
20112,baby,59.49,durande
20113,auto,59.49,piraju
20114,auto,59.47,redencao
20115,small_appliances,59.42,campo grande
20116,bed_bath_table,59.4,medianeira
20117,health_beauty,59.4,bom jesus dos perdoes
20118,telephony,59.4,itaguai
20119,furniture_decor,59.33,senador modestino goncalves
20120,health_beauty,59.28999999999999,mariana
20121,furniture_decor,59.15,novo mundo
20122,garden_tools,59.0,cedral
20123,watches_gifts,59.0,riacho dos machados
20124,musical_instruments,59.0,sao joaquim
20125,stationery,59.0,miguelopolis
20126,audio,59.0,rio das pedras
20127,cool_stuff,59.0,triunfo
20128,musical_instruments,59.0,turvo
20129,watches_gifts,59.0,lamarao
20130,food_drink,59.0,piracicaba
20131,watches_gifts,59.0,umbauba
20132,stationery,59.0,francisco morato
20133,sports_leisure,59.0,caldas
20134,garden_tools,59.0,toritama
20135,health_beauty,59.0,comendador levy gasparian
20136,sports_leisure,59.0,tramandai
20137,small_appliances,59.0,marataizes
20138,consoles_games,59.0,bayeux
20139,stationery,59.0,cururupu
20140,computers_accessories,59.0,areado
20141,stationery,59.0,queimados
20142,telephony,59.0,triunfo
20143,garden_tools,59.0,itaberaba
20144,watches_gifts,59.0,meruoca
20145,fashion_bags_accessories,59.0,jaguarao
20146,stationery,59.0,itapura
20147,computers_accessories,59.0,catu
20148,toys,59.0,aracati
20149,watches_gifts,59.0,arraial do cabo
20150,auto,59.0,quinta do sol
20151,stationery,59.0,jaboticabal
20152,garden_tools,59.0,rosario do sul
20153,cine_photo,59.0,januaria
20154,watches_gifts,59.0,marau
20155,health_beauty,59.0,ubirata
20156,stationery,59.0,avare
20157,stationery,59.0,general salgado
20158,telephony,59.0,passa quatro
20159,sports_leisure,59.0,rio rufino
20160,baby,59.0,boituva
20161,stationery,59.0,almenara
20162,audio,59.0,itapipoca
20163,computers_accessories,59.0,jamaica
20164,cine_photo,59.0,criciuma
20165,bed_bath_table,59.0,loanda
20166,health_beauty,59.0,paracambi
20167,garden_tools,59.0,siqueira campos
20168,garden_tools,59.0,paraibano
20169,musical_instruments,59.0,braganca
20170,fashion_bags_accessories,59.0,santana do manhuacu
20171,books_technical,59.0,campo novo do parecis
20172,sports_leisure,59.0,barra do ribeiro
20173,stationery,59.0,lins
20174,books_general_interest,59.0,coromandel
20175,stationery,59.0,barao de cocais
20176,watches_gifts,59.0,jardim
20177,fashion_bags_accessories,59.0,francisco morato
20178,fashion_bags_accessories,59.0,augusto correa
20179,computers_accessories,59.0,queixada
20180,furniture_decor,59.0,espumoso
20181,housewares,59.0,monte alto
20182,stationery,59.0,miguel pereira
20183,sports_leisure,59.0,vila valerio
20184,sports_leisure,59.0,sao pedro
20185,stationery,59.0,guara
20186,garden_tools,59.0,imbe de minas
20187,housewares,59.0,cidade gaucha
20188,cine_photo,59.0,caraguatatuba
20189,watches_gifts,59.0,quevedos
20190,telephony,59.0,tatui
20191,signaling_and_security,59.0,osasco
20192,garden_tools,59.0,mirandopolis
20193,garden_tools,59.0,abelardo luz
20194,health_beauty,58.99,pirenopolis
20195,health_beauty,58.99,conchas
20196,health_beauty,58.99,pinheiro machado
20197,health_beauty,58.99,paineiras
20198,health_beauty,58.99,hidrolandia
20199,health_beauty,58.99,figueiropolis d'oeste
20200,health_beauty,58.99,bastos
20201,health_beauty,58.99,satubinha
20202,health_beauty,58.99,cairu
20203,health_beauty,58.99,benevides
20204,health_beauty,58.99,paranapanema
20205,health_beauty,58.99,pilar
20206,books_imported,58.99,ribeirao pires
20207,health_beauty,58.99,croata
20208,health_beauty,58.99,domiciano ribeiro
20209,health_beauty,58.99,nova america da colina
20210,health_beauty,58.99,capao bonito
20211,health_beauty,58.99,palmeira das missoes
20212,health_beauty,58.99,pirangi
20213,cool_stuff,58.99,oliveira
20214,health_beauty,58.99,paraiba do sul
20215,health_beauty,58.99,matozinhos
20216,health_beauty,58.99,anhumas
20217,health_beauty,58.99,vargem grande do sul
20218,health_beauty,58.99,uruburetama
20219,health_beauty,58.99,turmalina
20220,,58.989999999999995,monte mor
20221,electronics,58.95,manaus
20222,housewares,58.9,carmo do rio claro
20223,costruction_tools_garden,58.9,tres marias
20224,electronics,58.9,xinguara
20225,,58.9,antonio prado
20226,auto,58.9,itauna
20227,health_beauty,58.9,rio das pedras
20228,costruction_tools_garden,58.9,porto velho
20229,cool_stuff,58.9,cristalia
20230,bed_bath_table,58.9,campina grande do sul
20231,christmas_supplies,58.9,cotia
20232,telephony,58.9,capanema
20233,kitchen_dining_laundry_garden_furniture,58.9,contagem
20234,housewares,58.9,pedro canario
20235,auto,58.9,icem
20236,watches_gifts,58.9,gandu
20237,christmas_supplies,58.9,feira de santana
20238,auto,58.9,irapua
20239,luggage_accessories,58.9,santa mariana
20240,costruction_tools_garden,58.9,itaperuna
20241,costruction_tools_garden,58.9,itu
20242,stationery,58.9,conchal
20243,auto,58.9,joao neiva
20244,auto,58.9,sao jose do vale do rio preto
20245,arts_and_craftmanship,58.9,diadema
20246,auto,58.9,cunha
20247,kitchen_dining_laundry_garden_furniture,58.9,guaramirim
20248,stationery,58.9,afonso claudio
20249,kitchen_dining_laundry_garden_furniture,58.9,arrozal
20250,baby,58.9,sao miguel do oeste
20251,toys,58.89,lagoa da prata
20252,health_beauty,58.89,osvaldo cruz
20253,fixed_telephony,58.89,sao goncalo
20254,bed_bath_table,58.89,ipero
20255,toys,58.8,oeiras do para
20256,computers_accessories,58.8,ortigueira
20257,construction_tools_construction,58.8,buri
20258,electronics,58.8,criciuma
20259,electronics,58.8,santo antonio de padua
20260,fashion_bags_accessories,58.8,barra do pirai
20261,toys,58.7,vargem grande paulista
20262,bed_bath_table,58.67,senador firmino
20263,auto,58.5,araucaria
20264,auto,58.5,terra rica
20265,agro_industry_and_commerce,58.5,praia grande
20266,auto,58.5,taiobeiras
20267,electronics,58.44,cosmopolis
20268,art,58.35,manaus
20269,food_drink,58.32,sao domingos
20270,toys,58.3,canela
20271,health_beauty,58.2,lucelia
20272,health_beauty,58.2,chavantes
20273,construction_tools_safety,58.15,santa maria
20274,home_confort,58.0,alagoinhas
20275,drinks,58.0,pelotas
20276,cool_stuff,58.0,rio do pires
20277,construction_tools_safety,58.0,colonia vitoria
20278,toys,58.0,pires do rio
20279,luggage_accessories,58.0,patos de minas
20280,construction_tools_construction,58.0,boa esperanca do sul
20281,sports_leisure,58.0,setubinha
20282,watches_gifts,58.0,correntina
20283,health_beauty,58.0,brodowski
20284,home_appliances,58.0,alem paraiba
20285,watches_gifts,58.0,veranopolis
20286,musical_instruments,58.0,durande
20287,market_place,58.0,contagem
20288,luggage_accessories,58.0,capao da porteira
20289,construction_tools_construction,58.0,chapadao do sul
20290,luggage_accessories,58.0,uba
20291,pet_shop,58.0,dias d'avila
20292,drinks,58.0,sao jose do rio preto
20293,housewares,58.0,varre-sai
20294,luggage_accessories,58.0,sao jose dos campos
20295,health_beauty,58.0,visconde do rio branco
20296,construction_tools_construction,58.0,teodoro sampaio
20297,consoles_games,58.0,mimoso do sul
20298,computers_accessories,57.99,braco do norte
20299,cool_stuff,57.99,major vieira
20300,stationery,57.99,japeri
20301,pet_shop,57.99,joao pinheiro
20302,health_beauty,57.99,cajobi
20303,pet_shop,57.99,sertaozinho
20304,telephony,57.980000000000004,matelandia
20305,telephony,57.98,luziania
20306,telephony,57.98,sonora
20307,telephony,57.98,itacoatiara
20308,telephony,57.98,campo mourao
20309,telephony,57.98,cascavel
20310,perfumery,57.9,dores de guanhaes
20311,baby,57.9,campanha
20312,electronics,57.9,serra negra
20313,food,57.9,diamantino
20314,housewares,57.9,barra do jacare
20315,perfumery,57.9,caratinga
20316,arts_and_craftmanship,57.9,joao monlevade
20317,toys,57.9,orlandia
20318,health_beauty,57.9,acopiara
20319,toys,57.9,pirapora
20320,electronics,57.9,cerquilho
20321,health_beauty,57.9,tapiratiba
20322,bed_bath_table,57.9,boninal
20323,health_beauty,57.9,caem
20324,health_beauty,57.9,bacaxa
20325,books_technical,57.89,barra do corda
20326,books_technical,57.89,areado
20327,books_technical,57.89,capao da canoa
20328,books_technical,57.89,esmeraldas
20329,books_technical,57.89,santos
20330,books_technical,57.89,viana
20331,books_technical,57.89,cerquilho
20332,books_technical,57.89,coronel fabriciano
20333,books_technical,57.89,bebedouro
20334,books_technical,57.89,colombo
20335,books_technical,57.89,varzea da palma
20336,books_technical,57.89,rubelita
20337,books_technical,57.89,mesquita
20338,health_beauty,57.8,ibotirama
20339,electronics,57.79,pinhais
20340,electronics,57.5,colombo
20341,bed_bath_table,57.5,aramari
20342,bed_bath_table,57.5,limoeiro do norte
20343,drinks,57.49,tabapua
20344,drinks,57.49,vere
20345,drinks,57.49,sao jose
20346,drinks,57.49,tubarao
20347,fashion_bags_accessories,57.29,ponta grossa
20348,drinks,57.02,itapira
20349,christmas_supplies,57.0,garopaba
20350,home_appliances,57.0,santa teresa
20351,agro_industry_and_commerce,57.0,cabo frio
20352,christmas_supplies,57.0,indaiatuba
20353,perfumery,56.99,paraisopolis
20354,perfumery,56.99,palestina
20355,perfumery,56.99,ilha comprida
20356,perfumery,56.99,goitacazes
20357,bed_bath_table,56.99,senges
20358,perfumery,56.99,dois irmaos
20359,perfumery,56.99,aracruz
20360,perfumery,56.99,santa cecilia do pavao
20361,perfumery,56.99,coxim
20362,perfumery,56.99,visconde do rio branco
20363,bed_bath_table,56.99,alto paraiso
20364,perfumery,56.99,nova itaberaba
20365,perfumery,56.99,brejo santo
20366,health_beauty,56.99,baldim
20367,perfumery,56.99,aracati
20368,perfumery,56.99,pirai
20369,perfumery,56.99,paulo de faria
20370,perfumery,56.99,cravinhos
20371,perfumery,56.99,carmopolis de minas
20372,perfumery,56.99,rondonopolis
20373,perfumery,56.99,dom eliseu
20374,perfumery,56.99,indianopolis
20375,perfumery,56.99,jeceaba
20376,perfumery,56.99,francisco morato
20377,bed_bath_table,56.99,porto belo
20378,perfumery,56.99,jacobina
20379,perfumery,56.99,pacatuba
20380,perfumery,56.99,varzea do poco
20381,perfumery,56.99,manhumirim
20382,perfumery,56.99,capitolio
20383,perfumery,56.99,elisio medrado
20384,perfumery,56.99,itapeva
20385,perfumery,56.99,turvo
20386,perfumery,56.99,serra negra
20387,perfumery,56.99,sao francisco de itabapoana
20388,perfumery,56.99,barao de cocais
20389,perfumery,56.99,indaial
20390,perfumery,56.99,joao neiva
20391,perfumery,56.99,sao joao dos patos
20392,perfumery,56.99,guariba
20393,perfumery,56.99,santa albertina
20394,perfumery,56.99,borborema
20395,perfumery,56.99,claudio
20396,perfumery,56.99,campo largo
20397,perfumery,56.99,batalha
20398,construction_tools_construction,56.99,guanhaes
20399,perfumery,56.99,januaria
20400,bed_bath_table,56.99,itaara
20401,perfumery,56.99,taquarituba
20402,perfumery,56.99,rio novo do sul
20403,perfumery,56.99,japeri
20404,perfumery,56.99,pedro leopoldo
20405,bed_bath_table,56.99,bilac
20406,perfumery,56.99,santa mercedes
20407,bed_bath_table,56.99,itagiba
20408,bed_bath_table,56.99,esmeraldas
20409,perfumery,56.99,joao alfredo
20410,perfumery,56.99,paranaiba
20411,perfumery,56.99,sete barras
20412,perfumery,56.99,jacunda
20413,bed_bath_table,56.99,salto da divisa
20414,perfumery,56.99,sao joao del rei
20415,perfumery,56.99,campos borges
20416,perfumery,56.99,posse
20417,bed_bath_table,56.99,orindiuva
20418,auto,56.99,capivari de baixo
20419,perfumery,56.99,rio das pedras
20420,perfumery,56.99,piao
20421,perfumery,56.99,coremas
20422,perfumery,56.99,catanduvas
20423,perfumery,56.99,goianesia
20424,perfumery,56.99,candido sales
20425,bed_bath_table,56.99,breu branco
20426,bed_bath_table,56.99,cordeiropolis
20427,perfumery,56.99,sao jeronimo
20428,perfumery,56.99,embu-guacu
20429,perfumery,56.99,engenheiro coelho
20430,perfumery,56.99,aiuruoca
20431,perfumery,56.99,condeuba
20432,perfumery,56.99,pederneiras
20433,perfumery,56.99,joaquim nabuco
20434,bed_bath_table,56.99,armacao dos buzios
20435,bed_bath_table,56.99,palmeira
20436,computers_accessories,56.99,guaracai
20437,telephony,56.980000000000004,cornelio procopio
20438,telephony,56.980000000000004,pedra branca
20439,telephony,56.98,iacri
20440,food,56.97,votorantim
20441,food,56.97,ventania
20442,food,56.97,dois vizinhos
20443,food,56.97,cachoeira paulista
20444,food,56.97,concordia
20445,food,56.97,vila nova
20446,costruction_tools_tools,56.97,santa branca
20447,food,56.97,ribeirao pires
20448,food,56.97,pindamonhangaba
20449,food,56.97,serra
20450,food,56.97,palmas
20451,food,56.97,uba
20452,food,56.97,maringa
20453,books_technical,56.9,jundiai
20454,costruction_tools_garden,56.9,maristela
20455,health_beauty,56.9,itapuranga
20456,costruction_tools_garden,56.9,feira de santana
20457,housewares,56.9,taquaritinga
20458,housewares,56.9,redencao
20459,food_drink,56.9,florianopolis
20460,costruction_tools_garden,56.9,sao caetano do sul
20461,health_beauty,56.9,ilopolis
20462,costruction_tools_garden,56.9,campos dos goytacazes
20463,furniture_living_room,56.9,tramandai
20464,home_construction,56.9,taboao da serra
20465,furniture_decor,56.9,iacanga
20466,,56.9,machado
20467,furniture_decor,56.9,presidente venceslau
20468,costruction_tools_garden,56.9,sete barras
20469,costruction_tools_garden,56.9,barra mansa
20470,luggage_accessories,56.9,sao lourenco do sul
20471,books_technical,56.87,varginha
20472,pet_shop,56.85,mirassol d'oeste
20473,pet_shop,56.85,manhuacu
20474,fashion_shoes,56.8,vitoria
20475,fashion_shoes,56.8,conselheiro lafaiete
20476,auto,56.7,penha
20477,auto,56.7,sao joao dos patos
20478,electronics,56.699999999999996,passo fundo
20479,home_appliances,56.290000000000006,pedreira
20480,bed_bath_table,56.1,marau
20481,bed_bath_table,56.1,camaragibe
20482,home_appliances,56.05,alto boa vista
20483,books_technical,56.0,araguaina
20484,computers_accessories,56.0,esplanada
20485,bed_bath_table,56.0,dores do rio preto
20486,,56.0,frutal
20487,pet_shop,56.0,taquara
20488,watches_gifts,56.0,lages
20489,pet_shop,56.0,uba
20490,watches_gifts,56.0,boa esperanca
20491,watches_gifts,56.0,campina grande do sul
20492,pet_shop,56.0,venda nova do imigrante
20493,perfumery,56.0,presidente olegario
20494,watches_gifts,56.0,sao benedito
20495,sports_leisure,56.0,custodia
20496,,56.0,registro
20497,food,56.0,limeira
20498,pet_shop,56.0,patrocinio
20499,drinks,55.980000000000004,diadema
20500,telephony,55.98,camboriu
20501,telephony,55.98,cacoal
20502,telephony,55.98,jarinu
20503,housewares,55.98,parnamirim
20504,telephony,55.98,sao miguel
20505,telephony,55.98,itaperuna
20506,telephony,55.959999999999994,barra mansa
20507,health_beauty,55.92,sao joao do sobrado
20508,telephony,55.91,alto horizonte
20509,,55.9,jaguaracu
20510,sports_leisure,55.9,itamira
20511,art,55.9,mococa
20512,perfumery,55.9,varjao de minas
20513,books_general_interest,55.9,divinolandia de minas
20514,luggage_accessories,55.9,embu-guacu
20515,cool_stuff,55.9,dom macedo costa
20516,stationery,55.9,florida paulista
20517,luggage_accessories,55.9,artur nogueira
20518,perfumery,55.9,domiciano ribeiro
20519,sports_leisure,55.9,oroco
20520,baby,55.9,neropolis
20521,luggage_accessories,55.9,guaranesia
20522,christmas_supplies,55.9,sorocaba
20523,perfumery,55.9,quilombo
20524,bed_bath_table,55.9,santa cruz de salinas
20525,sports_leisure,55.9,quirinopolis
20526,construction_tools_construction,55.9,sapiranga
20527,musical_instruments,55.9,campo do tenente
20528,perfumery,55.9,mafra
20529,construction_tools_lights,55.9,ipiau
20530,sports_leisure,55.9,berilo
20531,baby,55.9,chapada gaucha
20532,health_beauty,55.9,piraquara
20533,bed_bath_table,55.9,arapoema
20534,books_general_interest,55.9,cachoeirinha
20535,luggage_accessories,55.9,passa quatro
20536,perfumery,55.9,venancio aires
20537,sports_leisure,55.9,ipero
20538,health_beauty,55.9,campos sales
20539,luggage_accessories,55.9,nova serrana
20540,luggage_accessories,55.9,tiangua
20541,,55.8,guaruja
20542,food,55.8,itapevi
20543,books_general_interest,55.8,sao caetano do sul
20544,food,55.8,joao monlevade
20545,consoles_games,55.8,guaranesia
20546,food_drink,55.8,itaoca
20547,sports_leisure,55.8,cambe
20548,food,55.8,hortolandia
20549,drinks,55.8,cacapava
20550,auto,55.65,icapui
20551,health_beauty,55.65,bananeiras
20552,health_beauty,55.6,barcarena
20553,bed_bath_table,55.6,rio formoso
20554,auto,55.5,pitangui
20555,home_appliances,55.5,sumare
20556,books_general_interest,55.5,marilia
20557,bed_bath_table,55.5,morungaba
20558,drinks,55.49,embu das artes
20559,drinks,55.49,indaiatuba
20560,drinks,55.49,sao joaquim
20561,sports_leisure,55.49,pedro canario
20562,drinks,55.49,januaria
20563,drinks,55.49,taperuaba
20564,construction_tools_construction,55.32,balbinos
20565,,55.3,carandai
20566,furniture_decor,55.2,palotina
20567,sports_leisure,55.13,verissimo
20568,musical_instruments,55.0,araras
20569,watches_gifts,55.0,butia
20570,musical_instruments,55.0,iracema
20571,health_beauty,55.0,sao sebastiao do alto
20572,art,55.0,sao bernardo do campo
20573,home_appliances,55.0,londrina
20574,bed_bath_table,55.0,sao joao da mata
20575,watches_gifts,55.0,sorriso
20576,watches_gifts,55.0,nova olinda
20577,watches_gifts,55.0,maravilha
20578,telephony,55.0,grajau
20579,construction_tools_construction,55.0,carnaubais
20580,electronics,55.0,santana
20581,watches_gifts,55.0,cruzalia
20582,watches_gifts,55.0,catarina
20583,sports_leisure,55.0,serra negra
20584,audio,55.0,guaramirim
20585,watches_gifts,55.0,alegrete
20586,watches_gifts,55.0,jaguaribe
20587,watches_gifts,55.0,limoeiro
20588,bed_bath_table,55.0,icarai de minas
20589,housewares,55.0,aguas da prata
20590,health_beauty,55.0,agua branca
20591,watches_gifts,55.0,frederico westphalen
20592,sports_leisure,55.0,aparecida
20593,housewares,55.0,quatro barras
20594,telephony,55.0,francisco beltrao
20595,watches_gifts,55.0,capim grosso
20596,watches_gifts,55.0,antonio prado de minas
20597,watches_gifts,55.0,maracacume
20598,musical_instruments,55.0,piuma
20599,musical_instruments,55.0,ibirama
20600,watches_gifts,55.0,paraopeba
20601,watches_gifts,55.0,japeri
20602,auto,55.0,cangucu
20603,art,55.0,pedro leopoldo
20604,musical_instruments,55.0,americana
20605,watches_gifts,55.0,vera cruz
20606,watches_gifts,55.0,xaxim
20607,electronics,55.0,japira
20608,garden_tools,55.0,tocos do moji
20609,art,55.0,montes claros
20610,watches_gifts,55.0,sao lourenco da mata
20611,housewares,55.0,novo cabrais
20612,telephony,55.0,porto murtinho
20613,audio,55.0,quintana
20614,construction_tools_construction,55.0,ilheus
20615,telephony,55.0,coracao de jesus
20616,sports_leisure,55.0,salinas da margarida
20617,fashion_bags_accessories,55.0,canapolis
20618,watches_gifts,55.0,varzea da palma
20619,musical_instruments,55.0,guararema
20620,audio,55.0,ferraz de vasconcelos
20621,housewares,55.0,zacarias
20622,home_appliances,55.0,sao miguel dos campos
20623,watches_gifts,55.0,cerro grande do sul
20624,musical_instruments,55.0,divino
20625,watches_gifts,55.0,baependi
20626,construction_tools_construction,55.0,colombo
20627,housewares,55.0,capitao leonidas marques
20628,health_beauty,55.0,sao joao do triunfo
20629,watches_gifts,55.0,juquitiba
20630,musical_instruments,55.0,linhares
20631,watches_gifts,55.0,aguas de lindoia
20632,health_beauty,54.99,canaa
20633,watches_gifts,54.99,candeias
20634,watches_gifts,54.99,general carneiro
20635,perfumery,54.99,santa ernestina
20636,health_beauty,54.99,nova venecia
20637,health_beauty,54.99,arroio dos ratos
20638,consoles_games,54.99,sao jose do calcado
20639,telephony,54.99,uibai
20640,bed_bath_table,54.99,amargosa
20641,perfumery,54.99,icem
20642,perfumery,54.99,alto sao joao
20643,telephony,54.99,barra do ribeiro
20644,telephony,54.99,capelinha
20645,bed_bath_table,54.99,pereiras
20646,toys,54.99,encantado
20647,fashion_bags_accessories,54.99,monte belo
20648,housewares,54.989999999999995,campo mourao
20649,telephony,54.989999999999995,campo belo
20650,health_beauty,54.980000000000004,itapiuna
20651,telephony,54.98,carnaiba do sertao
20652,toys,54.98,cerro azul
20653,telephony,54.98,indiara
20654,telephony,54.97,ferraz de vasconcelos
20655,telephony,54.91,cansancao
20656,construction_tools_construction,54.9,apiaca
20657,sports_leisure,54.9,guaraciaba
20658,stationery,54.9,jequitinhonha
20659,luggage_accessories,54.9,mantena
20660,furniture_decor,54.9,cassia
20661,luggage_accessories,54.9,caete
20662,fashio_female_clothing,54.9,capim branco
20663,toys,54.9,campos novos
20664,luggage_accessories,54.9,ilheus
20665,stationery,54.9,uniao da vitoria
20666,kitchen_dining_laundry_garden_furniture,54.9,sao jose
20667,luggage_accessories,54.9,barretos
20668,fashio_female_clothing,54.9,guapimirim
20669,bed_bath_table,54.9,pecanha
20670,kitchen_dining_laundry_garden_furniture,54.9,carapicuiba
20671,auto,54.9,meleiro
20672,fashio_female_clothing,54.9,goiania
20673,luggage_accessories,54.9,cabrobo
20674,bed_bath_table,54.9,biritiba-mirim
20675,musical_instruments,54.9,caxias
20676,audio,54.9,criciuma
20677,tablets_printing_image,54.9,mae do rio
20678,fashion_bags_accessories,54.9,medina
20679,luggage_accessories,54.9,rodelas
20680,luggage_accessories,54.9,medianeira
20681,auto,54.9,concordia
20682,bed_bath_table,54.9,osvaldo cruz
20683,auto,54.9,sooretama
20684,,54.9,sao carlos
20685,electronics,54.9,varzea grande
20686,fashion_bags_accessories,54.9,iacu
20687,bed_bath_table,54.9,aruana
20688,furniture_living_room,54.9,santo antonio de padua
20689,construction_tools_construction,54.9,ribeirao pires
20690,perfumery,54.9,ijui
20691,housewares,54.9,jauru
20692,luggage_accessories,54.9,prata
20693,furniture_living_room,54.9,duartina
20694,luggage_accessories,54.9,pouso novo
20695,kitchen_dining_laundry_garden_furniture,54.9,taboao da serra
20696,luggage_accessories,54.9,itabirito
20697,bed_bath_table,54.9,ibitinga
20698,toys,54.9,goianinha
20699,baby,54.9,nova prata do iguacu
20700,fashion_bags_accessories,54.9,sete de setembro
20701,furniture_decor,54.9,maravilha
20702,auto,54.9,balneario picarras
20703,auto,54.9,ilha solteira
20704,housewares,54.9,lauro muller
20705,auto,54.9,rio acima
20706,tablets_printing_image,54.9,valinhos
20707,luggage_accessories,54.9,coromandel
20708,furniture_living_room,54.9,araras
20709,perfumery,54.9,veranopolis
20710,consoles_games,54.9,sumare
20711,fashio_female_clothing,54.9,tres rios
20712,kitchen_dining_laundry_garden_furniture,54.9,hortolandia
20713,auto,54.9,caldas novas
20714,toys,54.9,sao raimundo nonato
20715,tablets_printing_image,54.9,sorocaba
20716,music,54.9,botucatu
20717,telephony,54.89,salinas
20718,health_beauty,54.89,coromandel
20719,health_beauty,54.89,pitangui
20720,baby,54.87,sapucaia
20721,electronics,54.8,campina grande
20722,baby,54.8,coronel fabriciano
20723,fashion_bags_accessories,54.599999999999994,gurupi
20724,cool_stuff,54.5,itapetininga
20725,construction_tools_construction,54.5,bom jesus dos perdoes
20726,health_beauty,54.49,sao tiago
20727,electronics,54.449999999999996,volta redonda
20728,home_construction,54.4,colombo
20729,home_construction,54.4,itupeva
20730,home_construction,54.4,barra mansa
20731,home_construction,54.4,sao goncalo
20732,home_construction,54.4,jandira
20733,home_construction,54.4,joao monlevade
20734,home_appliances,54.4,sao francisco de itabapoana
20735,home_construction,54.4,ariranha
20736,home_construction,54.4,itu
20737,agro_industry_and_commerce,54.3,diadema
20738,,54.199999999999996,timoteo
20739,housewares,54.16,abaete
20740,housewares,54.16,planura
20741,health_beauty,54.0,ouro branco
20742,construction_tools_construction,54.0,maracanau
20743,sports_leisure,54.0,raposos
20744,construction_tools_construction,54.0,cachoeirinha
20745,construction_tools_construction,54.0,cubatao
20746,small_appliances,54.0,cerro largo
20747,small_appliances,54.0,senador guiomard
20748,sports_leisure,54.0,nova olinda do maranhao
20749,construction_tools_construction,54.0,itacare
20750,health_beauty,54.0,sao jose da bela vista
20751,food_drink,54.0,diadema
20752,health_beauty,54.0,vista alegre do alto
20753,baby,54.0,jaguariuna
20754,computers_accessories,53.99,ibicarai
20755,perfumery,53.99,ladario
20756,perfumery,53.99,campo bom
20757,books_technical,53.99,jandira
20758,perfumery,53.99,maioba
20759,bed_bath_table,53.99,teofilandia
20760,cine_photo,53.99,gravatai
20761,perfumery,53.99,capitao leonidas marques
20762,perfumery,53.99,sarandi
20763,perfumery,53.99,paracatu
20764,perfumery,53.99,jaci
20765,perfumery,53.99,delfinopolis
20766,perfumery,53.99,timbo
20767,perfumery,53.99,monsenhor paulo
20768,perfumery,53.99,sento se
20769,auto,53.99,guaira
20770,perfumery,53.99,campina verde
20771,perfumery,53.99,guaranesia
20772,cine_photo,53.99,pocos de caldas
20773,perfumery,53.99,presidente bernardes
20774,perfumery,53.99,aguas de lindoia
20775,perfumery,53.99,pirajui
20776,telephony,53.98,joacaba
20777,bed_bath_table,53.98,camacari
20778,bed_bath_table,53.98,vila muriqui
20779,drinks,53.97,barretos
20780,garden_tools,53.9,sao luis do curu
20781,garden_tools,53.9,porto velho
20782,garden_tools,53.9,santo antonio de posse
20783,garden_tools,53.9,timbo
20784,garden_tools,53.9,imbituva
20785,perfumery,53.9,cacu
20786,garden_tools,53.9,aperibe
20787,garden_tools,53.9,juazeiro do norte
20788,garden_tools,53.9,santana do itarare
20789,books_general_interest,53.9,cachoeiro de itapemirim
20790,garden_tools,53.9,chale
20791,garden_tools,53.9,cabedelo
20792,books_general_interest,53.9,conchal
20793,sports_leisure,53.9,lebon regis
20794,garden_tools,53.9,schroeder
20795,garden_tools,53.9,sao jose do goiabal
20796,health_beauty,53.9,serra negra
20797,garden_tools,53.9,uniao da vitoria
20798,garden_tools,53.9,pirai
20799,garden_tools,53.9,novo cruzeiro
20800,garden_tools,53.9,jeceaba
20801,garden_tools,53.9,itarare
20802,garden_tools,53.9,formoso do araguaia
20803,books_general_interest,53.9,nova londrina
20804,industry_commerce_and_business,53.9,agua branca
20805,garden_tools,53.9,patrocinio do muriae
20806,books_general_interest,53.9,tapiratiba
20807,telephony,53.9,paranagua
20808,garden_tools,53.9,perdizes
20809,housewares,53.9,santa helena de goias
20810,garden_tools,53.9,condor
20811,garden_tools,53.9,bocaiuva
20812,garden_tools,53.9,itauna
20813,garden_tools,53.9,campo limpo paulista
20814,garden_tools,53.9,alpercata
20815,garden_tools,53.9,herculandia
20816,books_general_interest,53.9,santa helena
20817,musical_instruments,53.9,joao pessoa
20818,garden_tools,53.9,bage
20819,garden_tools,53.9,cordeiropolis
20820,garden_tools,53.9,piranguinho
20821,garden_tools,53.9,arraial d'ajuda
20822,garden_tools,53.9,campestre
20823,garden_tools,53.9,capetinga
20824,garden_tools,53.9,angelica
20825,garden_tools,53.9,acreuna
20826,bed_bath_table,53.9,cajuri
20827,garden_tools,53.9,miguelopolis
20828,telephony,53.9,braco do norte
20829,garden_tools,53.9,barreiras
20830,baby,53.89,juina
20831,health_beauty,53.89,pirapozinho
20832,telephony,53.86,estancia velha
20833,pet_shop,53.84,roseira
20834,housewares,53.8,gurupi
20835,perfumery,53.8,itinga
20836,musical_instruments,53.8,buriti
20837,,53.8,cachoeirinha
20838,perfumery,53.78,sabara
20839,electronics,53.65,itapeva
20840,musical_instruments,53.6,itanhandu
20841,home_appliances,53.55,campo grande
20842,tablets_printing_image,53.49,nova granada
20843,tablets_printing_image,53.49,ribeirao preto
20844,,53.44,santo antonio do monte
20845,small_appliances,53.44,paranavai
20846,bed_bath_table,53.2,cristal
20847,pet_shop,53.0,pirapozinho
20848,health_beauty,53.0,colmeia
20849,perfumery,53.0,mairipora
20850,pet_shop,53.0,ilhabela
20851,health_beauty,52.99,divisa alegre
20852,garden_tools,52.99,pompeia
20853,housewares,52.99,sao jose do rio pardo
20854,health_beauty,52.99,presidente nereu
20855,furniture_decor,52.99,monte aprazivel
20856,health_beauty,52.98,itapura
20857,telephony,52.98,novo oriente
20858,telephony,52.98,caceres
20859,telephony,52.95,guapore
20860,housewares,52.9,alterosa
20861,construction_tools_construction,52.9,sao miguel do iguacu
20862,stationery,52.9,pompeia
20863,music,52.9,belo horizonte
20864,fashion_male_clothing,52.9,jacaraci
20865,perfumery,52.9,santana do paraiso
20866,toys,52.9,itau de minas
20867,costruction_tools_garden,52.9,santana de parnaiba
20868,stationery,52.9,monte aprazivel
20869,luggage_accessories,52.9,guanambi
20870,luggage_accessories,52.9,paranavai
20871,housewares,52.9,sao francisco do sul
20872,fashion_male_clothing,52.9,santos
20873,sports_leisure,52.9,gramado xavier
20874,bed_bath_table,52.9,carpina
20875,housewares,52.9,forquilhinha
20876,pet_shop,52.9,gramado
20877,bed_bath_table,52.9,bom jesus
20878,housewares,52.9,tres arroios
20879,toys,52.9,canarana
20880,luggage_accessories,52.9,nossa senhora do socorro
20881,toys,52.9,senhor do bonfim
20882,toys,52.9,santana
20883,housewares,52.9,cerro grande
20884,bed_bath_table,52.9,nova boa vista
20885,telephony,52.88999999999999,ibirarema
20886,consoles_games,52.88,marilandia
20887,housewares,52.88,palotina
20888,telephony,52.87,cruz machado
20889,luggage_accessories,52.82,gravatal
20890,housewares,52.8,ibirataia
20891,,52.8,jandira
20892,bed_bath_table,52.64,porangatu
20893,bed_bath_table,52.64,sao benedito
20894,furniture_decor,52.64,iraquara
20895,music,52.61,santa maria de itabira
20896,books_general_interest,52.58,sao jose
20897,bed_bath_table,52.58,maracacume
20898,consoles_games,52.5,lucelia
20899,food,52.5,coronel fabriciano
20900,home_appliances,52.5,cravinhos
20901,home_appliances,52.5,irece
20902,telephony,52.45,porangatu
20903,furniture_decor,52.36,ubatuba
20904,furniture_decor,52.3,baianopolis
20905,housewares,52.11,laurentino
20906,housewares,52.11,santa vitoria do palmar
20907,bed_bath_table,52.11,balsas
20908,housewares,52.11,bom principio
20909,housewares,52.11,colonia vitoria
20910,tablets_printing_image,52.0,governador valadares
20911,home_appliances,52.0,parauapebas
20912,tablets_printing_image,52.0,jandaia do sul
20913,tablets_printing_image,52.0,barueri
20914,baby,52.0,bambui
20915,small_appliances,52.0,fernandopolis
20916,market_place,52.0,duque de caxias
20917,fashion_underwear_beach,52.0,itambacuri
20918,home_appliances,52.0,piedade
20919,home_appliances,52.0,ipero
20920,auto,52.0,colmeia
20921,baby,52.0,cajazeiras
20922,tablets_printing_image,52.0,vila velha
20923,tablets_printing_image,52.0,jandira
20924,baby,52.0,sao joao do sul
20925,baby,52.0,sao bras do suacui
20926,housewares,52.0,arroio do sal
20927,baby,52.0,uba
20928,baby,52.0,cambira
20929,computers_accessories,52.0,conchas
20930,cool_stuff,51.99,piraquara
20931,computers_accessories,51.99,alvinopolis
20932,auto,51.98,teixeira de freitas
20933,telephony,51.98,buritis
20934,bed_bath_table,51.98,claudia
20935,telephony,51.97,cerquilho
20936,furniture_decor,51.92,vila rica
20937,furniture_decor,51.92,mendonca
20938,furniture_decor,51.92,papanduva
20939,furniture_decor,51.92,tabapua
20940,furniture_decor,51.92,caiana
20941,perfumery,51.9,sao joao da barra
20942,furniture_decor,51.9,chavantes
20943,housewares,51.9,sideropolis
20944,cool_stuff,51.9,bras pires
20945,computers_accessories,51.9,inacio martins
20946,sports_leisure,51.9,palma
20947,computers_accessories,51.9,cabralia paulista
20948,fashion_bags_accessories,51.89,santa rosa
20949,construction_tools_construction,51.8,extremoz
20950,auto,51.8,salgado filho
20951,electronics,51.8,trancoso
20952,electronics,51.78,rio verde
20953,housewares,51.5,irani
20954,construction_tools_construction,51.5,sao carlos
20955,auto,51.49,olimpia
20956,drinks,51.49,matao
20957,baby,51.45,santa helena
20958,home_appliances,51.45,caratinga
20959,home_appliances,51.45,esteio
20960,toys,51.4,fatima do sul
20961,toys,51.4,caninde
20962,toys,51.4,pacaja
20963,perfumery,51.4,coronel martins
20964,auto,51.2,barreirinhas
20965,housewares,51.19,piacatu
20966,housewares,51.0,miguel pereira
20967,computers_accessories,51.0,nova america
20968,consoles_games,51.0,pirajui
20969,electronics,51.0,luis eduardo magalhaes
20970,home_appliances,50.99,tres marias
20971,home_appliances,50.99,lauro de freitas
20972,home_appliances,50.99,portelandia
20973,telephony,50.98,venancio aires
20974,sports_leisure,50.95,dores do indaia
20975,luggage_accessories,50.9,sao joaquim da barra
20976,luggage_accessories,50.9,rolante
20977,auto,50.9,descalvado
20978,food,50.9,pacotuba
20979,books_general_interest,50.9,indaiatuba
20980,furniture_decor,50.9,coxim
20981,furniture_decor,50.9,avelino lopes
20982,furniture_decor,50.9,sao jose da lapa
20983,luggage_accessories,50.9,una
20984,auto,50.9,colonia castrolanda
20985,furniture_decor,50.9,natividade
20986,auto,50.9,canarana
20987,telephony,50.89,sao joao nepomuceno
20988,toys,50.7,pesqueira
20989,baby,50.66,brumadinho
20990,telephony,50.510000000000005,campo novo do parecis
20991,pet_shop,50.5,divinolandia de minas
20992,sports_leisure,50.49,jaborandi
20993,food,50.41,sao joao nepomuceno
20994,electronics,50.4,mangaratiba
20995,auto,50.4,tres barras
20996,home_appliances,50.4,sao joao de iracema
20997,music,50.35,brasilia
20998,health_beauty,50.21,cambui
20999,fashion_bags_accessories,50.2,itatiaia
21000,furniture_decor,50.1,tanhacu
21001,baby,50.0,santa cruz de minas
21002,baby,50.0,saquarema
21003,perfumery,50.0,itabaianinha
21004,auto,50.0,guaicara
21005,baby,50.0,caete
21006,musical_instruments,50.0,extrema
21007,health_beauty,50.0,rio bananal
21008,toys,50.0,reboucas
21009,consoles_games,50.0,santa cruz das palmeiras
21010,consoles_games,50.0,capao da canoa
21011,tablets_printing_image,50.0,manaus
21012,fashion_bags_accessories,50.0,soledade de minas
21013,electronics,50.0,abatia
21014,fashion_bags_accessories,50.0,ilheus
21015,baby,50.0,piratininga
21016,furniture_decor,50.0,rio manso
21017,garden_tools,50.0,cardoso moreira
21018,health_beauty,50.0,coronel vivida
21019,baby,50.0,arace
21020,books_technical,50.0,seropedica
21021,baby,50.0,pedra lavrada
21022,toys,50.0,urussanga
21023,books_technical,50.0,santana do livramento
21024,food,50.0,sao jose dos campos
21025,housewares,50.0,miguel calmon
21026,baby,50.0,portao
21027,baby,50.0,patos
21028,baby,50.0,iacanga
21029,baby,50.0,itapura
21030,food,50.0,japuiba
21031,bed_bath_table,50.0,padre gonzales
21032,furniture_decor,50.0,itapagipe
21033,baby,50.0,otacilio costa
21034,industry_commerce_and_business,50.0,urupes
21035,baby,50.0,pesqueira
21036,costruction_tools_garden,50.0,sao jose dos pinhais
21037,baby,50.0,tres marias
21038,consoles_games,50.0,sao bento do sul
21039,baby,50.0,santa barbara
21040,fashion_bags_accessories,50.0,campo largo
21041,baby,50.0,itiuba
21042,baby,50.0,lauro de freitas
21043,baby,50.0,alvorada
21044,home_appliances,50.0,pouso alegre
21045,perfumery,49.99,timon
21046,toys,49.99,bom despacho
21047,baby,49.99,assis chateaubriand
21048,telephony,49.99,urupes
21049,health_beauty,49.99,congonhal
21050,toys,49.99,machado
21051,housewares,49.99,santa rita do sapucai
21052,health_beauty,49.99,floresta
21053,telephony,49.99,presidente medici
21054,telephony,49.99,ceu azul
21055,sports_leisure,49.99,santana da vargem
21056,consoles_games,49.99,vicosa
21057,bed_bath_table,49.99,nova roma
21058,sports_leisure,49.99,pratapolis
21059,pet_shop,49.99,santa vitoria do palmar
21060,furniture_decor,49.99,cunha
21061,stationery,49.99,santa cruz de monte castelo
21062,sports_leisure,49.99,bandeirantes d'oeste
21063,perfumery,49.99,carmo
21064,perfumery,49.99,porciuncula
21065,fashion_male_clothing,49.99,mococa
21066,toys,49.99,ilha comprida
21067,bed_bath_table,49.99,sao jose do barreiro
21068,bed_bath_table,49.99,boa viagem
21069,consoles_games,49.99,novo gama
21070,sports_leisure,49.99,lagoa grande
21071,fashion_bags_accessories,49.99,lauro muller
21072,electronics,49.99,lagarto
21073,stationery,49.99,capivari
21074,housewares,49.99,ouro fino
21075,housewares,49.99,sorriso
21076,fashion_bags_accessories,49.99,mairipora
21077,construction_tools_construction,49.99,sao luis
21078,health_beauty,49.99,correia pinto
21079,bed_bath_table,49.99,palmeira d'oeste
21080,housewares,49.99,torres
21081,health_beauty,49.99,rodolfo fernandes
21082,bed_bath_table,49.99,cocos
21083,sports_leisure,49.99,sao francisco de assis
21084,telephony,49.99,diamantina
21085,construction_tools_lights,49.99,carapicuiba
21086,housewares,49.99,quinta do sol
21087,furniture_living_room,49.99,uruacu
21088,construction_tools_construction,49.99,seberi
21089,housewares,49.99,castanheira
21090,drinks,49.99,franca
21091,perfumery,49.99,volta grande
21092,garden_tools,49.99,pirenopolis
21093,computers_accessories,49.99,serra do salitre
21094,sports_leisure,49.99,matutina
21095,electronics,49.99,pindamonhangaba
21096,toys,49.99,mossamedes
21097,telephony,49.99,placas
21098,telephony,49.989999999999995,miguel calmon
21099,health_beauty,49.98,santo anastacio
21100,fashion_bags_accessories,49.98,rio grande
21101,telephony,49.98,alegre
21102,telephony,49.98,ubatuba
21103,air_conditioning,49.98,ribeirao preto
21104,construction_tools_construction,49.98,lins
21105,fashion_underwear_beach,49.98,sao goncalo
21106,telephony,49.98,pejucara
21107,telephony,49.98,venda nova do imigrante
21108,telephony,49.98,duartina
21109,pet_shop,49.98,mogi mirim
21110,fashion_sport,49.95,canelinha
21111,bed_bath_table,49.95,iconha
21112,bed_bath_table,49.95,orizona
21113,bed_bath_table,49.95,benedito novo
21114,electronics,49.95,araputanga
21115,computers_accessories,49.95,tambau
21116,bed_bath_table,49.95,pirai
21117,bed_bath_table,49.95,santa terezinha de itaipu
21118,bed_bath_table,49.95,ibiraja
21119,bed_bath_table,49.95,capao do leao
21120,bed_bath_table,49.95,amparo da serra
21121,bed_bath_table,49.95,itaperucu
21122,garden_tools,49.91,cajazeiras
21123,fashion_underwear_beach,49.9,guaramirim
21124,housewares,49.9,itanhandu
21125,cool_stuff,49.9,itamaraju
21126,fashion_male_clothing,49.9,goiania
21127,health_beauty,49.9,santa quiteria do maranhao
21128,fashion_bags_accessories,49.9,arneiroz
21129,pet_shop,49.9,mogi-guacu
21130,furniture_decor,49.9,nova xavantina
21131,fashion_underwear_beach,49.9,joaquim nabuco
21132,auto,49.9,laranjeiras do sul
21133,,49.9,videira
21134,health_beauty,49.9,pinto bandeira
21135,fashion_bags_accessories,49.9,bombinhas
21136,toys,49.9,bom jardim de minas
21137,fashion_underwear_beach,49.9,contagem
21138,consoles_games,49.9,itauna
21139,toys,49.9,pederneiras
21140,fashion_underwear_beach,49.9,pirassununga
21141,cool_stuff,49.9,mogi-mirim
21142,furniture_living_room,49.9,indaiatuba
21143,garden_tools,49.9,firminopolis
21144,,49.9,mesquita
21145,computers_accessories,49.9,urubici
21146,computers_accessories,49.9,santa cruz do prata
21147,furniture_living_room,49.9,itapema
21148,fashion_bags_accessories,49.9,santa ines
21149,pet_shop,49.9,dois corregos
21150,fashion_bags_accessories,49.9,itajobi
21151,health_beauty,49.9,sao pedro
21152,sports_leisure,49.9,irapuru
21153,housewares,49.9,murici
21154,furniture_decor,49.9,quilometro 14 do mutum
21155,furniture_living_room,49.9,iturama
21156,garden_tools,49.9,caico
21157,auto,49.9,guaraciaba
21158,perfumery,49.9,boa esperanca
21159,furniture_decor,49.9,caparao
21160,fashion_shoes,49.9,quirinopolis
21161,toys,49.9,dumont
21162,health_beauty,49.9,miradouro
21163,garden_tools,49.9,calmon
21164,garden_tools,49.9,abaetetuba
21165,fashion_bags_accessories,49.9,luzilandia
21166,computers_accessories,49.9,capela
21167,bed_bath_table,49.9,juruti
21168,toys,49.9,nova aurora
21169,food_drink,49.9,camaragibe
21170,furniture_decor,49.9,alegrete
21171,bed_bath_table,49.9,gaspar
21172,toys,49.9,bayeux
21173,fashion_bags_accessories,49.9,itajai
21174,fashion_bags_accessories,49.9,sertaozinho
21175,construction_tools_construction,49.9,guaratingueta
21176,small_appliances,49.9,alvorada
21177,furniture_decor,49.9,santa margarida
21178,fashion_bags_accessories,49.9,cuite
21179,furniture_decor,49.9,bom jesus da serra
21180,sports_leisure,49.9,posse
21181,fashion_bags_accessories,49.9,conquista
21182,garden_tools,49.9,agrolandia
21183,sports_leisure,49.9,santa cruz da conceicao
21184,housewares,49.9,formigueiro
21185,fashion_bags_accessories,49.9,campo belo
21186,fashion_bags_accessories,49.9,carire
21187,fashion_bags_accessories,49.9,pinhais
21188,pet_shop,49.9,biguacu
21189,toys,49.9,itapetinga
21190,garden_tools,49.9,embu-guacu
21191,furniture_decor,49.9,nova cantu
21192,cool_stuff,49.9,quatigua
21193,garden_tools,49.9,divino
21194,fashion_underwear_beach,49.9,sao bernardo do campo
21195,electronics,49.9,januaria
21196,garden_tools,49.9,gravata
21197,sports_leisure,49.9,selbach
21198,garden_tools,49.9,jau
21199,furniture_decor,49.9,guapiara
21200,,49.9,capao bonito
21201,garden_tools,49.9,santana da boa vista
21202,auto,49.9,garca
21203,electronics,49.9,cunha
21204,stationery,49.9,mutuipe
21205,garden_tools,49.9,farroupilha
21206,watches_gifts,49.9,xavantina
21207,garden_tools,49.9,juara
21208,garden_tools,49.9,itai
21209,auto,49.9,iracemapolis
21210,luggage_accessories,49.9,santo antonio do palma
21211,fashion_bags_accessories,49.9,artur nogueira
21212,fashion_bags_accessories,49.9,treze tilias
21213,garden_tools,49.9,itaperuna
21214,fashion_bags_accessories,49.9,jandira
21215,sports_leisure,49.9,sapezal
21216,auto,49.9,sao francisco de itabapoana
21217,stationery,49.9,matinhos
21218,furniture_decor,49.9,tambau
21219,toys,49.9,porto uniao
21220,fashion_bags_accessories,49.9,eloi mendes
21221,perfumery,49.9,conceicao do mato dentro
21222,stationery,49.9,itaipulandia
21223,,49.9,viamao
21224,fashion_sport,49.9,assis chateaubriand
21225,signaling_and_security,49.9,varginha
21226,garden_tools,49.9,vespasiano
21227,furniture_decor,49.9,eunapolis
21228,garden_tools,49.9,rio bonito
21229,toys,49.9,mombuca
21230,fashion_male_clothing,49.9,santo angelo
21231,art,49.9,aracruz
21232,fashion_underwear_beach,49.9,araruama
21233,housewares,49.9,tangara da serra
21234,garden_tools,49.9,curitibanos
21235,stationery,49.9,varjao de minas
21236,sports_leisure,49.9,rio bonito do iguacu
21237,fashion_bags_accessories,49.9,palmeira d oeste
21238,telephony,49.9,cambara
21239,fashion_underwear_beach,49.9,sorocaba
21240,fashion_bags_accessories,49.9,pureza
21241,fashion_bags_accessories,49.9,sao sebastiao do paraiso
21242,garden_tools,49.9,alvares machado
21243,fashion_bags_accessories,49.9,bonito
21244,bed_bath_table,49.9,irece
21245,fashion_underwear_beach,49.9,sao joao batista
21246,fashion_childrens_clothes,49.9,concordia
21247,garden_tools,49.9,restinga seca
21248,garden_tools,49.9,itirucu
21249,telephony,49.9,bofete
21250,garden_tools,49.9,pongai
21251,fashion_bags_accessories,49.9,guanambi
21252,computers_accessories,49.9,maribondo
21253,toys,49.9,tres coroas
21254,luggage_accessories,49.9,rio dos cedros
21255,fashion_bags_accessories,49.9,matinhos
21256,garden_tools,49.9,jandaia do sul
21257,health_beauty,49.9,senador canedo
21258,telephony,49.9,vila rica
21259,stationery,49.9,ventania
21260,stationery,49.9,flores da cunha
21261,sports_leisure,49.9,patis
21262,bed_bath_table,49.9,guaraquecaba
21263,fashion_underwear_beach,49.9,diadema
21264,fashion_bags_accessories,49.9,dom aquino
21265,garden_tools,49.9,ipora
21266,baby,49.9,ribeira do pombal
21267,stationery,49.9,merces
21268,fashion_bags_accessories,49.9,extrema
21269,perfumery,49.9,erechim
21270,consoles_games,49.9,santa isabel
21271,fashion_bags_accessories,49.9,turvo
21272,garden_tools,49.9,agudos
21273,fashion_underwear_beach,49.9,imbituba
21274,toys,49.9,cafelandia
21275,garden_tools,49.9,santiago
21276,fashion_bags_accessories,49.9,coribe
21277,perfumery,49.9,rio brilhante
21278,toys,49.9,casa branca
21279,fashion_bags_accessories,49.9,jales
21280,toys,49.9,monte alto
21281,garden_tools,49.9,senador canedo
21282,garden_tools,49.9,colatina
21283,luggage_accessories,49.9,colorado do oeste
21284,toys,49.9,varzea grande
21285,furniture_decor,49.9,cristalina
21286,garden_tools,49.9,chorrocho
21287,sports_leisure,49.9,rio piracicaba
21288,furniture_decor,49.9,almirante tamandare do sul
21289,fashion_bags_accessories,49.9,sao sebastiao
21290,garden_tools,49.9,sapiranga
21291,sports_leisure,49.9,pedra
21292,toys,49.9,campina grande do sul
21293,market_place,49.9,rio das ostras
21294,housewares,49.9,ibira
21295,perfumery,49.9,perdigao
21296,computers_accessories,49.9,santana de pirapama
21297,bed_bath_table,49.9,ceilandia
21298,market_place,49.9,sao carlos
21299,home_confort,49.9,santa terezinha
21300,garden_tools,49.9,mostardas
21301,garden_tools,49.9,pinhais
21302,furniture_decor,49.9,garanhuns
21303,furniture_decor,49.9,telemaco borba
21304,toys,49.9,herval d'oeste
21305,sports_leisure,49.9,aiuruoca
21306,fashion_bags_accessories,49.9,catanduvas
21307,fashion_bags_accessories,49.9,maraba
21308,stationery,49.9,charqueada
21309,fashion_male_clothing,49.9,embu
21310,fashion_bags_accessories,49.9,sete lagoas
21311,garden_tools,49.9,treze tilias
21312,fashion_bags_accessories,49.9,sarandi
21313,housewares,49.9,espumoso
21314,fashion_bags_accessories,49.9,querencia
21315,perfumery,49.9,ceu azul
21316,home_confort,49.9,rio grande
21317,stationery,49.9,pojuca
21318,housewares,49.9,alexandria
21319,auto,49.9,inhumas
21320,signaling_and_security,49.9,alfenas
21321,housewares,49.9,tangua
21322,garden_tools,49.9,salgueiro
21323,garden_tools,49.9,peixoto de azevedo
21324,signaling_and_security,49.9,nova prata
21325,fashion_underwear_beach,49.9,louveira
21326,pet_shop,49.9,jordania
21327,auto,49.9,regente feijo
21328,fashion_bags_accessories,49.9,pedra preta
21329,fashion_bags_accessories,49.9,entre rios
21330,fashion_bags_accessories,49.9,bueno brandao
21331,fashion_male_clothing,49.9,jequie
21332,stationery,49.9,pacaembu
21333,fashion_underwear_beach,49.9,espigao
21334,garden_tools,49.9,arraial do cabo
21335,cool_stuff,49.9,sao pedro da aldeia
21336,cool_stuff,49.9,arvorezinha
21337,fashion_bags_accessories,49.9,aracitaba
21338,computers_accessories,49.9,rodolfo fernandes
21339,fashion_bags_accessories,49.9,canaa dos carajas
21340,fashion_underwear_beach,49.9,bom jesus dos perdoes
21341,audio,49.9,alem paraiba
21342,fashion_underwear_beach,49.9,anapolis
21343,fashion_bags_accessories,49.9,rio verde
21344,market_place,49.9,rosana
21345,health_beauty,49.9,sao francisco de paula
21346,fixed_telephony,49.89,recife
21347,telephony,49.89,presidente venceslau
21348,health_beauty,49.879999999999995,paranaiba
21349,,49.8,bonito
21350,cine_photo,49.8,recife
21351,cine_photo,49.8,belem
21352,electronics,49.8,sapucaia do sul
21353,cine_photo,49.8,osasco
21354,fashion_male_clothing,49.8,lajeado
21355,,49.8,campo limpo paulista
21356,,49.8,bocaiuva
21357,home_confort,49.8,bento goncalves
21358,cine_photo,49.8,americana
21359,cine_photo,49.8,sao luis
21360,fashion_male_clothing,49.8,reserva
21361,,49.8,imbe
21362,telephony,49.79,ibotirama
21363,,49.77,erechim
21364,,49.77,bacuri
21365,,49.77,araucaria
21366,,49.77,sao manuel
21367,,49.77,santa rita d'oeste
21368,garden_tools,49.75,canavieiras
21369,furniture_decor,49.7,sabara
21370,audio,49.699999999999996,serra
21371,audio,49.699999999999996,carapicuiba
21372,construction_tools_construction,49.6,jacarei
21373,construction_tools_construction,49.6,indaiatuba
21374,stationery,49.6,borrazopolis
21375,,49.59,muriae
21376,housewares,49.5,timburi
21377,cool_stuff,49.5,euclides da cunha
21378,housewares,49.5,sumidouro
21379,housewares,49.5,maximiliano de almeida
21380,health_beauty,49.5,medeiros
21381,auto,49.49,porangatu
21382,construction_tools_construction,49.49,santa cruz do rio pardo
21383,auto,49.49,estancia velha
21384,health_beauty,49.49,doce grande
21385,auto,49.49,ibiuna
21386,auto,49.49,barbacena
21387,small_appliances,49.45,carapicuiba
21388,health_beauty,49.4,sao luis do quitunde
21389,health_beauty,49.39,paicandu
21390,health_beauty,49.39,itarare
21391,art,49.3,irece
21392,bed_bath_table,49.3,sao jose do xingu
21393,housewares,49.2,aiuruoca
21394,small_appliances,49.1,itu
21395,small_appliances,49.1,altamira do parana
21396,garden_tools,49.0,salto de pirapora
21397,watches_gifts,49.0,bias fortes
21398,fashion_bags_accessories,49.0,quatigua
21399,fashion_bags_accessories,49.0,jacareacanga
21400,fashion_bags_accessories,49.0,catanduva
21401,fashion_bags_accessories,49.0,baguari
21402,watches_gifts,49.0,goioere
21403,garden_tools,49.0,itapetinga
21404,watches_gifts,49.0,vargem alta
21405,electronics,49.0,foz do jordao
21406,garden_tools,49.0,ivoti
21407,watches_gifts,49.0,itapejara d'oeste
21408,home_appliances,49.0,santana do paraiso
21409,fashion_bags_accessories,49.0,paraibuna
21410,furniture_decor,49.0,morro da fumaca
21411,furniture_decor,49.0,mafra
21412,fashion_bags_accessories,49.0,trombudo central
21413,watches_gifts,49.0,corbelia
21414,fashion_bags_accessories,49.0,barbacena
21415,stationery,49.0,perdigao
21416,stationery,49.0,joacaba
21417,telephony,49.0,itapeva
21418,consoles_games,49.0,dias d'avila
21419,watches_gifts,49.0,floriano
21420,watches_gifts,49.0,cananeia
21421,fashion_bags_accessories,49.0,vacaria
21422,fashion_bags_accessories,49.0,marialva
21423,watches_gifts,49.0,tuiuti
21424,garden_tools,49.0,resende costa
21425,garden_tools,49.0,faxinal
21426,watches_gifts,49.0,soledade
21427,bed_bath_table,49.0,itabirito
21428,fashion_bags_accessories,49.0,mansidao
21429,fashion_bags_accessories,49.0,tres marias
21430,garden_tools,49.0,joviania
21431,telephony,49.0,santa isabel do para
21432,fashion_bags_accessories,49.0,andradina
21433,cool_stuff,49.0,coromandel
21434,fashion_bags_accessories,49.0,tangara da serra
21435,construction_tools_construction,49.0,rio real
21436,watches_gifts,49.0,nuporanga
21437,garden_tools,49.0,santo antonio do monte
21438,musical_instruments,49.0,araguaia
21439,telephony,49.0,avare
21440,fashion_bags_accessories,49.0,fraiburgo
21441,telephony,49.0,castilho
21442,fashion_bags_accessories,49.0,paulinia
21443,small_appliances,49.0,ponte serrada
21444,garden_tools,49.0,esplanada
21445,housewares,49.0,nova venecia
21446,telephony,49.0,codo
21447,fashion_bags_accessories,49.0,poa
21448,furniture_decor,49.0,irineopolis
21449,watches_gifts,49.0,fruta de leite
21450,telephony,49.0,bela vista do maranhao
21451,luggage_accessories,49.0,minacu
21452,garden_tools,49.0,garibaldi
21453,toys,49.0,sobral
21454,fashion_bags_accessories,49.0,ivaipora
21455,watches_gifts,49.0,corumbaiba
21456,fashion_bags_accessories,49.0,iepe
21457,housewares,49.0,goncalves
21458,fashion_bags_accessories,49.0,vitorino
21459,garden_tools,49.0,barbalha
21460,fashion_bags_accessories,49.0,alagoinhas
21461,watches_gifts,49.0,mateus leme
21462,bed_bath_table,49.0,iomere
21463,watches_gifts,49.0,bela vista de goias
21464,watches_gifts,49.0,cravinhos
21465,watches_gifts,49.0,sao jose do cerrito
21466,fashion_bags_accessories,49.0,formiga
21467,musical_instruments,49.0,fortaleza
21468,housewares,49.0,santa cruz da conceicao
21469,fashion_bags_accessories,49.0,imperatriz
21470,fashion_bags_accessories,49.0,campo limpo paulista
21471,housewares,49.0,osvaldo cruz
21472,watches_gifts,49.0,uba
21473,watches_gifts,49.0,timon
21474,fashion_bags_accessories,49.0,sao goncalo do sapucai
21475,musical_instruments,49.0,domingos martins
21476,fashion_bags_accessories,49.0,garanhuns
21477,fashio_female_clothing,49.0,diadema
21478,consoles_games,49.0,pradopolis
21479,fashion_bags_accessories,49.0,martins soares
21480,fashion_bags_accessories,49.0,piedade
21481,furniture_decor,49.0,elisiario
21482,fashion_bags_accessories,49.0,tamandare
21483,garden_tools,49.0,apiai
21484,garden_tools,49.0,sao pedro do turvo
21485,telephony,49.0,guarei
21486,consoles_games,49.0,cantagalo
21487,electronics,49.0,nova prata
21488,garden_tools,49.0,nova olimpia
21489,fashion_bags_accessories,49.0,barra do tarrachil
21490,housewares,49.0,japira
21491,fashion_bags_accessories,49.0,nhandeara
21492,watches_gifts,49.0,sao bento do sapucai
21493,garden_tools,49.0,taguai
21494,fashion_bags_accessories,49.0,castro alves
21495,fashion_bags_accessories,49.0,feira de santana
21496,telephony,49.0,nova granada
21497,watches_gifts,49.0,capitolio
21498,fashion_bags_accessories,49.0,sao roque
21499,fashion_bags_accessories,49.0,lagoa formosa
21500,garden_tools,49.0,barro
21501,fashion_bags_accessories,49.0,antonio pereira
21502,watches_gifts,49.0,bom jardim
21503,fashion_bags_accessories,49.0,prudente de morais
21504,fashion_bags_accessories,49.0,santo antonio de jesus
21505,watches_gifts,49.0,avelar
21506,garden_tools,49.0,mutuipe
21507,telephony,48.99,campo verde
21508,telephony,48.99,jaragua
21509,furniture_decor,48.99,sao gotardo
21510,electronics,48.99,cambe
21511,electronics,48.99,sao pedro da aldeia
21512,market_place,48.99,balneario camboriu
21513,telephony,48.99,igarata
21514,books_technical,48.99,salinas
21515,telephony,48.98,santo antonio da platina
21516,telephony,48.98,mambore
21517,computers_accessories,48.98,conceicao do tocantins
21518,telephony,48.98,gaspar
21519,telephony,48.98,lindoia
21520,telephony,48.98,belo jardim
21521,telephony,48.97,cruzeiro
21522,,48.9,campanario
21523,cool_stuff,48.9,ipira
21524,luggage_accessories,48.9,vargem grande do sul
21525,books_general_interest,48.9,itapevi
21526,kitchen_dining_laundry_garden_furniture,48.9,aguas de lindoia
21527,auto,48.9,duartina
21528,baby,48.9,itapira
21529,electronics,48.9,lagoa santa
21530,stationery,48.9,ouro preto
21531,construction_tools_construction,48.9,nova brescia
21532,luggage_accessories,48.9,russas
21533,office_furniture,48.9,urucurituba
21534,watches_gifts,48.9,tapiratiba
21535,toys,48.9,penapolis
21536,cool_stuff,48.9,jussara
21537,baby,48.9,bebedouro
21538,baby,48.9,navegantes
21539,office_furniture,48.9,dois irmaos
21540,small_appliances,48.9,valenca
21541,baby,48.9,palhoca
21542,stationery,48.9,getulio vargas
21543,art,48.9,esmeraldas
21544,pet_shop,48.9,ibiruba
21545,luggage_accessories,48.9,planalto
21546,baby,48.9,rolim de moura
21547,baby,48.9,sertania
21548,baby,48.9,indiapora
21549,bed_bath_table,48.9,cabedelo
21550,bed_bath_table,48.9,saudade do iguacu
21551,kitchen_dining_laundry_garden_furniture,48.9,salto
21552,baby,48.9,tabapua
21553,pet_shop,48.9,palmitinho
21554,bed_bath_table,48.9,iraquara
21555,cool_stuff,48.9,pau d'arco
21556,kitchen_dining_laundry_garden_furniture,48.9,rio grande
21557,baby,48.9,colatina
21558,cool_stuff,48.9,bodo
21559,small_appliances,48.9,candido mota
21560,baby,48.9,carazinho
21561,office_furniture,48.9,barroso
21562,bed_bath_table,48.9,vargem
21563,kitchen_dining_laundry_garden_furniture,48.9,nova iguacu
21564,air_conditioning,48.9,mogi das cruzes
21565,art,48.9,brotas
21566,baby,48.9,parauapebas
21567,baby,48.9,ceu azul
21568,luggage_accessories,48.9,sao sebastiao
21569,baby,48.9,florestal
21570,small_appliances,48.9,bom jesus do itabapoana
21571,baby,48.9,bonfim paulista
21572,baby,48.9,tibagi
21573,stationery,48.9,regente feijo
21574,cool_stuff,48.9,porto firme
21575,housewares,48.9,icara
21576,art,48.9,feira de santana
21577,kitchen_dining_laundry_garden_furniture,48.9,belem
21578,luggage_accessories,48.9,santa lucia
21579,baby,48.9,aquidauana
21580,pet_shop,48.9,paranaiba
21581,health_beauty,48.9,itiuba
21582,health_beauty,48.89,quijingue
21583,art,48.65,erechim
21584,art,48.65,porto velho
21585,art,48.65,atibaia
21586,computers_accessories,48.6,governador portela
21587,,48.5,passo de torres
21588,bed_bath_table,48.04,prudentopolis
21589,garden_tools,48.0,varzea grande
21590,kitchen_dining_laundry_garden_furniture,48.0,eloi mendes
21591,fashion_bags_accessories,48.0,porto velho
21592,construction_tools_construction,48.0,paulinia
21593,bed_bath_table,48.0,jaguari
21594,computers_accessories,48.0,senges
21595,kitchen_dining_laundry_garden_furniture,48.0,vila velha
21596,garden_tools,48.0,moreira sales
21597,telephony,48.0,planura
21598,musical_instruments,48.0,machadinho
21599,garden_tools,48.0,simonesia
21600,home_appliances,48.0,itubera
21601,bed_bath_table,48.0,protasio alves
21602,telephony,48.0,lencois paulista
21603,construction_tools_construction,48.0,juazeiro
21604,kitchen_dining_laundry_garden_furniture,48.0,sete lagoas
21605,bed_bath_table,48.0,dourado
21606,small_appliances,48.0,vassouras
21607,kitchen_dining_laundry_garden_furniture,48.0,paulo afonso
21608,garden_tools,48.0,lagoa dourada
21609,watches_gifts,48.0,indiaroba
21610,construction_tools_construction,48.0,eunapolis
21611,costruction_tools_garden,47.99,presidente epitacio
21612,housewares,47.99,santa cruz de minas
21613,costruction_tools_garden,47.99,aruja
21614,housewares,47.99,castelo
21615,housewares,47.99,sao joao de iracema
21616,housewares,47.99,monte aprazivel
21617,housewares,47.99,paraguacu paulista
21618,housewares,47.99,tramandai
21619,health_beauty,47.99,itaitinga
21620,housewares,47.99,santarem
21621,telephony,47.98,mafra
21622,telephony,47.98,maracai
21623,stationery,47.95,mantena
21624,baby,47.9,guaranta
21625,bed_bath_table,47.9,serro
21626,perfumery,47.9,taiobeiras
21627,auto,47.9,tres passos
21628,perfumery,47.9,formiga
21629,market_place,47.9,novo hamburgo
21630,sports_leisure,47.9,americo brasiliense
21631,perfumery,47.9,tres cachoeiras
21632,housewares,47.9,andorinha
21633,perfumery,47.9,morrinhos
21634,market_place,47.9,cordeiro
21635,market_place,47.9,pirassununga
21636,telephony,47.9,ribas do rio pardo
21637,home_appliances,47.9,cacapava
21638,sports_leisure,47.9,guimarania
21639,bed_bath_table,47.9,comendador levy gasparian
21640,market_place,47.9,fazenda rio grande
21641,electronics,47.9,tupa
21642,housewares,47.9,cruzeiro do sul
21643,telephony,47.89,sapeacu
21644,housewares,47.89,mangaratiba
21645,telephony,47.89,concordia
21646,toys,47.88,pedra
21647,,47.81,jacarau
21648,bed_bath_table,47.8,vargem bonita
21649,food,47.8,blumenau
21650,luggage_accessories,47.71,divino
21651,cine_photo,47.7,taboao da serra
21652,food_drink,47.7,torres
21653,health_beauty,47.65,portao
21654,health_beauty,47.65,guaruja do sul
21655,health_beauty,47.65,siqueira campos
21656,health_beauty,47.65,alto rio doce
21657,health_beauty,47.65,canavieiras
21658,fashion_bags_accessories,47.6,populina
21659,fashion_bags_accessories,47.6,senges
21660,computers_accessories,47.55,arraial d'ajuda
21661,baby,47.5,paripiranga
21662,baby,47.5,dourado
21663,signaling_and_security,47.5,amparo
21664,food,47.5,itajuba
21665,drinks,47.49,feira de santana
21666,drinks,47.49,peabiru
21667,drinks,47.49,carapicuiba
21668,drinks,47.49,cacu
21669,drinks,47.49,erechim
21670,drinks,47.49,canoas
21671,drinks,47.49,itapevi
21672,drinks,47.49,manaus
21673,health_beauty,47.49,cabralia paulista
21674,drinks,47.49,horizontina
21675,drinks,47.49,dourados
21676,drinks,47.49,venda nova do imigrante
21677,drinks,47.49,aluminio
21678,drinks,47.49,macatuba
21679,drinks,47.49,inacio martins
21680,drinks,47.49,itapema
21681,drinks,47.49,alcinopolis
21682,drinks,47.49,uruguaiana
21683,electronics,47.45,sao jose da barra
21684,stationery,47.4,itapui
21685,food,47.39,cajamar
21686,health_beauty,47.21,laranjeiras do sul
21687,housewares,47.2,paiva
21688,auto,47.2,imbau
21689,computers_accessories,47.09,cerquilho
21690,art,47.08,sorocaba
21691,stationery,47.07,abaete
21692,computers_accessories,47.0,vargem grande do sul
21693,food,47.0,itajai
21694,food,47.0,sao miguel arcanjo
21695,home_confort,47.0,fazenda rio grande
21696,diapers_and_hygiene,47.0,campina grande
21697,fashio_female_clothing,47.0,sete lagoas
21698,furniture_decor,46.99,arraial do cabo
21699,furniture_living_room,46.99,uberlandia
21700,toys,46.99,ivaipora
21701,sports_leisure,46.99,agudos
21702,sports_leisure,46.99,icara
21703,sports_leisure,46.99,guanhaes
21704,furniture_decor,46.99,vacaria
21705,furniture_decor,46.99,lindoia
21706,telephony,46.98,taquaritinga
21707,food_drink,46.98,guaruja
21708,furniture_decor,46.98,apiai
21709,telephony,46.98,machado
21710,telephony,46.98,juazeiro do norte
21711,telephony,46.97,leopoldina
21712,musical_instruments,46.9,seropedica
21713,cool_stuff,46.9,sao sebastiao do maranhao
21714,auto,46.9,arapoti
21715,food,46.9,pontalinda
21716,auto,46.9,campo largo
21717,food,46.9,jales
21718,computers_accessories,46.9,serrolandia
21719,telephony,46.89,miracema
21720,computers_accessories,46.89,batatais
21721,computers_accessories,46.86,tiradentes do sul
21722,electronics,46.8,piedade
21723,sports_leisure,46.8,apiai
21724,,46.8,dois irmaos
21725,consoles_games,46.69,lambari
21726,perfumery,46.63,vale real
21727,health_beauty,46.6,novo horizonte
21728,telephony,46.48,palmas
21729,health_beauty,46.4,arapoti
21730,health_beauty,46.4,bom jesus
21731,electronics,46.349999999999994,jaguariuna
21732,sports_leisure,46.33,sericita
21733,housewares,46.2,conceicao do mato dentro
21734,diapers_and_hygiene,46.0,hortolandia
21735,consoles_games,46.0,quixada
21736,,46.0,embu
21737,diapers_and_hygiene,46.0,taboao da serra
21738,computers_accessories,46.0,cansancao
21739,consoles_games,46.0,itabira
21740,construction_tools_lights,46.0,timoteo
21741,housewares,45.99,aguas de sao pedro
21742,housewares,45.99,barras
21743,garden_tools,45.99,araruna
21744,housewares,45.99,andrelandia
21745,furniture_living_room,45.99,taubate
21746,garden_tools,45.99,marau
21747,telephony,45.99,matrincha
21748,computers_accessories,45.980000000000004,bom jesus dos perdoes
21749,baby,45.98,eunapolis
21750,telephony,45.98,monte alegre de minas
21751,construction_tools_construction,45.97,indaial
21752,construction_tools_construction,45.97,lindoia
21753,stationery,45.97,rio do campo
21754,construction_tools_construction,45.97,munhoz
21755,bed_bath_table,45.95,passa tres
21756,bed_bath_table,45.95,quixabeira
21757,bed_bath_table,45.95,aparecida
21758,bed_bath_table,45.95,jaguariaiva
21759,bed_bath_table,45.95,taguai
21760,bed_bath_table,45.95,ronda alta
21761,bed_bath_table,45.95,alto araguaia
21762,furniture_decor,45.9,palmeira d'oeste
21763,furniture_decor,45.9,alpinopolis
21764,furniture_decor,45.9,jacare
21765,health_beauty,45.9,limoeiro
21766,bed_bath_table,45.9,goiatuba
21767,stationery,45.9,queluz
21768,bed_bath_table,45.9,massape
21769,books_general_interest,45.9,ribeirao pires
21770,pet_shop,45.9,santa rita
21771,furniture_decor,45.9,sete barras
21772,garden_tools,45.9,santa adelia
21773,computers_accessories,45.9,carbonita
21774,sports_leisure,45.9,quatigua
21775,luggage_accessories,45.9,paraiba do sul
21776,books_general_interest,45.9,prado
21777,cool_stuff,45.9,brejo da madre de deus
21778,furniture_decor,45.9,sao tiago
21779,cool_stuff,45.9,humberto de campos
21780,luggage_accessories,45.9,santa cruz do sul
21781,cool_stuff,45.9,amontada
21782,pet_shop,45.9,imperatriz
21783,bed_bath_table,45.9,padre bernardo
21784,telephony,45.9,julio de castilhos
21785,bed_bath_table,45.9,capitao poco
21786,stationery,45.9,iracemapolis
21787,bed_bath_table,45.9,ribeirao claro
21788,furniture_decor,45.9,carlinda
21789,bed_bath_table,45.9,santa cruz das palmeiras
21790,,45.9,nova odessa
21791,bed_bath_table,45.9,trombudo central
21792,furniture_decor,45.9,barra bonita
21793,consoles_games,45.9,sinop
21794,furniture_decor,45.9,astorga
21795,luggage_accessories,45.9,tres cachoeiras
21796,furniture_decor,45.9,reserva do cabacal
21797,bed_bath_table,45.9,jacarezinho
21798,pet_shop,45.9,joacaba
21799,furniture_decor,45.9,trindade
21800,perfumery,45.9,campo ere
21801,costruction_tools_tools,45.9,palhoca
21802,perfumery,45.9,crominia
21803,luggage_accessories,45.9,sao domingos do norte
21804,auto,45.9,marituba
21805,furniture_decor,45.9,itabirito
21806,perfumery,45.9,cerro largo
21807,housewares,45.89,santa ines
21808,telephony,45.89,cachoeira alta
21809,musical_instruments,45.87,ponte nova
21810,bed_bath_table,45.8,gloria de dourados
21811,christmas_supplies,45.8,sabinopolis
21812,furniture_decor,45.8,arandu
21813,christmas_supplies,45.8,rio claro
21814,housewares,45.8,angulo
21815,electronics,45.8,eunapolis
21816,computers_accessories,45.73,satuba
21817,computers_accessories,45.73,severinia
21818,sports_leisure,45.7,francisco badaro
21819,home_appliances,45.699999999999996,cajamar
21820,computers_accessories,45.65,maria da fe
21821,food_drink,45.62,osasco
21822,housewares,45.62,macedonia
21823,garden_tools,45.6,jatai
21824,computers_accessories,45.6,ilha solteira
21825,luggage_accessories,45.6,pilar do sul
21826,computers_accessories,45.6,rio brilhante
21827,housewares,45.5,taquari
21828,fashion_male_clothing,45.5,laranjal paulista
21829,electronics,45.49,piraju
21830,electronics,45.49,lagoa grande
21831,drinks,45.49,rio verde
21832,fashion_bags_accessories,45.2,barra bonita
21833,audio,45.05,lencois paulista
21834,furniture_decor,45.0,biguacu
21835,stationery,45.0,alfenas
21836,furniture_decor,45.0,alem paraiba
21837,fashion_male_clothing,45.0,queiroz
21838,housewares,45.0,capitolio
21839,books_technical,45.0,regente feijo
21840,cds_dvds_musicals,45.0,belford roxo
21841,small_appliances,45.0,quixeramobim
21842,sports_leisure,45.0,rio pardo de minas
21843,computers_accessories,45.0,bonfim
21844,cds_dvds_musicals,45.0,sao bernardo do campo
21845,pet_shop,45.0,votuporanga
21846,furniture_decor,45.0,sao miguel arcanjo
21847,telephony,45.0,itai
21848,auto,45.0,indiara
21849,housewares,45.0,barra de sao joao
21850,computers_accessories,45.0,dias d avila
21851,construction_tools_lights,45.0,curvelo
21852,home_appliances,45.0,santa rita do araguaia
21853,stationery,45.0,antonio martins
21854,sports_leisure,45.0,sao miguel arcanjo
21855,stationery,45.0,vera
21856,furniture_decor,45.0,sao domingos das dores
21857,auto,45.0,ribeira do amparo
21858,watches_gifts,45.0,ibiajara
21859,construction_tools_lights,45.0,sao caetano do sul
21860,audio,45.0,portao
21861,cds_dvds_musicals,45.0,passo fundo
21862,auto,45.0,santa teresa
21863,audio,45.0,recife
21864,watches_gifts,45.0,ilopolis
21865,housewares,45.0,extrema
21866,telephony,45.0,brasil novo
21867,pet_shop,45.0,sabara
21868,watches_gifts,45.0,teolandia
21869,diapers_and_hygiene,45.0,jundiai
21870,fixed_telephony,45.0,campinas
21871,consoles_games,45.0,vespasiano
21872,audio,45.0,capinopolis
21873,books_general_interest,45.0,iturama
21874,sports_leisure,45.0,altinopolis
21875,computers_accessories,45.0,sao miguel do oeste
21876,stationery,45.0,nepomuceno
21877,watches_gifts,45.0,ponte serrada
21878,home_appliances,45.0,avare
21879,books_general_interest,45.0,nova odessa
21880,housewares,45.0,herval d'oeste
21881,watches_gifts,45.0,monte alto
21882,home_appliances,45.0,lorena
21883,stationery,45.0,paulista
21884,cds_dvds_musicals,45.0,rio de janeiro
21885,watches_gifts,45.0,mata roma
21886,home_appliances,45.0,quadra
21887,watches_gifts,45.0,imbituba
21888,watches_gifts,45.0,adolfo
21889,baby,45.0,angatuba
21890,toys,45.0,jaboticabal
21891,computers_accessories,45.0,monte formoso
21892,sports_leisure,45.0,sao sebastiao da amoreira
21893,fashion_bags_accessories,45.0,monte alto
21894,housewares,45.0,alto do rodrigues
21895,stationery,45.0,goiana
21896,sports_leisure,45.0,piripiri
21897,construction_tools_lights,44.99,votorantim
21898,books_general_interest,44.99,porto velho
21899,bed_bath_table,44.99,fenix
21900,furniture_decor,44.99,remanso
21901,perfumery,44.99,socorro
21902,computers_accessories,44.99,iguape
21903,books_imported,44.99,paranagua
21904,telephony,44.99,panambi
21905,toys,44.99,ipojuca
21906,cool_stuff,44.99,janauba
21907,computers_accessories,44.99,moju
21908,computers_accessories,44.99,una
21909,pet_shop,44.99,hidrolandia
21910,computers_accessories,44.99,tabuleiro do norte
21911,telephony,44.99,catanduva
21912,sports_leisure,44.99,vista alegre do alto
21913,computers_accessories,44.99,rancharia
21914,computers_accessories,44.99,butia
21915,audio,44.99,mirinzal
21916,sports_leisure,44.99,ipu
21917,computers_accessories,44.99,sao fidelis
21918,computers_accessories,44.99,uniao da vitoria
21919,auto,44.989999999999995,jales
21920,health_beauty,44.98,bacabal
21921,telephony,44.98,cabo de santo agostinho
21922,telephony,44.97,varzea paulista
21923,toys,44.95,marmeleiro
21924,stationery,44.9,russas
21925,consoles_games,44.9,putinga
21926,books_general_interest,44.9,paraguacu paulista
21927,books_general_interest,44.9,nova ponte
21928,home_confort,44.9,olinda
21929,toys,44.9,araucaria
21930,,44.9,sertaozinho
21931,books_general_interest,44.9,itaiopolis
21932,bed_bath_table,44.9,maravilha
21933,toys,44.9,sangao
21934,toys,44.9,limoeiro do norte
21935,,44.9,monte siao
21936,perfumery,44.9,sao jose de ribamar
21937,books_general_interest,44.9,santa barbara d'oeste
21938,,44.9,madre de deus de minas
21939,,44.9,caconde
21940,bed_bath_table,44.9,itapiranga
21941,furniture_living_room,44.9,campos dos goytacazes
21942,toys,44.9,macaubal
21943,housewares,44.9,sao jose da lapa
21944,books_general_interest,44.9,santiago
21945,toys,44.9,itaocara
21946,health_beauty,44.9,sao miguel do iguacu
21947,bed_bath_table,44.9,alvorada do norte
21948,christmas_supplies,44.9,campo belo
21949,books_general_interest,44.9,juazeiro
21950,home_confort,44.9,queimados
21951,computers_accessories,44.9,areia branca
21952,health_beauty,44.9,ipameri
21953,pet_shop,44.9,araucaria
21954,toys,44.9,quixada
21955,stationery,44.9,pontao
21956,art,44.9,novo hamburgo
21957,pet_shop,44.9,campo bom
21958,signaling_and_security,44.9,julio de castilhos
21959,housewares,44.9,candido de abreu
21960,sports_leisure,44.9,morro da fumaca
21961,books_general_interest,44.9,itapeva
21962,health_beauty,44.9,palestina
21963,computers_accessories,44.9,anta gorda
21964,cool_stuff,44.9,guara
21965,health_beauty,44.9,apora
21966,art,44.9,itapetininga
21967,stationery,44.9,macaubal
21968,toys,44.9,granja
21969,auto,44.89,niquelandia
21970,telephony,44.89,santo antonio do jacinto
21971,telephony,44.89,gramado
21972,kitchen_dining_laundry_garden_furniture,44.88,blumenau
21973,art,44.8,sumidouro
21974,dvds_blu_ray,44.8,florianopolis
21975,fashion_bags_accessories,44.8,presidente venceslau
21976,sports_leisure,44.8,sao joao do paraiso
21977,baby,44.78,ararangua
21978,baby,44.78,mallet
21979,furniture_mattress_and_upholstery,44.7,joinville
21980,furniture_mattress_and_upholstery,44.7,paulinia
21981,housewares,44.63,camamu
21982,sports_leisure,44.6,ampere
21983,furniture_decor,44.55,umuarama
21984,sports_leisure,44.5,rio largo
21985,health_beauty,44.5,porciuncula
21986,perfumery,44.5,belem do sao francisco
21987,garden_tools,44.5,holambra
21988,books_general_interest,44.5,sinop
21989,drinks,44.49,caxambu
21990,sports_leisure,44.49,floriano
21991,books_general_interest,44.49,caratinga
21992,cool_stuff,44.49,diamantina
21993,cool_stuff,44.49,iguape
21994,agro_industry_and_commerce,44.3,vila velha
21995,food_drink,44.19,guarulhos
21996,home_appliances,44.1,jaguariuna
21997,food_drink,44.06,maceio
21998,watches_gifts,44.0,riolandia
21999,computers_accessories,44.0,tamarana
22000,watches_gifts,44.0,charqueada
22001,watches_gifts,44.0,jari
22002,computers_accessories,44.0,areias
22003,watches_gifts,44.0,sobral
22004,fashion_bags_accessories,44.0,montanha
22005,auto,44.0,iguatu
22006,watches_gifts,44.0,baixa grande
22007,watches_gifts,44.0,francisco beltrao
22008,sports_leisure,43.99,colombia
22009,bed_bath_table,43.99,juquia
22010,construction_tools_construction,43.99,roque gonzales
22011,cool_stuff,43.99,chapeco
22012,sports_leisure,43.99,cristais paulista
22013,furniture_decor,43.99,sao bras do suacui
22014,telephony,43.989999999999995,sarandi
22015,telephony,43.98,aruja
22016,bed_bath_table,43.98,cristina
22017,health_beauty,43.98,sao gotardo
22018,housewares,43.98,sud mennucci
22019,housewares,43.98,salmourao
22020,telephony,43.98,resplendor
22021,health_beauty,43.98,itariri
22022,construction_tools_construction,43.97,tres marias
22023,health_beauty,43.9,posse
22024,health_beauty,43.9,coracao de jesus
22025,sports_leisure,43.9,california
22026,sports_leisure,43.9,barra
22027,stationery,43.9,carrancas
22028,luggage_accessories,43.9,foz do iguacu
22029,sports_leisure,43.9,coribe
22030,health_beauty,43.9,santa barbara do sul
22031,garden_tools,43.9,pilar
22032,luggage_accessories,43.9,francisco beltrao
22033,sports_leisure,43.9,santana do livramento
22034,kitchen_dining_laundry_garden_furniture,43.9,remanso
22035,luggage_accessories,43.9,carmo
22036,computers_accessories,43.89,parana
22037,telephony,43.879999999999995,confresa
22038,party_supplies,43.8,california da barra
22039,party_supplies,43.8,campinorte
22040,toys,43.8,palmeirinha
22041,bed_bath_table,43.8,ametista do sul
22042,electronics,43.8,oriente
22043,fashion_bags_accessories,43.8,simoes filho
22044,party_supplies,43.8,leopoldina
22045,computers_accessories,43.8,medeiros neto
22046,toys,43.8,porto amazonas
22047,fashion_bags_accessories,43.8,adamantina
22048,auto,43.7,ouroeste
22049,food_drink,43.6,ferros
22050,electronics,43.599999999999994,curvelo
22051,electronics,43.55,camaragibe
22052,,43.5,braganca paulista
22053,computers_accessories,43.5,ubai
22054,fashion_male_clothing,43.5,palmeira das missoes
22055,food_drink,43.47,andrelandia
22056,telephony,43.45,valparaiso
22057,housewares,43.3,jandira
22058,books_general_interest,43.3,alvorada
22059,telephony,43.27,arroio do meio
22060,computers_accessories,43.22,francisco beltrao
22061,garden_tools,43.21,divinolandia de minas
22062,flowers,43.2,parapua
22063,home_appliances,43.2,ipatinga
22064,drinks,43.0,balneario camboriu
22065,housewares,43.0,agisse
22066,drinks,43.0,muzambinho
22067,baby,43.0,chopinzinho
22068,sports_leisure,43.0,buritizal
22069,sports_leisure,43.0,portelandia
22070,drinks,43.0,vera cruz
22071,baby,43.0,esmeraldas
22072,construction_tools_construction,43.0,candoi
22073,drinks,43.0,cotia
22074,diapers_and_hygiene,43.0,belo horizonte
22075,housewares,43.0,caxias
22076,sports_leisure,43.0,rancharia
22077,toys,42.99,uniao da vitoria
22078,construction_tools_construction,42.99,cosmopolis
22079,furniture_decor,42.99,iracemapolis
22080,computers_accessories,42.99,sao gabriel do oeste
22081,computers_accessories,42.99,iacanga
22082,construction_tools_construction,42.99,iracemapolis
22083,pet_shop,42.99,otacilio costa
22084,toys,42.99,traipu
22085,pet_shop,42.99,paulista
22086,toys,42.99,ipiranga
22087,toys,42.99,braganca
22088,toys,42.99,alpinopolis
22089,bed_bath_table,42.99,augusto pestana
22090,toys,42.99,lauro muller
22091,pet_shop,42.99,rio verde
22092,pet_shop,42.99,mariana
22093,bed_bath_table,42.99,areia branca dos assis
22094,toys,42.99,caico
22095,pet_shop,42.99,cedro do abaete
22096,pet_shop,42.99,guararapes
22097,telephony,42.98,curitibanos
22098,construction_tools_construction,42.97,londrina
22099,construction_tools_construction,42.97,sao jose dos pinhais
22100,sports_leisure,42.93,paragominas
22101,perfumery,42.9,goiana
22102,cool_stuff,42.9,tombos
22103,perfumery,42.9,pojuca
22104,home_appliances,42.9,bom conselho
22105,health_beauty,42.9,tanque novo
22106,computers_accessories,42.9,castanheiras
22107,furniture_living_room,42.9,iguape
22108,signaling_and_security,42.9,ribeirao pires
22109,perfumery,42.9,sao roque do canaa
22110,sports_leisure,42.9,renascenca
22111,books_technical,42.9,itapemirim
22112,sports_leisure,42.9,paranapanema
22113,furniture_decor,42.9,lorena
22114,computers_accessories,42.9,piratininga
22115,health_beauty,42.9,iguatu
22116,,42.89,sao luis
22117,computers_accessories,42.79,vespasiano
22118,computers_accessories,42.79,socorro
22119,computers_accessories,42.79,tres de maio
22120,small_appliances,42.72,ijui
22121,housewares,42.69,novo barreiro
22122,books_general_interest,42.58,votuporanga
22123,construction_tools_construction,42.5,resplendor
22124,electronics,42.5,mascote
22125,consoles_games,42.5,lavras
22126,furniture_decor,42.5,general carneiro
22127,health_beauty,42.49,brazopolis
22128,auto,42.36,estancia
22129,toys,42.2,siqueira campos
22130,toys,42.2,raul soares
22131,construction_tools_construction,42.11,sao pedro da aldeia
22132,toys,42.0,sao sebastiao do alto
22133,housewares,42.0,porteirinha
22134,telephony,42.0,grao para
22135,bed_bath_table,42.0,aribice
22136,electronics,42.0,guapiacu
22137,sports_leisure,42.0,rosario do sul
22138,home_confort,42.0,teofilo otoni
22139,telephony,42.0,brotas
22140,housewares,42.0,liberdade
22141,home_appliances,42.0,tiete
22142,telephony,42.0,timbo
22143,housewares,42.0,arcoverde
22144,stationery,42.0,nilopolis
22145,food,42.0,agua nova
22146,housewares,42.0,santa vitoria
22147,housewares,42.0,conceicao de macabu
22148,toys,42.0,macaiba
22149,auto,41.99,osorio
22150,construction_tools_construction,41.99,timoteo
22151,pet_shop,41.99,tres coracoes
22152,pet_shop,41.99,campo limpo paulista
22153,bed_bath_table,41.99,itagi
22154,housewares,41.99,nobres
22155,telephony,41.989999999999995,taquari
22156,telephony,41.98,tiete
22157,telephony,41.98,passo de camaragibe
22158,telephony,41.959999999999994,itapejara d'oeste
22159,furniture_decor,41.9,nova prata
22160,health_beauty,41.9,irapua
22161,furniture_decor,41.9,barao de cotegipe
22162,computers_accessories,41.9,nepomuceno
22163,computers_accessories,41.9,porto uniao
22164,perfumery,41.9,aimores
22165,bed_bath_table,41.9,xanxere
22166,costruction_tools_garden,41.89,cristopolis
22167,telephony,41.87,mairipora
22168,housewares,41.8,iacanga
22169,toys,41.8,aracoiaba da serra
22170,perfumery,41.8,barrinha
22171,health_beauty,41.8,jacarezinho
22172,computers_accessories,41.79,campos belos
22173,books_technical,41.65,formosa
22174,food_drink,41.5,santa cruz do sul
22175,sports_leisure,41.5,florinia
22176,food,41.49,varzea paulista
22177,food,41.49,cuiaba
22178,telephony,41.489999999999995,maravilha
22179,costruction_tools_garden,41.47,ji-parana
22180,sports_leisure,41.4,carambei
22181,,41.3,pelotas
22182,fashion_bags_accessories,41.3,jacarezinho
22183,fashion_bags_accessories,41.3,cerro azul
22184,,41.3,sao bento do sul
22185,bed_bath_table,41.14,soledade de minas
22186,pet_shop,41.0,aripuana
22187,pet_shop,41.0,monte mor
22188,musical_instruments,41.0,itajai
22189,sports_leisure,41.0,piquete
22190,bed_bath_table,40.99,xique-xique
22191,telephony,40.98,cruz alta
22192,home_appliances,40.95,mampituba
22193,luggage_accessories,40.9,votuporanga
22194,stationery,40.9,maranhaozinho
22195,stationery,40.9,aparecida do taboado
22196,computers_accessories,40.9,rio das antas
22197,stationery,40.9,mantenopolis
22198,construction_tools_construction,40.9,sao jeronimo
22199,fashion_male_clothing,40.9,pouso alegre
22200,health_beauty,40.9,patrocinio do muriae
22201,health_beauty,40.9,sao jose do calcado
22202,electronics,40.9,jacarezinho
22203,telephony,40.89,timon
22204,construction_tools_safety,40.8,ruy barbosa
22205,construction_tools_safety,40.8,sao jose do rio pardo
22206,construction_tools_safety,40.8,nova lima
22207,construction_tools_safety,40.8,elias fausto
22208,food_drink,40.8,santos dumont
22209,electronics,40.8,caldas novas
22210,costruction_tools_garden,40.8,nilopolis
22211,home_appliances,40.8,ipira
22212,food_drink,40.8,vitoria
22213,costruction_tools_garden,40.8,cotia
22214,electronics,40.8,itaborai
22215,construction_tools_safety,40.8,cubatao
22216,food_drink,40.8,caieiras
22217,electronics,40.8,sao borja
22218,health_beauty,40.75,piumhi
22219,toys,40.71,itaobim
22220,home_appliances,40.7,pien
22221,housewares,40.64,janauba
22222,luggage_accessories,40.62,manduri
22223,construction_tools_construction,40.6,mongagua
22224,,40.6,votorantim
22225,stationery,40.55,gramado
22226,housewares,40.5,gramado
22227,garden_tools,40.49,benedito novo
22228,telephony,40.48,dom basilio
22229,computers_accessories,40.3,uniao de minas
22230,home_appliances,40.19,francisco morato
22231,auto,40.0,pocrane
22232,consoles_games,40.0,jussari
22233,consoles_games,40.0,santo amaro da imperatriz
22234,consoles_games,40.0,simolandia
22235,signaling_and_security,40.0,paulinia
22236,construction_tools_lights,40.0,guaiba
22237,small_appliances,40.0,guarapuava
22238,party_supplies,40.0,serra
22239,office_furniture,40.0,francisco morato
22240,fashion_male_clothing,40.0,canela
22241,musical_instruments,40.0,pederneiras
22242,books_technical,40.0,sao joao de meriti
22243,housewares,40.0,lagoa grande
22244,computers_accessories,40.0,ubajara
22245,auto,40.0,maraba
22246,drinks,40.0,ijui
22247,health_beauty,40.0,goianorte
22248,consoles_games,40.0,barretos
22249,computers_accessories,40.0,oroco
22250,auto,40.0,fundao
22251,books_general_interest,40.0,goias
22252,cine_photo,40.0,guaiba
22253,sports_leisure,40.0,jequia da praia
22254,computers_accessories,40.0,salgueiro
22255,consoles_games,40.0,teolandia
22256,books_technical,40.0,marilia
22257,telephony,39.99,sao pedro
22258,telephony,39.99,bombinhas
22259,sports_leisure,39.99,carmo do paranaiba
22260,bed_bath_table,39.99,bocaiuva do sul
22261,books_general_interest,39.99,vinhedo
22262,fashion_bags_accessories,39.99,igapora
22263,telephony,39.99,lagoa formosa
22264,bed_bath_table,39.99,esperanca
22265,garden_tools,39.99,macaiba
22266,furniture_decor,39.99,sao pedro
22267,health_beauty,39.99,taquarituba
22268,telephony,39.99,engenheiro coelho
22269,sports_leisure,39.99,taiobeiras
22270,pet_shop,39.99,mundo novo
22271,bed_bath_table,39.99,camanducaia
22272,sports_leisure,39.99,barreirinhas
22273,housewares,39.99,paranapanema
22274,fashion_bags_accessories,39.99,antonina
22275,furniture_decor,39.99,jesupolis
22276,telephony,39.99,baturite
22277,perfumery,39.99,cassia
22278,food_drink,39.99,santana do manhuacu
22279,,39.99,cajamar
22280,bed_bath_table,39.99,materlandia
22281,furniture_decor,39.99,piripa
22282,stationery,39.99,caxambu
22283,construction_tools_lights,39.99,imbe
22284,computers_accessories,39.99,campos novos
22285,,39.99,vicosa
22286,telephony,39.99,sabinopolis
22287,auto,39.99,navegantes
22288,telephony,39.99,antonio pereira
22289,furniture_decor,39.99,timbauba
22290,telephony,39.99,goianapolis
22291,telephony,39.99,morro agudo
22292,telephony,39.99,iraucuba
22293,sports_leisure,39.99,eusebio
22294,telephony,39.99,capivari
22295,food_drink,39.99,malacacheta
22296,furniture_decor,39.99,santana da vargem
22297,stationery,39.99,cacule
22298,bed_bath_table,39.99,capela do alto alegre
22299,perfumery,39.99,governador celso ramos
22300,bed_bath_table,39.99,mario campos
22301,bed_bath_table,39.99,terezinha
22302,telephony,39.99,dario meira
22303,fashion_bags_accessories,39.99,agudos
22304,telephony,39.99,siriji
22305,fashion_childrens_clothes,39.99,blumenau
22306,telephony,39.99,itauba
22307,sports_leisure,39.99,nova canaa paulista
22308,telephony,39.99,conceicao da ibitipoca
22309,furniture_decor,39.99,santa terezinha de itaipu
22310,housewares,39.99,unai
22311,telephony,39.99,itaguacu
22312,fixed_telephony,39.99,sao benedito do sul
22313,toys,39.99,itapuranga
22314,perfumery,39.99,jose bonifacio
22315,fashion_bags_accessories,39.99,juquitiba
22316,fashion_bags_accessories,39.99,materlandia
22317,perfumery,39.99,tremembe
22318,telephony,39.99,dianopolis
22319,baby,39.99,garuva
22320,perfumery,39.99,porto uniao
22321,telephony,39.99,vargem alta
22322,bed_bath_table,39.99,inconfidentes
22323,construction_tools_construction,39.99,caetanopolis
22324,baby,39.99,gastao vidigal
22325,sports_leisure,39.99,grandes rios
22326,health_beauty,39.99,medina
22327,bed_bath_table,39.99,ponte alta do norte
22328,auto,39.98,arapongas
22329,telephony,39.98,mirassol d'oeste
22330,computers_accessories,39.98,itapiranga
22331,food,39.98,lorena
22332,consoles_games,39.98,taboao da serra
22333,health_beauty,39.98,mirinzal
22334,furniture_decor,39.98,sao sebastiao do cai
22335,health_beauty,39.97,merces
22336,bed_bath_table,39.97,riachuelo
22337,health_beauty,39.97,ceu azul
22338,bed_bath_table,39.97,carmo da mata
22339,health_beauty,39.97,paraibano
22340,bed_bath_table,39.97,dom feliciano
22341,bed_bath_table,39.97,nhandeara
22342,books_general_interest,39.97,duque de caxias
22343,home_construction,39.95,socorro
22344,computers_accessories,39.95,nova era
22345,bed_bath_table,39.94,quissama
22346,bed_bath_table,39.9,gandu
22347,baby,39.9,taquari
22348,home_appliances,39.9,americana
22349,electronics,39.9,iguatu
22350,bed_bath_table,39.9,sao joao nepomuceno
22351,toys,39.9,patos
22352,fashion_sport,39.9,unai
22353,fashion_bags_accessories,39.9,esteio
22354,cool_stuff,39.9,avare
22355,housewares,39.9,sao pedro do turvo
22356,computers_accessories,39.9,colonia vitoria
22357,computers_accessories,39.9,nova londrina
22358,furniture_decor,39.9,ocaucu
22359,garden_tools,39.9,ariquemes
22360,fashion_bags_accessories,39.9,estancia
22361,,39.9,itarare
22362,arts_and_craftmanship,39.9,valinhos
22363,fashion_bags_accessories,39.9,paranagua
22364,baby,39.9,areia
22365,furniture_decor,39.9,resplendor
22366,musical_instruments,39.9,aruja
22367,musical_instruments,39.9,duque de caxias
22368,telephony,39.9,uniao da vitoria
22369,garden_tools,39.9,ze doca
22370,stationery,39.9,patos de minas
22371,telephony,39.9,cubatao
22372,,39.9,carangola
22373,garden_tools,39.9,varzedo
22374,musical_instruments,39.9,mutum parana
22375,baby,39.9,prudentopolis
22376,pet_shop,39.9,salto de pirapora
22377,computers_accessories,39.9,angatuba
22378,toys,39.9,sao mateus
22379,sports_leisure,39.9,pomerode
22380,sports_leisure,39.9,desterro de entre rios
22381,electronics,39.9,salto
22382,housewares,39.9,maracanau
22383,air_conditioning,39.9,dores do indaia
22384,computers_accessories,39.9,tabocas do brejo velho
22385,electronics,39.9,ibiapina
22386,electronics,39.9,ponta grossa
22387,,39.9,jaguarao
22388,telephony,39.9,saudades
22389,audio,39.9,juquia
22390,garden_tools,39.9,avare
22391,telephony,39.9,sertao
22392,home_construction,39.9,franco da rocha
22393,baby,39.9,alegria
22394,food_drink,39.9,rio grande
22395,books_technical,39.9,sertaozinho
22396,perfumery,39.9,torrinha
22397,books_general_interest,39.9,abadia dos dourados
22398,computers_accessories,39.9,bonfim paulista
22399,fashion_bags_accessories,39.9,crisopolis
22400,housewares,39.9,afonso claudio
22401,electronics,39.9,engenheiro coelho
22402,musical_instruments,39.9,brasil novo
22403,books_technical,39.9,abaetetuba
22404,sports_leisure,39.9,mantenopolis
22405,telephony,39.9,mogi-mirim
22406,auto,39.9,machado
22407,,39.9,sao jose do norte
22408,telephony,39.9,pedrinhas paulista
22409,computers_accessories,39.9,itapitanga
22410,consoles_games,39.9,atibaia
22411,auto,39.9,paranaiguara
22412,housewares,39.9,resplendor
22413,computers_accessories,39.9,candido mota
22414,stationery,39.9,cupira
22415,sports_leisure,39.9,ibipora
22416,books_general_interest,39.9,maua
22417,stationery,39.9,engenheiro beltrao
22418,books_general_interest,39.9,porto ferreira
22419,consoles_games,39.9,pinheiro
22420,bed_bath_table,39.9,sao cristovao
22421,auto,39.9,alexania
22422,books_general_interest,39.9,guarapuava
22423,perfumery,39.9,monte alto
22424,fashion_sport,39.9,rio de janeiro
22425,,39.9,campo mourao
22426,consoles_games,39.9,bom sucesso
22427,furniture_decor,39.9,senhor do bonfim
22428,bed_bath_table,39.9,japura
22429,perfumery,39.9,paraopeba
22430,housewares,39.9,alvinopolis
22431,furniture_decor,39.9,imbituba
22432,pet_shop,39.9,sousa
22433,auto,39.9,general salgado
22434,agro_industry_and_commerce,39.9,braganca paulista
22435,furniture_decor,39.9,baixo guandu
22436,consoles_games,39.9,pirapora
22437,perfumery,39.9,araguari
22438,market_place,39.9,lindoia
22439,,39.9,maurilandia
22440,baby,39.9,pinheiros
22441,telephony,39.9,poco fundo
22442,bed_bath_table,39.9,ladario
22443,fashion_bags_accessories,39.9,uruoca
22444,computers_accessories,39.9,claudia
22445,home_appliances,39.9,betim
22446,electronics,39.9,sao joao evangelista
22447,fashion_bags_accessories,39.9,california da barra
22448,toys,39.9,santa isabel do ivai
22449,luggage_accessories,39.9,santana de parnaiba
22450,housewares,39.9,alvorada
22451,pet_shop,39.9,arroio dos ratos
22452,consoles_games,39.9,girau do ponciano
22453,,39.9,olimpia
22454,sports_leisure,39.9,jesuitas
22455,furniture_decor,39.9,paulista
22456,pet_shop,39.9,luiziana
22457,furniture_decor,39.9,candeias
22458,fashion_bags_accessories,39.9,januaria
22459,computers_accessories,39.9,perdoes
22460,sports_leisure,39.9,cordeiropolis
22461,garden_tools,39.9,pilar do sul
22462,electronics,39.9,pien
22463,telephony,39.9,palhoca
22464,furniture_decor,39.9,natercia
22465,fashion_bags_accessories,39.9,catalao
22466,books_general_interest,39.9,jacarei
22467,telephony,39.9,coroata
22468,computers_accessories,39.9,itapoa
22469,fashion_bags_accessories,39.9,horizontina
22470,telephony,39.9,itaju do colonia
22471,fashion_bags_accessories,39.9,comendador levy gasparian
22472,,39.9,altamira
22473,,39.9,sao jose da barra
22474,toys,39.9,rio negrinho
22475,perfumery,39.9,comodoro
22476,computers_accessories,39.9,itatiba do sul
22477,bed_bath_table,39.9,joanopolis
22478,fashion_bags_accessories,39.9,curitibanos
22479,telephony,39.89,serra do ramalho
22480,telephony,39.89,caratinga
22481,computers_accessories,39.89,sarandi
22482,furniture_living_room,39.89,guaxupe
22483,telephony,39.89,mae d'agua
22484,telephony,39.86,erechim
22485,health_beauty,39.85,serrana
22486,baby,39.8,piracaia
22487,electronics,39.8,itaporanga
22488,consoles_games,39.8,birigui
22489,electronics,39.8,ritapolis
22490,electronics,39.8,guapimirim
22491,audio,39.8,diadema
22492,health_beauty,39.8,caxambu
22493,health_beauty,39.8,ipiabas
22494,electronics,39.8,camacari
22495,electronics,39.8,campo magro
22496,consoles_games,39.8,cascavel
22497,housewares,39.8,papagaios
22498,bed_bath_table,39.8,pato branco
22499,electronics,39.8,viamao
22500,electronics,39.8,ilhabela
22501,baby,39.75,sao jose da vitoria
22502,computers_accessories,39.7,lagoa da prata
22503,sports_leisure,39.7,cruzeiro do oeste
22504,christmas_supplies,39.66,mogi-guacu
22505,cool_stuff,39.6,dois corregos
22506,garden_tools,39.5,rio pomba
22507,perfumery,39.5,juvenilia
22508,garden_tools,39.5,sao romao
22509,baby,39.5,camanducaia
22510,baby,39.5,canavieiras
22511,musical_instruments,39.5,canoas
22512,bed_bath_table,39.5,sao sepe
22513,auto,39.49,ouro preto do oeste
22514,sports_leisure,39.49,urupes
22515,drinks,39.49,volta redonda
22516,garden_tools,39.49,chavantes
22517,housewares,39.3,palmeira das missoes
22518,construction_tools_construction,39.28,toledo
22519,housewares,39.2,afogados da ingazeira
22520,electronics,39.2,itanhaem
22521,,39.0,rio negro
22522,air_conditioning,39.0,mirassol
22523,,39.0,barra do garcas
22524,sports_leisure,39.0,mombuca
22525,toys,39.0,bebedouro
22526,toys,39.0,ipero
22527,telephony,39.0,muquem do sao francisco
22528,fixed_telephony,39.0,araras
22529,home_appliances,39.0,piumhi
22530,housewares,39.0,santo antonio de jesus
22531,pet_shop,39.0,urupes
22532,perfumery,39.0,sao valentim
22533,bed_bath_table,39.0,nova fatima
22534,sports_leisure,39.0,cacequi
22535,watches_gifts,39.0,corinto
22536,auto,39.0,tramandai
22537,auto,39.0,cordeiropolis
22538,luggage_accessories,39.0,cajati
22539,watches_gifts,39.0,areia branca
22540,home_appliances,39.0,santo antonio da patrulha
22541,electronics,39.0,raposos
22542,food_drink,39.0,ilhabela
22543,home_appliances,39.0,candelaria
22544,telephony,39.0,paraguacu paulista
22545,auto,39.0,entre rios do oeste
22546,computers_accessories,39.0,pitangueiras
22547,books_general_interest,39.0,itaborai
22548,housewares,39.0,balneario rincao
22549,toys,39.0,aguas lindas de goias
22550,home_appliances,39.0,formoso
22551,cool_stuff,39.0,conceicao do tocantins
22552,consoles_games,39.0,mirandiba
22553,watches_gifts,39.0,nova venecia
22554,housewares,39.0,irece
22555,watches_gifts,39.0,santa tereza do oeste
22556,food_drink,38.99,sao luis
22557,bed_bath_table,38.99,simonesia
22558,health_beauty,38.99,paulo jacinto
22559,electronics,38.99,mata de sao joao
22560,bed_bath_table,38.99,luis eduardo magalhaes
22561,telephony,38.98,rancharia
22562,telephony,38.98,tijucas
22563,telephony,38.98,mococa
22564,baby,38.97,caldas novas
22565,baby,38.97,guararapes
22566,baby,38.97,irece
22567,books_general_interest,38.9,itapetininga
22568,bed_bath_table,38.9,coimbra
22569,market_place,38.9,montes claros
22570,bed_bath_table,38.9,granja
22571,books_general_interest,38.9,piumhii
22572,computers_accessories,38.9,triunfo
22573,consoles_games,38.9,ilhabela
22574,computers_accessories,38.9,paraguacu
22575,construction_tools_construction,38.9,itambacuri
22576,cool_stuff,38.9,cajazeiras
22577,computers_accessories,38.9,serrinha
22578,housewares,38.9,ataleia
22579,food,38.9,viamao
22580,musical_instruments,38.9,sao joaquim da barra
22581,toys,38.9,catalao
22582,computers_accessories,38.9,tapiratiba
22583,computers_accessories,38.9,liberdade
22584,bed_bath_table,38.9,salto do jacui
22585,drinks,38.9,lorena
22586,computers_accessories,38.9,dionisio
22587,computers_accessories,38.9,espigao alto do iguacu
22588,telephony,38.89,unai
22589,toys,38.89,mimoso do sul
22590,food,38.85,itanhaem
22591,electronics,38.8,fraiburgo
22592,electronics,38.8,angra dos reis
22593,bed_bath_table,38.8,bananeiras
22594,baby,38.8,dona francisca
22595,toys,38.8,pirai do sul
22596,housewares,38.75,nova londrina
22597,pet_shop,38.7,santos dumont
22598,fashion_bags_accessories,38.7,catigua
22599,home_comfort_2,38.7,rio de janeiro
22600,home_comfort_2,38.7,goiania
22601,telephony,38.7,guaicara
22602,auto,38.67,guarani das missoes
22603,small_appliances,38.62,vargem grande do sul
22604,fashion_male_clothing,38.5,gravatai
22605,furniture_decor,38.5,santa rosa de lima
22606,home_appliances,38.5,araras
22607,furniture_decor,38.5,patos
22608,furniture_decor,38.5,mendes
22609,fashion_male_clothing,38.5,guaruja
22610,fashion_male_clothing,38.5,passos
22611,electronics,38.45,adamantina
22612,fashion_male_clothing,38.4,frutal
22613,furniture_decor,38.4,formoso do araguaia
22614,furniture_decor,38.4,itaiopolis
22615,pet_shop,38.33,itapicuru
22616,toys,38.25,ipumirim
22617,toys,38.25,caibi
22618,toys,38.25,mineiros do tiete
22619,toys,38.25,mutum
22620,toys,38.25,curvelo
22621,sports_leisure,38.2,luis antonio
22622,small_appliances,38.17,paracambi
22623,consoles_games,38.0,ipiranga
22624,stationery,38.0,santa isabel
22625,industry_commerce_and_business,38.0,massaranduba
22626,consoles_games,38.0,santa maria do salto
22627,diapers_and_hygiene,38.0,salvador
22628,fashion_bags_accessories,38.0,prado
22629,housewares,38.0,cesario lange
22630,consoles_games,38.0,ibiruba
22631,housewares,38.0,acucena
22632,consoles_games,38.0,itaborai
22633,musical_instruments,38.0,itaguai
22634,fashion_bags_accessories,38.0,itaperuna
22635,books_technical,38.0,itapeva
22636,fashion_bags_accessories,38.0,porto feliz
22637,consoles_games,38.0,paracambi
22638,industry_commerce_and_business,38.0,afonso claudio
22639,stationery,38.0,farroupilha
22640,small_appliances,38.0,praia grande
22641,telephony,37.99,pinheiros
22642,telephony,37.99,guaraciaba do norte
22643,sports_leisure,37.99,japuiba
22644,furniture_decor,37.99,minas novas
22645,,37.99,barretos
22646,computers_accessories,37.99,ubirata
22647,telephony,37.99,mutum
22648,telephony,37.99,tangua
22649,telephony,37.99,irece
22650,telephony,37.99,xinguara
22651,furniture_decor,37.99,abre campo
22652,telephony,37.99,piraju
22653,telephony,37.99,ibiai
22654,sports_leisure,37.99,sao jose do cedro
22655,auto,37.99,irupi
22656,telephony,37.99,lavras da mangabeira
22657,telephony,37.99,mogi mirim
22658,furniture_decor,37.99,sao raimundo nonato
22659,telephony,37.99,chopinzinho
22660,telephony,37.99,belmonte
22661,cool_stuff,37.98,nova esperanca
22662,telephony,37.98,passagem franca
22663,telephony,37.98,juvenilia
22664,telephony,37.98,caibate
22665,telephony,37.98,papucaia
22666,home_construction,37.95,paraibano
22667,luggage_accessories,37.9,conceicao do coite
22668,luggage_accessories,37.9,pirassununga
22669,cool_stuff,37.9,sao lourenco do sul
22670,pet_shop,37.9,tarabai
22671,health_beauty,37.9,joaima
22672,furniture_living_room,37.9,blumenau
22673,fashion_bags_accessories,37.9,pontal do parana
22674,luggage_accessories,37.9,santana do acarau
22675,fashion_bags_accessories,37.9,aquidauana
22676,construction_tools_safety,37.9,janauba
22677,auto,37.9,campina verde
22678,health_beauty,37.9,unistalda
22679,books_general_interest,37.9,pirapora
22680,home_appliances_2,37.9,firminopolis
22681,fashion_shoes,37.9,atibaia
22682,perfumery,37.9,garopaba
22683,telephony,37.89,itapoa
22684,telephony,37.89,sao luiz gonzaga
22685,costruction_tools_garden,37.88,carazinho
22686,telephony,37.86,xanxere
22687,telephony,37.8,sao lourenco do sul
22688,electronics,37.8,porto nacional
22689,electronics,37.8,campo ere
22690,telephony,37.8,matupa
22691,fixed_telephony,37.8,fortaleza
22692,,37.8,capao do cipo
22693,telephony,37.64,ibiuna
22694,garden_tools,37.55,pindoretama
22695,health_beauty,37.5,pimenteiras
22696,toys,37.5,ananindeua
22697,health_beauty,37.5,carmo do cajuru
22698,furniture_decor,37.5,taquaritinga do norte
22699,furniture_decor,37.5,ibicare
22700,furniture_decor,37.5,sao thome das letras
22701,sports_leisure,37.49,ourilandia do norte
22702,garden_tools,37.49,pouso redondo
22703,sports_leisure,37.49,sao goncalo do sapucai
22704,baby,37.47,botucatu
22705,housewares,37.4,uruacu
22706,electronics,37.35,vinhedo
22707,electronics,37.15,sao sepe
22708,,37.13,muzambinho
22709,home_appliances,37.1,apucarana
22710,diapers_and_hygiene,37.0,maringa
22711,sports_leisure,37.0,nossa senhora do o
22712,auto,37.0,andira
22713,diapers_and_hygiene,37.0,aracatuba
22714,health_beauty,37.0,sao sebastiao do passe
22715,health_beauty,37.0,colorado
22716,diapers_and_hygiene,37.0,brodowski
22717,toys,37.0,nilopolis
22718,auto,37.0,pesqueira
22719,auto,37.0,carapebus
22720,health_beauty,37.0,jussiape
22721,computers_accessories,37.0,alvorada do gurgueia
22722,construction_tools_lights,37.0,pocos de caldas
22723,watches_gifts,37.0,ribeira do pombal
22724,pet_shop,36.99,cardoso
22725,pet_shop,36.99,sapucaia do sul
22726,pet_shop,36.99,jatauba
22727,pet_shop,36.99,guanhaes
22728,food_drink,36.98,petropolis
22729,telephony,36.98,armacao dos buzios
22730,luggage_accessories,36.9,santana do sobrado
22731,baby,36.9,varzea grande
22732,musical_instruments,36.9,iguape
22733,,36.9,abaete
22734,musical_instruments,36.9,sanga puita
22735,art,36.9,engenheiro beltrao
22736,stationery,36.9,crisopolis
22737,auto,36.9,santa maria madalena
22738,stationery,36.9,nova soure
22739,,36.9,indaial
22740,housewares,36.9,itatiaiucu
22741,housewares,36.9,dias d'avila
22742,toys,36.9,caxambu
22743,housewares,36.9,inocencia
22744,stationery,36.9,claudio
22745,stationery,36.9,paranagua
22746,pet_shop,36.9,itabirito
22747,housewares,36.9,ananindeua
22748,stationery,36.9,santa adelia
22749,sports_leisure,36.9,goiatuba
22750,fashion_bags_accessories,36.9,nonoai
22751,health_beauty,36.9,dois corregos
22752,housewares,36.9,olindina
22753,computers_accessories,36.9,uruara
22754,toys,36.9,bombinhas
22755,sports_leisure,36.9,tiete
22756,toys,36.9,campos altos
22757,musical_instruments,36.9,rio branco
22758,stationery,36.9,piracuruca
22759,musical_instruments,36.9,araguaina
22760,watches_gifts,36.9,santo antonio do amparo
22761,electronics,36.89,vespasiano
22762,musical_instruments,36.87,taquaritinga
22763,art,36.85,lucelia
22764,toys,36.82,maravilhas
22765,toys,36.82,itapeva
22766,pet_shop,36.8,garanhuns
22767,electronics,36.8,paranapanema
22768,computers_accessories,36.79,maraba
22769,consoles_games,36.79,viamao
22770,toys,36.79,querencia
22771,consoles_games,36.76,igrejinha
22772,baby,36.75,santa rosa de lima
22773,home_appliances,36.75,itapolis
22774,garden_tools,36.7,santa rita do ibitipoca
22775,food_drink,36.65,olimpia
22776,food_drink,36.65,aracariguama
22777,electronics,36.64,careacu
22778,electronics,36.5,conservatoria
22779,fashion_shoes,36.5,recife
22780,housewares,36.5,nova prata
22781,toys,36.5,mirandopolis
22782,home_appliances,36.5,ribeirao
22783,drinks,36.49,ipatinga
22784,drinks,36.49,caraguatatuba
22785,christmas_supplies,36.39,belo horizonte
22786,electronics,36.3,itapetininga
22787,stationery,36.23,balneario camboriu
22788,consoles_games,36.2,uruguaiana
22789,auto,36.19,abare
22790,home_appliances,36.15,nova veneza
22791,electronics,36.1,sao caetano do sul
22792,auto,36.0,pedro afonso
22793,sports_leisure,36.0,meruoca
22794,health_beauty,36.0,torres
22795,sports_leisure,36.0,mata verde
22796,construction_tools_lights,36.0,eldorado
22797,toys,36.0,congonhas
22798,garden_tools,36.0,miranorte
22799,luggage_accessories,36.0,meleiro
22800,computers_accessories,35.99,corumba
22801,food_drink,35.99,piraquara
22802,computers_accessories,35.99,horizonte
22803,home_appliances,35.99,pimenta
22804,garden_tools,35.99,palestina
22805,computers_accessories,35.99,lagoa do mato
22806,computers_accessories,35.99,urutai
22807,telephony,35.99,prata
22808,,35.99,posse
22809,electronics,35.99,ibiuna
22810,telephony,35.99,aripuana
22811,food_drink,35.99,araraquara
22812,telephony,35.98,embu-guacu
22813,telephony,35.98,macatuba
22814,bed_bath_table,35.96,saudades
22815,market_place,35.9,ourinhos
22816,baby,35.9,campo alegre de goias
22817,fashion_shoes,35.9,aguas de lindoia
22818,luggage_accessories,35.9,itapetinga
22819,fashion_shoes,35.9,pedreira
22820,health_beauty,35.9,martins soares
22821,sports_leisure,35.9,caceres
22822,tablets_printing_image,35.9,cuiaba
22823,health_beauty,35.9,ritapolis
22824,health_beauty,35.9,iramaia
22825,tablets_printing_image,35.9,itabira
22826,air_conditioning,35.9,sumare
22827,home_appliances,35.9,jacunda
22828,fashion_shoes,35.9,itapira
22829,stationery,35.9,rio negro
22830,fashion_shoes,35.9,cajamar
22831,toys,35.9,pedro afonso
22832,health_beauty,35.9,poloni
22833,toys,35.9,aparecida do taboado
22834,health_beauty,35.9,itaguara
22835,baby,35.9,cicero dantas
22836,home_appliances,35.9,araraquara
22837,air_conditioning,35.9,campina grande
22838,kitchen_dining_laundry_garden_furniture,35.9,medianeira
22839,toys,35.9,mantena
22840,baby,35.9,nova ponte
22841,books_general_interest,35.9,cascavel
22842,baby,35.9,jaciara
22843,sports_leisure,35.9,sales oliveira
22844,baby,35.9,tabatinga
22845,luggage_accessories,35.9,remanso
22846,books_general_interest,35.9,guaira
22847,market_place,35.9,marilia
22848,fashion_shoes,35.9,taboao da serra
22849,fashion_shoes,35.9,sao caetano do sul
22850,market_place,35.9,sumare
22851,sports_leisure,35.9,bicas
22852,housewares,35.9,boa esperanca do iguacu
22853,auto,35.9,jequitinhonha
22854,musical_instruments,35.9,poa
22855,health_beauty,35.9,monte azul paulista
22856,computers_accessories,35.9,dias d'avila
22857,kitchen_dining_laundry_garden_furniture,35.9,macae
22858,sports_leisure,35.9,virginia
22859,musical_instruments,35.9,pedreira
22860,kitchen_dining_laundry_garden_furniture,35.9,fernandopolis
22861,health_beauty,35.9,divino das laranjeiras
22862,costruction_tools_garden,35.89,itobi
22863,housewares,35.8,inaciolandia
22864,small_appliances,35.73,sao marcos
22865,home_appliances,35.7,planaltina de goias
22866,audio,35.64,americana
22867,audio,35.64,juiz de fora
22868,home_appliances,35.6,sao goncalo do rio preto
22869,home_appliances,35.6,cabo frio
22870,christmas_supplies,35.599999999999994,corumba
22871,electronics,35.55,nova lima
22872,electronics,35.55,assis
22873,furniture_decor,35.5,florania
22874,sports_leisure,35.5,holambra
22875,sports_leisure,35.49,ubirata
22876,electronics,35.49,ijui
22877,telephony,35.489999999999995,dores do rio preto
22878,furniture_decor,35.4,almirante tamandare
22879,home_appliances,35.3,ponta grossa
22880,home_appliances,35.2,bocaina
22881,home_appliances,35.2,novo cruzeiro
22882,home_appliances,35.2,martinho campos
22883,small_appliances_home_oven_and_coffee,35.19,uberlandia
22884,toys,35.09,pirapozinho
22885,garden_tools,35.06,goitacazes
22886,watches_gifts,35.0,santa maria da vitoria
22887,home_appliances,35.0,capistrano
22888,books_technical,35.0,santa helena
22889,telephony,35.0,espumoso
22890,home_appliances,35.0,vera cruz
22891,fashion_bags_accessories,35.0,itapira
22892,sports_leisure,35.0,cruzeiro da fortaleza
22893,drinks,35.0,jardinopolis
22894,fashion_bags_accessories,35.0,cajamar
22895,costruction_tools_garden,35.0,sidrolandia
22896,sports_leisure,35.0,porto nacional
22897,fashion_bags_accessories,35.0,sao francisco de paula
22898,watches_gifts,35.0,saudade do iguacu
22899,books_general_interest,35.0,sao luis
22900,computers_accessories,35.0,condor
22901,computers_accessories,35.0,santo antonio do amparo
22902,cool_stuff,35.0,piedade
22903,housewares,35.0,matozinhos
22904,art,35.0,sapiranga
22905,health_beauty,35.0,sao manuel
22906,christmas_supplies,35.0,jaboatao dos guararapes
22907,toys,35.0,vilhena
22908,toys,35.0,oliveira
22909,,35.0,gurupi
22910,cool_stuff,35.0,pote
22911,watches_gifts,35.0,sud mennucci
22912,costruction_tools_garden,35.0,ibirite
22913,party_supplies,35.0,osasco
22914,christmas_supplies,35.0,maringa
22915,,35.0,luiz alves
22916,christmas_supplies,35.0,santo amaro da imperatriz
22917,fashion_bags_accessories,35.0,timbauba
22918,sports_leisure,35.0,candido mota
22919,food_drink,35.0,embu das artes
22920,furniture_decor,35.0,campo belo
22921,health_beauty,35.0,sao bentinho
22922,telephony,35.0,celina
22923,health_beauty,35.0,bonfim paulista
22924,agro_industry_and_commerce,35.0,suzano
22925,musical_instruments,35.0,leme
22926,furniture_decor,35.0,sao joao nepomuceno
22927,telephony,35.0,curiuva
22928,furniture_decor,35.0,paicandu
22929,books_general_interest,35.0,matinhos
22930,baby,35.0,caxias
22931,housewares,35.0,leme
22932,,35.0,triunfo
22933,books_technical,35.0,vinhedo
22934,books_general_interest,35.0,pirapozinho
22935,watches_gifts,35.0,santa barbara d oeste
22936,fashion_bags_accessories,35.0,miravania
22937,books_technical,35.0,brotas
22938,fashion_bags_accessories,35.0,salesopolis
22939,home_appliances,35.0,paraguacu
22940,telephony,35.0,canavieiras
22941,telephony,35.0,ituiutaba
22942,furniture_decor,35.0,brejo santo
22943,housewares,35.0,cunha pora
22944,cool_stuff,35.0,linhares
22945,health_beauty,35.0,dois irmaos
22946,furniture_living_room,35.0,suzano
22947,christmas_supplies,35.0,guarulhos
22948,electronics,35.0,patos de minas
22949,health_beauty,35.0,colonia vitoria
22950,cool_stuff,35.0,alem paraiba
22951,agro_industry_and_commerce,35.0,rolandia
22952,cool_stuff,35.0,rifaina
22953,,34.99,peri mirim
22954,,34.99,aparecida de goiania
22955,home_comfort_2,34.99,itu
22956,fashion_bags_accessories,34.99,cornelio procopio
22957,furniture_decor,34.99,rio branco do sul
22958,computers_accessories,34.99,sananduva
22959,bed_bath_table,34.99,pau dos ferros
22960,computers_accessories,34.99,aguas belas
22961,computers_accessories,34.99,cachoeira do sul
22962,telephony,34.99,janiopolis
22963,telephony,34.99,lagoa da confusao
22964,,34.99,lencois paulista
22965,health_beauty,34.99,paranapua
22966,toys,34.99,itaguacu
22967,telephony,34.99,paraopeba
22968,telephony,34.99,timbauba
22969,furniture_decor,34.99,clementina
22970,fashion_bags_accessories,34.99,tucurui
22971,telephony,34.99,salgueiro
22972,health_beauty,34.99,balsas
22973,luggage_accessories,34.99,maua
22974,computers_accessories,34.99,tres coroas
22975,telephony,34.99,itauna
22976,audio,34.99,tabapua
22977,auto,34.99,canela
22978,furniture_decor,34.99,mariana
22979,fixed_telephony,34.99,cotia
22980,auto,34.99,japeri
22981,fashio_female_clothing,34.99,cuiaba
22982,computers_accessories,34.99,macaubas
22983,construction_tools_lights,34.99,rio grande
22984,pet_shop,34.99,ivate
22985,telephony,34.99,paraiso das aguas
22986,costruction_tools_garden,34.99,ferraz de vasconcelos
22987,toys,34.99,itapagipe
22988,toys,34.99,julio de castilhos
22989,,34.99,santana de parnaiba
22990,garden_tools,34.99,ipanema
22991,,34.99,presidente epitacio
22992,musical_instruments,34.99,paranavai
22993,telephony,34.99,varginha
22994,musical_instruments,34.99,sao jose do vale do rio preto
22995,telephony,34.99,sao jose da lapa
22996,telephony,34.99,tupaciguara
22997,market_place,34.99,getulio vargas
22998,sports_leisure,34.99,carire
22999,auto,34.989999999999995,carai
23000,fashion_bags_accessories,34.95,palmeiras
23001,housewares,34.93,santa barbara d oeste
23002,garden_tools,34.9,santa albertina
23003,garden_tools,34.9,arcos
23004,signaling_and_security,34.9,guaira
23005,home_appliances,34.9,santa isabel
23006,bed_bath_table,34.9,parauapebas
23007,electronics,34.9,guaira
23008,fashion_bags_accessories,34.9,arcos
23009,,34.9,imigrante
23010,fashion_bags_accessories,34.9,carnaubal
23011,market_place,34.9,arcos
23012,fashion_bags_accessories,34.9,lencois paulista
23013,toys,34.9,rancharia
23014,toys,34.9,marau
23015,,34.9,sao joao do manhuacu
23016,fashion_bags_accessories,34.9,rio preto
23017,drinks,34.9,santa barbara d'oeste
23018,fashion_bags_accessories,34.9,dias d'avila
23019,toys,34.9,moju
23020,bed_bath_table,34.9,miracema
23021,small_appliances,34.9,itanhaem
23022,housewares,34.9,sao bento do una
23023,toys,34.9,carlos chagas
23024,toys,34.9,santa cruz das palmeiras
23025,air_conditioning,34.9,marilia
23026,fashion_bags_accessories,34.9,bebedouro
23027,,34.9,ituiutaba
23028,housewares,34.9,santo antonio do monte
23029,bed_bath_table,34.9,gabriel monteiro
23030,signaling_and_security,34.9,guararema
23031,pet_shop,34.9,junqueiropolis
23032,baby,34.9,nazare paulista
23033,garden_tools,34.9,juranda
23034,toys,34.9,teixeira de freitas
23035,garden_tools,34.9,goiana
23036,bed_bath_table,34.9,iguape
23037,air_conditioning,34.9,nossa senhora das gracas
23038,small_appliances,34.9,lauro de freitas
23039,pet_shop,34.9,alfredo wagner
23040,fashion_bags_accessories,34.9,junqueiropolis
23041,garden_tools,34.9,sabara
23042,fashion_bags_accessories,34.9,peixoto de azevedo
23043,cine_photo,34.9,vespasiano
23044,pet_shop,34.9,itaquitinga
23045,fixed_telephony,34.9,vicentinopolis
23046,toys,34.9,redentora
23047,fashion_bags_accessories,34.9,tubarao
23048,fashion_bags_accessories,34.9,penapolis
23049,small_appliances,34.9,aguas lindas de goias
23050,furniture_decor,34.9,corbelia
23051,fashion_bags_accessories,34.9,antonio goncalves
23052,health_beauty,34.9,sao jorge do oeste
23053,toys,34.9,avare
23054,fashion_bags_accessories,34.9,paragominas
23055,consoles_games,34.9,rolante
23056,garden_tools,34.9,nova prata
23057,consoles_games,34.9,miracema
23058,furniture_decor,34.9,prados
23059,fashion_bags_accessories,34.9,caxambu
23060,small_appliances,34.9,ibiuna
23061,fashion_shoes,34.9,santa mariana
23062,perfumery,34.9,carangola
23063,,34.9,monte aprazivel
23064,books_general_interest,34.9,portao
23065,auto,34.9,astolfo dutra
23066,telephony,34.9,cesario lange
23067,housewares,34.9,riolandia
23068,fashion_bags_accessories,34.9,teixeira
23069,fashion_bags_accessories,34.9,balneario camboriu
23070,fashion_bags_accessories,34.9,conceicao das pedras
23071,toys,34.9,aracruz
23072,bed_bath_table,34.9,anta gorda
23073,costruction_tools_garden,34.89,itanhaem
23074,baby,34.89,martinesia
23075,costruction_tools_garden,34.84,colombia
23076,fashion_bags_accessories,34.8,cachoeira paulista
23077,cool_stuff,34.7,iturama
23078,sports_leisure,34.6,mojui dos campos
23079,furniture_living_room,34.5,ibiassuce
23080,auto,34.5,junqueiropolis
23081,baby,34.49,frutal
23082,sports_leisure,34.49,california da barra
23083,health_beauty,34.49,parisi
23084,auto,34.4,camacan
23085,small_appliances,34.39,ibitinga
23086,garden_tools,34.38,aguas lindas de goias
23087,books_technical,34.3,presidente epitacio
23088,fashion_bags_accessories,34.3,maracaju
23089,,34.3,porecatu
23090,,34.3,tucano
23091,books_technical,34.3,barra de sao francisco
23092,fashion_bags_accessories,34.3,arvoredo
23093,electronics,34.3,tatui
23094,fashion_bags_accessories,34.3,sao roque do canaa
23095,,34.3,caxias do sul
23096,,34.3,rio grande da serra
23097,fashion_bags_accessories,34.3,araucaria
23098,,34.3,niquelandia
23099,books_technical,34.3,cuiaba
23100,stationery,34.23,ituiutaba
23101,consoles_games,34.2,praia grande
23102,home_appliances,34.19,senador canedo
23103,telephony,34.0,alcinopolis
23104,health_beauty,34.0,crisolita
23105,drinks,34.0,jaguariuna
23106,home_appliances,34.0,nova canaa
23107,drinks,34.0,palotina
23108,furniture_decor,34.0,faxinal
23109,health_beauty,34.0,vera cruz
23110,drinks,34.0,sao joaquim da barra
23111,telephony,34.0,sousa
23112,fashion_bags_accessories,34.0,lavras
23113,bed_bath_table,33.99,jaguarembe
23114,watches_gifts,33.99,pompeia
23115,telephony,33.94,ituverava
23116,computers_accessories,33.9,campos altos
23117,bed_bath_table,33.9,pongai
23118,telephony,33.9,sao jose do vale do rio preto
23119,toys,33.9,elias fausto
23120,costruction_tools_garden,33.9,trajano de moraes
23121,costruction_tools_garden,33.9,novo hamburgo
23122,perfumery,33.89,aruja
23123,computers_accessories,33.89,augusto pestana
23124,telephony,33.87,vermelho novo
23125,computers_accessories,33.85,presidente epitacio
23126,furniture_decor,33.8,xanxere
23127,health_beauty,33.8,buerarema
23128,garden_tools,33.8,jaguare
23129,health_beauty,33.8,castro
23130,furniture_decor,33.8,vitoria das missoes
23131,fashion_bags_accessories,33.6,castanhal
23132,garden_tools,33.6,guabiju
23133,electronics,33.55,boituva
23134,electronics,33.55,parnaiba
23135,electronics,33.55,cachoeiro de itapemirim
23136,electronics,33.55,diamante do norte
23137,electronics,33.55,garca
23138,electronics,33.5,monte siao
23139,home_construction,33.5,arroio do meio
23140,,33.4,orlandia
23141,flowers,33.2,belo horizonte
23142,furniture_decor,33.0,lucelia
23143,sports_leisure,33.0,jauru
23144,costruction_tools_garden,33.0,sao jose dos campos
23145,housewares,33.0,frederico westphalen
23146,drinks,33.0,buri
23147,housewares,33.0,sao joao dos patos
23148,fixed_telephony,33.0,bauru
23149,computers_accessories,33.0,cedral
23150,,33.0,francisco morato
23151,sports_leisure,33.0,santos dumont
23152,fixed_telephony,33.0,americana
23153,signaling_and_security,33.0,guaruja
23154,fixed_telephony,33.0,aluminio
23155,books_technical,33.0,itaocara
23156,furniture_decor,33.0,ilha de itamaraca
23157,housewares,33.0,sao pedro de alcantara
23158,drinks,33.0,ubatuba
23159,fixed_telephony,32.99,taguai
23160,fixed_telephony,32.99,caieiras
23161,health_beauty,32.99,cordeiropolis
23162,telephony,32.99,sao mateus
23163,fixed_telephony,32.99,teixeira de freitas
23164,fixed_telephony,32.99,prudencio thomaz
23165,fixed_telephony,32.99,teresopolis
23166,fixed_telephony,32.99,orlandia
23167,fixed_telephony,32.99,bicas
23168,home_construction,32.99,sao joao del rei
23169,pet_shop,32.99,candido rodrigues
23170,fixed_telephony,32.99,ituiutaba
23171,fixed_telephony,32.99,atibaia
23172,furniture_decor,32.99,ipojuca
23173,market_place,32.99,colinas
23174,furniture_living_room,32.99,maringa
23175,fixed_telephony,32.99,ribeirao das neves
23176,telephony,32.99,sao jose do ouro
23177,fixed_telephony,32.99,farroupilha
23178,,32.99,descoberto
23179,fixed_telephony,32.99,itaicaba
23180,furniture_decor,32.99,joviania
23181,garden_tools,32.99,pocoes de paineiras
23182,telephony,32.99,divino
23183,auto,32.99,ibipora
23184,baby,32.98,missal
23185,health_beauty,32.98,maripa
23186,health_beauty,32.98,tres de maio
23187,home_appliances,32.9,itapeva
23188,health_beauty,32.9,candeias
23189,housewares,32.9,guapore
23190,health_beauty,32.9,piquete
23191,toys,32.9,cordeiro
23192,fashion_bags_accessories,32.9,alem paraiba
23193,home_appliances,32.9,sao joao da boa vista
23194,home_appliances,32.9,morro agudo de goias
23195,home_appliances,32.9,foz do iguacu
23196,,32.9,veranopolis
23197,home_appliances,32.9,vitoria
23198,market_place,32.9,taubate
23199,home_appliances,32.9,passo fundo
23200,pet_shop,32.9,sao sebastiao da grama
23201,perfumery,32.9,cajamar
23202,home_appliances,32.9,americo brasiliense
23203,fashion_shoes,32.9,marica
23204,home_appliances,32.9,rio grande
23205,books_general_interest,32.9,rio claro
23206,housewares,32.9,guanhaes
23207,home_appliances,32.9,santa helena de goias
23208,home_appliances,32.9,santo antonio do taua
23209,sports_leisure,32.9,irati
23210,books_general_interest,32.9,farroupilha
23211,health_beauty,32.9,victor graeff
23212,home_appliances,32.9,sao raimundo nonato
23213,garden_tools,32.9,russas
23214,housewares,32.9,rio novo do sul
23215,health_beauty,32.9,petrolandia
23216,home_appliances,32.9,conceicao do jacuipe
23217,fashion_shoes,32.9,botucatu
23218,air_conditioning,32.9,taubate
23219,auto,32.9,aluminio
23220,books_general_interest,32.9,paraiso do tocantins
23221,electronics,32.89,barretos
23222,electronics,32.89,caraguatatuba
23223,electronics,32.8,lages
23224,electronics,32.8,ouro branco
23225,electronics,32.8,biguacu
23226,pet_shop,32.64,mirai
23227,pet_shop,32.64,itaperuna
23228,pet_shop,32.64,foz do iguacu
23229,pet_shop,32.64,itapetininga
23230,pet_shop,32.64,teofilo otoni
23231,electronics,32.55,dom pedrito
23232,consoles_games,32.5,araras
23233,computers_accessories,32.5,cacimbinhas
23234,consoles_games,32.5,nova mutum
23235,consoles_games,32.5,sao jose
23236,consoles_games,32.5,congonhas
23237,consoles_games,32.5,quata
23238,food_drink,32.5,itapolis
23239,food_drink,32.5,limeira
23240,construction_tools_construction,32.5,salto
23241,sports_leisure,32.49,volta grande
23242,market_place,32.3,bariri
23243,consoles_games,32.29,jambeiro
23244,electronics,32.15,curitibanos
23245,electronics,32.15,rondonopolis
23246,housewares,32.0,pilar
23247,fashion_bags_accessories,32.0,americano do brasil
23248,fashion_bags_accessories,32.0,piripa
23249,fashion_bags_accessories,32.0,dom eliseu
23250,furniture_decor,32.0,corumbaiba
23251,housewares,32.0,picada cafe
23252,costruction_tools_tools,32.0,pirapora do bom jesus
23253,housewares,32.0,jamapara
23254,stationery,32.0,vitoria da conquista
23255,garden_tools,32.0,batatais
23256,home_appliances,32.0,feira de santana
23257,furniture_decor,32.0,bemposta
23258,books_general_interest,32.0,santa isabel
23259,fashion_bags_accessories,32.0,marilandia
23260,housewares,32.0,lavinia
23261,costruction_tools_tools,32.0,maringa
23262,costruction_tools_tools,32.0,mendes pimentel
23263,fashion_bags_accessories,32.0,leme
23264,sports_leisure,31.99,paraisopolis
23265,health_beauty,31.99,ilha solteira
23266,cool_stuff,31.99,jaboticabal
23267,health_beauty,31.99,irara
23268,home_appliances_2,31.98,janiopolis
23269,stationery,31.98,jarinu
23270,market_place,31.92,itapolis
23271,bed_bath_table,31.9,jardim do serido
23272,computers_accessories,31.9,araguapaz
23273,computers_accessories,31.9,clevelandia
23274,computers_accessories,31.9,itaiopolis
23275,construction_tools_safety,31.9,sumare
23276,computers_accessories,31.9,morro vermelho
23277,computers_accessories,31.9,bias fortes
23278,computers_accessories,31.9,quevedos
23279,computers_accessories,31.9,sao francisco do brejao
23280,computers_accessories,31.9,xique-xique
23281,computers_accessories,31.9,cabaceiras do paraguacu
23282,computers_accessories,31.9,setubinha
23283,computers_accessories,31.9,joao pinheiro
23284,furniture_decor,31.9,mozarlandia
23285,computers_accessories,31.9,sao roque do canaa
23286,computers_accessories,31.9,eneas marques
23287,computers_accessories,31.9,matipo
23288,computers_accessories,31.9,aracuai
23289,computers_accessories,31.9,paragominas
23290,health_beauty,31.9,alexandra
23291,computers_accessories,31.9,nazareno
23292,computers_accessories,31.9,mimoso do sul
23293,computers_accessories,31.9,peritiba
23294,computers_accessories,31.9,nucleo residencial pilar
23295,computers_accessories,31.9,serra de sao bento
23296,computers_accessories,31.9,balneario arroio do silva
23297,computers_accessories,31.9,sao pedro da uniao
23298,computers_accessories,31.9,renascenca
23299,computers_accessories,31.9,barao
23300,computers_accessories,31.9,inhumas
23301,furniture_decor,31.9,castanhal
23302,computers_accessories,31.9,nova erechim
23303,computers_accessories,31.9,floresta
23304,computers_accessories,31.9,ourem
23305,computers_accessories,31.9,grajau
23306,bed_bath_table,31.9,uniao de minas
23307,computers_accessories,31.9,quixada
23308,housewares,31.9,erval grande
23309,computers_accessories,31.9,barra do garcas
23310,costruction_tools_garden,31.89,limeira
23311,furniture_decor,31.8,iapu
23312,electronics,31.799999999999997,porto velho
23313,electronics,31.799999999999997,sertaozinho
23314,christmas_supplies,31.78,caieiras
23315,christmas_supplies,31.78,mairinque
23316,fashion_bags_accessories,31.5,capao da canoa
23317,books_general_interest,31.5,sao marcos
23318,auto,31.5,belo oriente
23319,pet_shop,31.49,chopinzinho
23320,health_beauty,31.49,paulistana
23321,books_technical,31.4,governador portela
23322,food_drink,31.24,bauru
23323,,31.2,areia branca dos assis
23324,flowers,31.2,dourados
23325,food_drink,31.1,volta redonda
23326,health_beauty,31.029999999999998,tambau
23327,health_beauty,31.0,claudia
23328,air_conditioning,31.0,itabela
23329,fashion_bags_accessories,31.0,potiragua
23330,books_general_interest,31.0,tatui
23331,auto,31.0,pompeia
23332,fashion_bags_accessories,31.0,sao fidelis
23333,health_beauty,30.99,ichu
23334,toys,30.99,santa cruz do timbo
23335,health_beauty,30.99,aragarcas
23336,health_beauty,30.99,carrancas
23337,health_beauty,30.97,ibiuna
23338,health_beauty,30.97,santana da vargem
23339,health_beauty,30.97,itaipava
23340,bed_bath_table,30.9,alagoinha
23341,housewares,30.9,boa esperanca do sul
23342,toys,30.9,dom pedrito
23343,housewares,30.9,montanha
23344,telephony,30.86,ouro branco
23345,telephony,30.86,itapiranga
23346,health_beauty,30.79,minacu
23347,toys,30.5,pedro canario
23348,toys,30.5,quatro barras
23349,small_appliances,30.49,lencois paulista
23350,home_appliances,30.45,paranacity
23351,books_general_interest,30.4,ibirite
23352,books_general_interest,30.4,sao carlos
23353,furniture_decor,30.24,lagoa salgada
23354,computers_accessories,30.21,dona emma
23355,computers_accessories,30.21,visconde do rio branco
23356,computers_accessories,30.21,chapada
23357,computers_accessories,30.21,senador canedo
23358,computers_accessories,30.21,paripiranga
23359,home_construction,30.1,betim
23360,home_construction,30.1,rio verde
23361,home_appliances_2,30.09,vicosa
23362,home_appliances_2,30.09,feira de santana
23363,food_drink,30.0,rolandia
23364,diapers_and_hygiene,30.0,campinas
23365,diapers_and_hygiene,30.0,diadema
23366,housewares,30.0,santa branca
23367,books_general_interest,30.0,cabedelo
23368,,30.0,nova bassano
23369,electronics,30.0,dracena
23370,baby,30.0,cocal do sul
23371,fashion_bags_accessories,30.0,vitoria de santo antao
23372,bed_bath_table,30.0,inacio martins
23373,auto,30.0,pinhalao
23374,costruction_tools_garden,30.0,piedade
23375,electronics,30.0,paranapua
23376,auto,30.0,martins soares
23377,home_confort,30.0,saltinho
23378,computers_accessories,30.0,castelandia
23379,auto,30.0,ibirite
23380,small_appliances_home_oven_and_coffee,30.0,caratinga
23381,flowers,30.0,porto alegre
23382,electronics,30.0,rio das flores
23383,costruction_tools_garden,30.0,palmital
23384,home_appliances,30.0,piraju
23385,auto,30.0,amapora
23386,books_general_interest,30.0,maringa
23387,telephony,30.0,guaratinga
23388,auto,30.0,aguas de santa barbara
23389,electronics,30.0,luz
23390,auto,30.0,pomerode
23391,electronics,30.0,alfenas
23392,books_technical,30.0,tres rios
23393,sports_leisure,30.0,vila nelita
23394,books_general_interest,30.0,pongai
23395,housewares,30.0,jacupiranga
23396,home_appliances,30.0,espirito santo do pinhal
23397,baby,29.99,valentim gentil
23398,telephony,29.99,boa vista do gurupi
23399,telephony,29.99,mantena
23400,telephony,29.99,santa rita de jacutinga
23401,telephony,29.99,picui
23402,fashio_female_clothing,29.99,contagem
23403,fashion_bags_accessories,29.99,jaguari
23404,musical_instruments,29.99,bebedouro
23405,telephony,29.99,sao sebastiao do passe
23406,telephony,29.99,catarina
23407,construction_tools_lights,29.99,itapeva
23408,telephony,29.99,pedro de toledo
23409,fashion_bags_accessories,29.99,tabira
23410,toys,29.99,araquari
23411,telephony,29.99,conceicao do jacuipe
23412,telephony,29.99,deputado irapuan pinheiro
23413,telephony,29.99,paulo frontin
23414,auto,29.99,rolandia
23415,fashio_female_clothing,29.99,betim
23416,telephony,29.99,cuite
23417,furniture_decor,29.99,piratuba
23418,books_general_interest,29.99,itaberai
23419,telephony,29.99,nova venecia
23420,telephony,29.99,sertaozinho
23421,telephony,29.99,arealva
23422,telephony,29.99,presidente bernardes
23423,fashion_male_clothing,29.99,santa quiteria
23424,telephony,29.99,parauapebas
23425,sports_leisure,29.99,santana da boa vista
23426,agro_industry_and_commerce,29.99,angical do piaui
23427,market_place,29.99,cocal
23428,bed_bath_table,29.99,tejupa
23429,health_beauty,29.99,pedro de toledo
23430,telephony,29.99,nanuque
23431,telephony,29.99,conchas
23432,telephony,29.99,osorio
23433,telephony,29.99,florida paulista
23434,telephony,29.99,astorga
23435,telephony,29.99,inhapim
23436,telephony,29.99,colorado
23437,telephony,29.99,aperibe
23438,furniture_decor,29.99,mar de espanha
23439,telephony,29.99,centralina
23440,sports_leisure,29.99,rolante
23441,telephony,29.99,sao gabriel do oeste
23442,telephony,29.99,perpetuo socorro
23443,telephony,29.99,bonfim paulista
23444,furniture_decor,29.99,charqueada
23445,fashion_male_clothing,29.99,porto alegre
23446,telephony,29.99,cachoeira do campo
23447,telephony,29.99,trindade
23448,telephony,29.99,sao vicente ferrer
23449,garden_tools,29.99,porto grande
23450,fashio_female_clothing,29.99,santo andre
23451,furniture_decor,29.99,auriflama
23452,baby,29.99,serra dos aimores
23453,telephony,29.99,barra do garcas
23454,telephony,29.99,guapiacu
23455,sports_leisure,29.99,carmopolis de minas
23456,fashion_bags_accessories,29.99,cravinhos
23457,fashion_male_clothing,29.99,campinas
23458,telephony,29.99,joviania
23459,telephony,29.99,torres
23460,fashion_bags_accessories,29.99,alvorada
23461,telephony,29.99,campinorte
23462,telephony,29.99,sao joao das missoes
23463,telephony,29.99,igrapiuna
23464,baby,29.99,santo antonio de jesus
23465,books_general_interest,29.99,cotia
23466,toys,29.99,jacare
23467,telephony,29.99,porto xavier
23468,furniture_decor,29.99,morro agudo
23469,sports_leisure,29.99,boa vista da aparecida
23470,baby,29.99,camaragibe
23471,telephony,29.99,buriti alegre
23472,fashion_bags_accessories,29.99,cabo de santo agostinho
23473,fashio_female_clothing,29.99,poa
23474,auto,29.99,astorga
23475,electronics,29.99,registro
23476,telephony,29.99,tanhacu
23477,fashion_bags_accessories,29.99,itaipava
23478,baby,29.99,colombo
23479,fashion_bags_accessories,29.99,iguaba grande
23480,telephony,29.99,gameleira
23481,telephony,29.99,guarani das missoes
23482,bed_bath_table,29.99,herval
23483,telephony,29.99,belo oriente
23484,watches_gifts,29.99,itaquitinga
23485,telephony,29.99,coreau
23486,bed_bath_table,29.99,campo do meio
23487,telephony,29.99,guia lopes da laguna
23488,fashion_bags_accessories,29.99,caetanopolis
23489,toys,29.99,sao joao
23490,pet_shop,29.99,monte siao
23491,health_beauty,29.99,sao francisco
23492,telephony,29.99,pompeu
23493,telephony,29.99,porto franco
23494,furniture_decor,29.99,sao bento do sapucai
23495,telephony,29.99,porto uniao
23496,furniture_decor,29.99,bandeirantes do tocantins
23497,telephony,29.99,tremembe
23498,fashion_bags_accessories,29.99,telemaco borba
23499,telephony,29.99,santo anastacio
23500,fashion_bags_accessories,29.99,promissao
23501,telephony,29.99,viradouro
23502,fashion_bags_accessories,29.99,cambuci
23503,telephony,29.99,congonhas
23504,fashion_bags_accessories,29.99,colorado do oeste
23505,telephony,29.99,medeiros neto
23506,furniture_decor,29.99,piraju
23507,telephony,29.99,santa cruz do capibaribe
23508,telephony,29.99,caldas novas
23509,telephony,29.99,sao joao do piaui
23510,fashion_bags_accessories,29.99,americo brasiliense
23511,telephony,29.99,gongogi
23512,christmas_supplies,29.99,curitiba
23513,perfumery,29.99,ferraz de vasconcelos
23514,cool_stuff,29.99,sarzedo
23515,telephony,29.99,borda da mata
23516,telephony,29.99,colider
23517,telephony,29.99,lagoa santa
23518,furniture_decor,29.99,ribeira
23519,telephony,29.99,itamarandiba
23520,garden_tools,29.99,ipumirim
23521,fashion_bags_accessories,29.99,forquilhinha
23522,perfumery,29.99,foz do iguacu
23523,telephony,29.99,vargem bonita
23524,tablets_printing_image,29.99,fortaleza
23525,furniture_decor,29.99,simoes filho
23526,baby,29.99,bom jesus dos perdoes
23527,furniture_decor,29.99,herval d'oeste
23528,health_beauty,29.99,coxim
23529,telephony,29.99,palestina
23530,fashion_male_clothing,29.99,sao jose
23531,cool_stuff,29.99,monte siao
23532,telephony,29.99,canelinha
23533,furniture_decor,29.99,senhora dos remedios
23534,telephony,29.99,arame
23535,telephony,29.99,anadia
23536,watches_gifts,29.99,sao miguel do anta
23537,telephony,29.99,vila bela da santissima trindade
23538,telephony,29.98,joaquim nabuco
23539,telephony,29.98,presidente tancredo neves
23540,housewares,29.98,araguatins
23541,telephony,29.98,corumba
23542,telephony,29.98,lagarto
23543,telephony,29.98,aracariguama
23544,health_beauty,29.98,salto do jacui
23545,telephony,29.98,maranguape
23546,food_drink,29.98,jacarei
23547,telephony,29.98,santos dumont
23548,telephony,29.98,miguel pereira
23549,telephony,29.98,sao tiago
23550,telephony,29.98,itamonte
23551,telephony,29.98,eneas marques
23552,telephony,29.98,salto de pirapora
23553,telephony,29.98,ibatiba
23554,,29.95,feira de santana
23555,telephony,29.939999999999998,segredo
23556,housewares,29.9,santa isabel
23557,stationery,29.9,nova olinda
23558,health_beauty,29.9,estacao
23559,toys,29.9,morungaba
23560,telephony,29.9,mendes
23561,books_general_interest,29.9,vargem grande do sul
23562,costruction_tools_tools,29.9,sao joao del rei
23563,sports_leisure,29.9,santo antonio do grama
23564,fashion_shoes,29.9,cascavel
23565,telephony,29.9,sao jose do belmonte
23566,costruction_tools_tools,29.9,marechal candido rondon
23567,health_beauty,29.9,juatuba
23568,fashion_bags_accessories,29.9,santo amaro
23569,books_general_interest,29.9,santo antonio da alegria
23570,computers_accessories,29.9,porteirinha
23571,toys,29.9,capinopolis
23572,fashion_shoes,29.9,cunha
23573,furniture_decor,29.9,sao bras
23574,books_technical,29.9,riqueza
23575,sports_leisure,29.9,acarau
23576,pet_shop,29.9,jacutinga
23577,fixed_telephony,29.9,piquete
23578,fashion_bags_accessories,29.9,bom jesus do itabapoana
23579,fashion_bags_accessories,29.9,barra mansa
23580,costruction_tools_tools,29.9,congonhas
23581,telephony,29.9,pescador
23582,garden_tools,29.9,entre rios do oeste
23583,fashion_shoes,29.9,itaborai
23584,electronics,29.9,novo oriente do piaui
23585,audio,29.9,castro
23586,electronics,29.9,espigao do oeste
23587,computers_accessories,29.9,sao jose do norte
23588,stationery,29.9,mirante do paranapanema
23589,costruction_tools_tools,29.9,juiz de fora
23590,fashion_bags_accessories,29.9,vicosa
23591,auto,29.9,cravinhos
23592,housewares,29.9,itarare
23593,audio,29.9,itaquaquecetuba
23594,books_general_interest,29.9,dias d'avila
23595,electronics,29.9,cachoeira de minas
23596,telephony,29.9,vargem
23597,stationery,29.9,camapua
23598,housewares,29.9,agudos
23599,costruction_tools_tools,29.9,rio grande
23600,small_appliances_home_oven_and_coffee,29.9,mata de sao joao
23601,computers_accessories,29.9,ico
23602,pet_shop,29.9,tres rios
23603,watches_gifts,29.9,juara
23604,housewares,29.9,chopinzinho
23605,computers_accessories,29.9,acaiaca
23606,toys,29.9,monte azul paulista
23607,fashion_shoes,29.9,contagem
23608,housewares,29.9,morungaba
23609,fashion_bags_accessories,29.9,mairinque
23610,fashion_bags_accessories,29.9,guajara-mirim
23611,food_drink,29.9,cachoeiras de macacu
23612,telephony,29.9,abelardo luz
23613,housewares,29.9,narandiba
23614,housewares,29.9,posse
23615,market_place,29.9,arapiraca
23616,,29.9,cruz alta
23617,musical_instruments,29.9,mogi mirim
23618,furniture_decor,29.9,sideropolis
23619,,29.9,porto ferreira
23620,furniture_decor,29.9,sao francisco de paula
23621,food,29.9,resplendor
23622,baby,29.9,marques de souza
23623,fashion_bags_accessories,29.9,ribeirao cascalheira
23624,baby,29.9,claudio
23625,fashion_shoes,29.9,juiz de fora
23626,stationery,29.9,terra de areia
23627,fixed_telephony,29.9,centenario do sul
23628,fashion_shoes,29.9,sorocaba
23629,watches_gifts,29.9,papanduva
23630,fashion_shoes,29.9,abelardo luz
23631,health_beauty,29.9,poxoreu
23632,books_general_interest,29.9,cachoeira paulista
23633,costruction_tools_tools,29.9,passo de torres
23634,housewares,29.9,soledade de minas
23635,perfumery,29.9,janauba
23636,telephony,29.9,americo brasiliense
23637,sports_leisure,29.9,condor
23638,fashion_bags_accessories,29.9,senador canedo
23639,fashion_shoes,29.9,congonhas
23640,fashion_shoes,29.9,taquara
23641,pet_shop,29.9,andrelandia
23642,toys,29.9,sulina
23643,costruction_tools_tools,29.9,bocaiuva
23644,books_general_interest,29.9,francisco morato
23645,home_appliances,29.9,antonio carlos
23646,consoles_games,29.9,caarapo
23647,computers_accessories,29.9,planalto
23648,home_appliances,29.9,alvinopolis
23649,fashion_shoes,29.9,sao leopoldo
23650,cool_stuff,29.9,cachoeira dourada
23651,home_appliances,29.9,promissao
23652,costruction_tools_tools,29.9,capelinha
23653,toys,29.9,santo amaro de campos
23654,,29.9,joao lisboa
23655,books_general_interest,29.9,promissao
23656,books_general_interest,29.9,ibicoara
23657,health_beauty,29.9,teodoro sampaio
23658,telephony,29.9,abaetetuba
23659,sports_leisure,29.9,anastacio
23660,fashion_shoes,29.9,sao joao nepomuceno
23661,pet_shop,29.9,witmarsum
23662,auto,29.9,getulina
23663,pet_shop,29.9,pitangui
23664,bed_bath_table,29.9,italva
23665,costruction_tools_tools,29.9,porto alegre
23666,sports_leisure,29.9,lucianopolis
23667,computers_accessories,29.9,barra de sao joao
23668,fashion_bags_accessories,29.9,ponte nova
23669,health_beauty,29.9,mucuri
23670,toys,29.9,olindina
23671,furniture_decor,29.9,palmitinho
23672,toys,29.9,barra da estiva
23673,fashion_bags_accessories,29.9,itu
23674,toys,29.9,feliz
23675,electronics,29.9,fernandopolis
23676,fashion_shoes,29.9,teofilo otoni
23677,bed_bath_table,29.9,araci
23678,costruction_tools_tools,29.9,franca
23679,fashion_bags_accessories,29.9,torres
23680,computers_accessories,29.9,vazante
23681,books_general_interest,29.9,jatai
23682,fashion_shoes,29.9,paranacity
23683,costruction_tools_tools,29.9,apucarana
23684,fashion_bags_accessories,29.9,ibaiti
23685,kitchen_dining_laundry_garden_furniture,29.9,volta redonda
23686,housewares,29.9,manhumirim
23687,computers_accessories,29.9,cianorte
23688,sports_leisure,29.9,uruacu
23689,pet_shop,29.9,paulinia
23690,cool_stuff,29.9,bilac
23691,books_general_interest,29.9,campo largo
23692,costruction_tools_tools,29.9,feliz
23693,home_appliances,29.9,vacaria
23694,housewares,29.9,tupi paulista
23695,,29.9,zortea
23696,costruction_tools_tools,29.9,guanambi
23697,furniture_living_room,29.9,delfinopolis
23698,sports_leisure,29.9,ipora do oeste
23699,sports_leisure,29.9,neves paulista
23700,toys,29.89,neropolis
23701,flowers,29.89,uberlandia
23702,telephony,29.89,andira
23703,computers_accessories,29.89,nova canaa do norte
23704,toys,29.89,carmo da mata
23705,dvds_blu_ray,29.8,ribeirao preto
23706,audio,29.8,santana de parnaiba
23707,garden_tools,29.8,iapu
23708,electronics,29.8,araquari
23709,construction_tools_lights,29.8,sorocaba
23710,dvds_blu_ray,29.8,paranagua
23711,fashion_bags_accessories,29.8,primavera do leste
23712,stationery,29.7,catu
23713,food_drink,29.7,jandira
23714,food_drink,29.7,macae
23715,fashion_bags_accessories,29.7,sao joao
23716,furniture_decor,29.6,trajano de moraes
23717,cool_stuff,29.5,santanesia
23718,electronics,29.5,jurema
23719,cool_stuff,29.5,rondonopolis
23720,cool_stuff,29.5,guaranta
23721,cool_stuff,29.5,monte bonito
23722,sports_leisure,29.5,travessao
23723,cool_stuff,29.5,joao alfredo
23724,cool_stuff,29.5,varzea paulista
23725,cool_stuff,29.5,alterosa
23726,cool_stuff,29.5,saude
23727,sports_leisure,29.5,morungaba
23728,electronics,29.5,conceicao
23729,cool_stuff,29.5,cachoeiro de itapemirim
23730,signaling_and_security,29.49,sao goncalo
23731,drinks,29.49,ribeirao pires
23732,auto,29.49,porto xavier
23733,sports_leisure,29.49,jussara
23734,drinks,29.49,aruja
23735,sports_leisure,29.49,pirai do norte
23736,drinks,29.49,maringa
23737,books_technical,29.45,oliveira
23738,computers_accessories,29.4,pinhalzinho
23739,computers_accessories,29.4,joao neiva
23740,computers_accessories,29.4,sao lourenco do sul
23741,computers_accessories,29.35,peabiru
23742,stationery,29.3,capao bonito
23743,auto,29.29,campo bom
23744,home_construction,29.1,nova friburgo
23745,food,29.1,cosmopolis
23746,electronics,29.1,varginha
23747,watches_gifts,29.0,turvo
23748,watches_gifts,29.0,santarem
23749,,29.0,cruzeiro
23750,watches_gifts,29.0,alto parnaiba
23751,home_confort,29.0,batatais
23752,watches_gifts,29.0,rosario do ivai
23753,stationery,29.0,mendes
23754,construction_tools_lights,29.0,guarulhos
23755,watches_gifts,29.0,quintana
23756,furniture_living_room,29.0,carmo do paranaiba
23757,watches_gifts,29.0,brazabrantes
23758,electronics,29.0,presidente venceslau
23759,home_appliances,29.0,cambara
23760,toys,29.0,campo limpo paulista
23761,construction_tools_lights,29.0,belem
23762,signaling_and_security,29.0,patos de minas
23763,watches_gifts,29.0,barra do mendes
23764,toys,29.0,sao romao
23765,construction_tools_safety,29.0,sete lagoas
23766,baby,29.0,coroata
23767,,29.0,caxingo
23768,watches_gifts,29.0,sao domingos
23769,,29.0,tapiratiba
23770,home_appliances,29.0,embu-guacu
23771,baby,29.0,tapes
23772,watches_gifts,29.0,itamari
23773,electronics,29.0,icem
23774,watches_gifts,29.0,tremembe
23775,watches_gifts,29.0,combinado
23776,watches_gifts,29.0,chapadinha
23777,watches_gifts,29.0,sao simao
23778,electronics,29.0,mar de espanha
23779,watches_gifts,29.0,boraceia
23780,watches_gifts,29.0,juazeiro do norte
23781,,29.0,sao jose do cedro
23782,watches_gifts,29.0,fernao
23783,books_general_interest,29.0,sete lagoas
23784,watches_gifts,29.0,sao gabriel
23785,toys,29.0,itubera
23786,,29.0,brodowski
23787,watches_gifts,29.0,cruzilia
23788,computers_accessories,29.0,dourados
23789,watches_gifts,29.0,anita garibaldi
23790,home_confort,29.0,tatui
23791,home_confort,29.0,janauba
23792,watches_gifts,29.0,sarandi
23793,watches_gifts,29.0,mairipora
23794,health_beauty,29.0,ubaira
23795,watches_gifts,29.0,inaja
23796,watches_gifts,29.0,embu-guacu
23797,watches_gifts,29.0,posse
23798,telephony,28.99,bela vista
23799,telephony,28.99,ibira
23800,telephony,28.99,apiacas
23801,health_beauty,28.99,lupercio
23802,telephony,28.99,ibicuitinga
23803,telephony,28.99,tabatinga
23804,market_place,28.99,arraial d'ajuda
23805,signaling_and_security,28.99,canoas
23806,market_place,28.99,imperatriz
23807,market_place,28.99,tremembe
23808,telephony,28.99,santa vitoria
23809,telephony,28.99,sao benedito
23810,construction_tools_construction,28.99,seara
23811,sports_leisure,28.99,indianopolis
23812,telephony,28.99,paraiso do sul
23813,garden_tools,28.99,dores de campos
23814,signaling_and_security,28.99,juazeiro
23815,market_place,28.99,montezuma
23816,sports_leisure,28.99,jaiba
23817,auto,28.99,sao pedro da aldeia
23818,market_place,28.99,diadema
23819,telephony,28.99,roncador
23820,telephony,28.99,carazinho
23821,market_place,28.99,nova odessa
23822,housewares,28.99,rio preto
23823,telephony,28.99,formoso do araguaia
23824,auto,28.99,sao francisco de paula
23825,health_beauty,28.95,campos novos
23826,electronics,28.9,corrego do ouro
23827,telephony,28.9,balsamo
23828,sports_leisure,28.9,oliveira
23829,home_appliances,28.9,clevelandia
23830,fashion_bags_accessories,28.9,rondonopolis
23831,computers_accessories,28.9,caetanopolis
23832,drinks,28.9,ibia
23833,books_technical,28.9,rio brilhante
23834,computers_accessories,28.9,silveira carvalho
23835,computers_accessories,28.9,agua comprida
23836,housewares,28.9,valparaiso
23837,telephony,28.9,guaruja do sul
23838,stationery,28.9,juazeiro do norte
23839,housewares,28.9,jequie
23840,home_confort,28.9,grao para
23841,housewares,28.9,crisopolis
23842,telephony,28.9,machacalis
23843,computers_accessories,28.9,conquista
23844,health_beauty,28.9,vargem alegre
23845,furniture_decor,28.9,promissao
23846,computers_accessories,28.9,engenheiro coelho
23847,drinks,28.9,lauro de freitas
23848,electronics,28.9,butia
23849,telephony,28.89,acajutiba
23850,auto,28.8,uruguaiana
23851,auto,28.75,guarapari
23852,electronics,28.65,italva
23853,housewares,28.5,vila nova
23854,costruction_tools_tools,28.5,jacigua
23855,sports_leisure,28.490000000000002,osorio
23856,auto,28.49,barao de juparana
23857,auto,28.49,jacutinga
23858,auto,28.49,balsamo
23859,,28.45,barra mansa
23860,costruction_tools_garden,28.45,cariacica
23861,bed_bath_table,28.38,guapore
23862,electronics,28.3,aracruz
23863,electronics,28.19,barbalha
23864,bed_bath_table,28.18,santa maria de jetiba
23865,auto,28.12,rosario
23866,small_appliances,28.0,santa rita do sapucai
23867,musical_instruments,28.0,sao joaquim de bicas
23868,musical_instruments,28.0,sao borja
23869,books_technical,28.0,acailandia
23870,auto,28.0,santo antonio de posse
23871,books_technical,28.0,lagoa santa
23872,art,28.0,gramado
23873,fashion_bags_accessories,28.0,pompeu
23874,books_technical,28.0,tupa
23875,small_appliances,28.0,juazeiro
23876,home_confort,28.0,pilar do sul
23877,musical_instruments,28.0,vera cruz
23878,bed_bath_table,28.0,quatro barras
23879,art,28.0,limeira
23880,small_appliances,28.0,sao vicente
23881,musical_instruments,28.0,sumare
23882,musical_instruments,28.0,santa helena de goias
23883,auto,28.0,turmalina
23884,books_technical,28.0,aruja
23885,telephony,27.99,sao goncalo do amarante
23886,telephony,27.99,pacajus
23887,telephony,27.99,cabeceira grande
23888,telephony,27.99,riachao das neves
23889,telephony,27.99,machadinho d'oeste
23890,telephony,27.99,monte formoso
23891,telephony,27.99,jaguariaiva
23892,telephony,27.99,abatia
23893,telephony,27.99,candeias
23894,telephony,27.99,vacaria
23895,telephony,27.99,vila langaro
23896,telephony,27.99,salto do lontra
23897,telephony,27.99,colina
23898,telephony,27.99,santa maria da boa vista
23899,telephony,27.99,olimpia
23900,electronics,27.99,cafelandia
23901,telephony,27.99,dom feliciano
23902,telephony,27.99,igarape-miri
23903,telephony,27.99,timoteo
23904,music,27.99,macae
23905,telephony,27.99,imbe
23906,telephony,27.99,charqueadas
23907,auto,27.99,monte alto
23908,telephony,27.99,sao tome
23909,telephony,27.99,boa vista do sul
23910,telephony,27.99,cambuquira
23911,,27.99,piumhii
23912,telephony,27.99,monte siao
23913,telephony,27.99,irani
23914,watches_gifts,27.99,orizona
23915,telephony,27.99,pocrane
23916,telephony,27.99,assis chateaubriand
23917,telephony,27.99,barra de sao joao
23918,telephony,27.99,vera cruz
23919,telephony,27.99,aimores
23920,telephony,27.99,novo planalto
23921,telephony,27.99,eusebio
23922,telephony,27.99,sao joao de petropolis
23923,telephony,27.99,macaubas
23924,telephony,27.99,cerqueira cesar
23925,garden_tools,27.99,mariana
23926,telephony,27.99,anta
23927,telephony,27.99,sao joao d'alianca
23928,telephony,27.99,cachoeiras de macacu
23929,telephony,27.99,sao francisco
23930,telephony,27.99,conceicao do araguaia
23931,telephony,27.99,engenheiro paulo de frontin
23932,watches_gifts,27.99,serra dos aimores
23933,telephony,27.99,feliz
23934,telephony,27.99,sao joao do manteninha
23935,telephony,27.99,astolfo dutra
23936,telephony,27.99,paulista
23937,telephony,27.99,campo bom
23938,perfumery,27.98,bento goncalves
23939,telephony,27.96,promissao
23940,sports_leisure,27.95,cajobi
23941,market_place,27.93,foz do iguacu
23942,market_place,27.93,vinhedo
23943,market_place,27.93,encantado
23944,computers_accessories,27.9,sao domingos do maranhao
23945,fashion_shoes,27.9,timon
23946,industry_commerce_and_business,27.9,pontal
23947,housewares,27.9,ita
23948,electronics,27.9,colatina
23949,auto,27.9,sao francisco do conde
23950,food,27.9,itabira
23951,food,27.9,cachoeira do sul
23952,,27.9,apucarana
23953,food,27.9,sao jose
23954,health_beauty,27.9,brauna
23955,fashion_shoes,27.9,rio claro
23956,food,27.9,canavieiras
23957,telephony,27.9,baixo guandu
23958,food,27.9,luziania
23959,home_construction,27.9,lagoa santa
23960,computers_accessories,27.9,barcarena
23961,cool_stuff,27.9,paranapanema
23962,health_beauty,27.9,lambari
23963,auto,27.9,valenca
23964,food,27.9,petrolina
23965,food,27.9,embu das artes
23966,sports_leisure,27.9,inaja
23967,food,27.9,vila velha
23968,computers_accessories,27.9,apiuna
23969,telephony,27.9,italva
23970,computers_accessories,27.9,crato
23971,food,27.9,barra do pirai
23972,food,27.9,cacador
23973,food,27.9,juiz de fora
23974,baby,27.9,bage
23975,food,27.9,fazenda rio grande
23976,electronics,27.9,viradouro
23977,garden_tools,27.9,morpara
23978,food,27.9,contagem
23979,food,27.9,osasco
23980,auto,27.9,palmares
23981,computers_accessories,27.9,icaraima
23982,electronics,27.9,irati
23983,computers_accessories,27.9,itapuranga
23984,stationery,27.9,novo progresso
23985,electronics,27.9,alvorada
23986,food,27.9,palmeira
23987,computers_accessories,27.9,rio novo do sul
23988,furniture_decor,27.9,monte santo de minas
23989,food,27.9,alexania
23990,auto,27.9,cianorte
23991,auto,27.9,batatais
23992,food,27.9,bady bassitt
23993,food,27.9,itaipulandia
23994,food,27.9,joinville
23995,computers_accessories,27.9,lobato
23996,food,27.9,mafra
23997,food,27.9,amambai
23998,food,27.9,bananeiras
23999,computers_accessories,27.9,poco verde
24000,food,27.9,itapecerica da serra
24001,food,27.9,mata de sao joao
24002,food,27.9,jarinu
24003,food,27.9,sao goncalo
24004,food,27.9,alto taquari
24005,sports_leisure,27.9,auriflama
24006,electronics,27.9,divinopolis
24007,computers_accessories,27.9,sao felix
24008,food,27.9,monte verde
24009,food,27.9,guariba
24010,food,27.9,duartina
24011,auto,27.9,papanduva
24012,electronics,27.9,paraty
24013,watches_gifts,27.9,pederneiras
24014,food,27.9,nova cruz
24015,housewares,27.9,nova monte verde
24016,computers_accessories,27.9,campo verde
24017,food,27.9,mogi-guacu
24018,small_appliances,27.84,itapecerica da serra
24019,perfumery,27.8,pradopolis
24020,toys,27.8,lencois paulista
24021,garden_tools,27.8,silveiras
24022,bed_bath_table,27.8,ivinhema
24023,auto,27.7,barra velha
24024,sports_leisure,27.68,paraiso do tocantins
24025,cool_stuff,27.6,perdizes
24026,sports_leisure,27.55,santa mariana
24027,electronics,27.5,bituruna
24028,food,27.5,caravelas
24029,health_beauty,27.5,conceicao das alagoas
24030,food,27.5,maracanau
24031,bed_bath_table,27.5,casa nova
24032,home_appliances,27.5,nova campina
24033,food,27.5,cravinhos
24034,fashion_bags_accessories,27.5,bambui
24035,auto,27.49,tupi paulista
24036,auto,27.49,corumbatai do sul
24037,electronics,27.4,arapora
24038,,27.3,aparecida de sao manuel
24039,,27.3,turvelandia
24040,health_beauty,27.3,ulianopolis
24041,electronics,27.3,ibiracu
24042,fashion_bags_accessories,27.3,olimpia
24043,electronics,27.3,boa vista
24044,fashion_bags_accessories,27.3,gravatai
24045,fashion_bags_accessories,27.3,campo ere
24046,,27.3,bonfinopolis de minas
24047,electronics,27.3,itajuba
24048,cool_stuff,27.19,campinas do sul
24049,housewares,27.19,marechal floriano
24050,costruction_tools_tools,27.0,sao felix do xingu
24051,perfumery,27.0,corumba de goias
24052,,27.0,eldorado do sul
24053,home_appliances,27.0,quatigua
24054,fashion_shoes,27.0,barra do pirai
24055,market_place,27.0,teofilo otoni
24056,telephony,26.99,borborema
24057,telephony,26.99,rio fortuna
24058,telephony,26.99,sao jose dos quatro marcos
24059,signaling_and_security,26.97,bebedouro
24060,pet_shop,26.9,pombal
24061,housewares,26.9,pontal
24062,toys,26.9,cajuru
24063,toys,26.9,tiete
24064,home_appliances,26.9,mairipora
24065,health_beauty,26.9,nova russas
24066,computers_accessories,26.9,borborema
24067,housewares,26.9,gastao vidigal
24068,fixed_telephony,26.9,vitoria da conquista
24069,housewares,26.9,sao joao do sabugi
24070,electronics,26.89,nanuque
24071,auto,26.89,araguaina
24072,telephony,26.89,barao de cocais
24073,food_drink,26.7,sao goncalo
24074,home_appliances,26.7,icapui
24075,housewares,26.54,porto belo
24076,housewares,26.5,gaucha do norte
24077,sports_leisure,26.5,santo antonio do monte
24078,art,26.5,balneario camboriu
24079,cool_stuff,26.5,santa helena de goias
24080,bed_bath_table,26.4,arace
24081,sports_leisure,26.33,liberdade
24082,auto,26.2,morro do chapeu
24083,home_appliances,26.15,canaa dos carajas
24084,home_appliances,26.1,belford roxo
24085,housewares,26.0,mutum
24086,home_appliances,26.0,itaporanga
24087,home_appliances,26.0,taubate
24088,home_appliances,26.0,ibitinga
24089,auto,26.0,buenopolis
24090,home_appliances,26.0,paraisopolis
24091,home_appliances,26.0,sobral
24092,bed_bath_table,26.0,iuna
24093,home_appliances,26.0,monte carlo
24094,home_appliances,26.0,pouso alto
24095,small_appliances,26.0,joinville
24096,garden_tools,26.0,passos
24097,home_appliances,26.0,ubaira
24098,books_technical,26.0,araucaria
24099,telephony,25.99,valentim gentil
24100,auto,25.99,itanhandu
24101,telephony,25.99,santa barbara d'oeste
24102,telephony,25.99,sao jeronimo
24103,sports_leisure,25.99,goianesia
24104,health_beauty,25.99,barra de sao miguel
24105,sports_leisure,25.99,campestre da serra
24106,flowers,25.99,conchal
24107,auto,25.99,lagarto
24108,air_conditioning,25.99,camaqua
24109,air_conditioning,25.99,aragarcas
24110,telephony,25.99,humaita
24111,telephony,25.99,carlos chagas
24112,telephony,25.99,barracao
24113,toys,25.99,matozinhos
24114,telephony,25.98,sao sebastiao do paraiso
24115,food_drink,25.98,ribeirao preto
24116,housewares,25.9,alto paraiso de goias
24117,telephony,25.9,afogados da ingazeira
24118,electronics,25.9,sao jose do turvo
24119,housewares,25.9,regente feijo
24120,sports_leisure,25.9,santa branca
24121,electronics,25.9,pesqueira
24122,construction_tools_construction,25.9,sao jose
24123,electronics,25.9,campina das missoes
24124,toys,25.9,sao francisco de paula
24125,furniture_decor,25.9,eldorado
24126,electronics,25.9,salgado filho
24127,air_conditioning,25.9,carai
24128,pet_shop,25.9,gaspar
24129,electronics,25.9,barra do pirai
24130,electronics,25.9,itapiranga
24131,electronics,25.9,apiai
24132,electronics,25.9,mangueirinha
24133,electronics,25.9,adolfo
24134,electronics,25.9,balneario picarras
24135,construction_tools_lights,25.9,resende
24136,toys,25.9,alto rio doce
24137,,25.9,inhumas
24138,housewares,25.9,padre bernardo
24139,pet_shop,25.9,piau
24140,sports_leisure,25.89,passo de torres
24141,perfumery,25.89,campos do jordao
24142,computers_accessories,25.89,resende costa
24143,computers_accessories,25.89,primavera
24144,electronics,25.89,couto de magalhaes
24145,electronics,25.8,lagoa formosa
24146,home_comfort_2,25.8,anapolis
24147,electronics,25.8,braganca paulista
24148,home_comfort_2,25.8,santos
24149,pet_shop,25.78,jaboatao dos guararapes
24150,telephony,25.77,leme
24151,health_beauty,25.73,tres coracoes
24152,stationery,25.73,coqueiros do sul
24153,stationery,25.73,capao da canoa
24154,home_appliances,25.700000000000003,marituba
24155,costruction_tools_garden,25.64,cosmopolis
24156,costruction_tools_garden,25.64,itaquaquecetuba
24157,toys,25.6,corumbatai
24158,cool_stuff,25.54,esmeraldas
24159,auto,25.5,umuarama
24160,christmas_supplies,25.4,barueri
24161,christmas_supplies,25.4,corrego danta
24162,baby,25.33,carvalhopolis
24163,electronics,25.32,angelo frechiani
24164,christmas_supplies,25.05,sao lourenco da mata
24165,cool_stuff,25.0,pitangueiras
24166,cool_stuff,25.0,abre campo
24167,perfumery,25.0,quarai
24168,telephony,25.0,salesopolis
24169,perfumery,25.0,general carneiro
24170,stationery,25.0,goias
24171,toys,25.0,costa rica
24172,telephony,25.0,cristais
24173,consoles_games,25.0,valparaiso
24174,telephony,25.0,santana do capivari
24175,toys,25.0,iguatama
24176,construction_tools_safety,25.0,paranagua
24177,home_appliances,25.0,coracao de jesus
24178,garden_tools,25.0,guinda
24179,sports_leisure,25.0,piedade dos gerais
24180,,25.0,tres coracoes
24181,health_beauty,25.0,amelia rodrigues
24182,cool_stuff,25.0,tramandai
24183,sports_leisure,25.0,nova londrina
24184,perfumery,25.0,matinhos
24185,arts_and_craftmanship,25.0,belo horizonte
24186,housewares,25.0,nova guarita
24187,toys,25.0,sao goncalo do para
24188,construction_tools_safety,25.0,araruama
24189,food,25.0,fernandopolis
24190,sports_leisure,25.0,itanhomi
24191,dvds_blu_ray,25.0,oeiras
24192,musical_instruments,25.0,piracicaba
24193,,25.0,cantagalo
24194,books_technical,25.0,primavera do leste
24195,housewares,25.0,ribeirao
24196,telephony,25.0,cajati
24197,food_drink,25.0,sao roque
24198,stationery,25.0,almirante tamandare
24199,signaling_and_security,25.0,pindobacu
24200,construction_tools_construction,25.0,caxias do sul
24201,telephony,25.0,mariapolis
24202,housewares,24.990000000000002,petrolandia
24203,telephony,24.99,arroio dos ratos
24204,fashion_bags_accessories,24.99,bilac
24205,telephony,24.99,serafina correa
24206,telephony,24.99,glicerio
24207,telephony,24.99,catole do rocha
24208,telephony,24.99,chapeco
24209,telephony,24.99,caxias
24210,telephony,24.99,anita garibaldi
24211,electronics,24.99,campo bom
24212,telephony,24.99,extrema
24213,telephony,24.99,leoberto leal
24214,fashion_bags_accessories,24.99,palotina
24215,telephony,24.99,utinga
24216,fashion_bags_accessories,24.99,quixelo
24217,fashion_bags_accessories,24.99,sorriso
24218,fashion_sport,24.99,brasilia
24219,telephony,24.99,nova odessa
24220,telephony,24.99,inhauma
24221,telephony,24.99,presidente getulio
24222,baby,24.99,vargem grande paulista
24223,telephony,24.99,itajobi
24224,fashion_sport,24.99,arroio do meio
24225,telephony,24.99,itaipulandia
24226,telephony,24.99,entre rios do oeste
24227,telephony,24.99,flores de goias
24228,telephony,24.99,tome-acu
24229,fashion_bags_accessories,24.99,trindade
24230,telephony,24.99,alvinopolis
24231,telephony,24.99,sitio novo
24232,garden_tools,24.99,aguas da prata
24233,telephony,24.99,ribeirao branco
24234,telephony,24.99,palmitinho
24235,fashion_bags_accessories,24.99,marmeleiro
24236,auto,24.99,capanema
24237,telephony,24.99,bela vista de goias
24238,construction_tools_construction,24.99,vargem grande paulista
24239,computers_accessories,24.99,itaipulandia
24240,telephony,24.99,pariquera-acu
24241,computers_accessories,24.99,prados
24242,telephony,24.99,teofilandia
24243,books_general_interest,24.99,goiana
24244,telephony,24.99,sapopema
24245,stationery,24.99,arapei
24246,auto,24.99,piritiba
24247,computers_accessories,24.99,jacinto
24248,telephony,24.99,itariri
24249,telephony,24.99,moju
24250,computers_accessories,24.99,sao gabriel da palha
24251,telephony,24.99,carmo de minas
24252,fashion_underwear_beach,24.99,arapongas
24253,telephony,24.99,alem paraiba
24254,telephony,24.99,paranapanema
24255,telephony,24.99,jose bonifacio
24256,computers_accessories,24.99,vassouras
24257,fashion_bags_accessories,24.99,sao leopoldo
24258,telephony,24.99,campo maior
24259,telephony,24.99,joanopolis
24260,telephony,24.99,alto paraiso de goias
24261,telephony,24.99,pindorama do tocantins
24262,telephony,24.99,crateus
24263,telephony,24.99,senador canedo
24264,telephony,24.99,holambra
24265,flowers,24.99,alto paraiso de goias
24266,telephony,24.99,luizlandia do oeste
24267,fashion_underwear_beach,24.99,telemaco borba
24268,telephony,24.99,uniao do oeste
24269,telephony,24.99,itaguaru
24270,telephony,24.99,espigao
24271,telephony,24.99,goiana
24272,telephony,24.99,afonso claudio
24273,telephony,24.99,sebastiao leal
24274,fashion_sport,24.99,canoas
24275,telephony,24.99,trombudo central
24276,telephony,24.99,costa rica
24277,computers_accessories,24.98,serafina correa
24278,music,24.97,mococa
24279,books_technical,24.97,mococa
24280,music,24.97,varginha
24281,music,24.97,campos dos goytacazes
24282,market_place,24.95,formosa
24283,books_imported,24.95,roseira
24284,market_place,24.95,santo antonio do sudoeste
24285,books_imported,24.95,florianopolis
24286,bed_bath_table,24.9,tibagi
24287,fashion_male_clothing,24.9,sertaozinho
24288,sports_leisure,24.9,miguel pereira
24289,telephony,24.9,bras pires
24290,furniture_living_room,24.9,bom jesus do itabapoana
24291,fashion_bags_accessories,24.9,jaboatao dos guararapes
24292,health_beauty,24.9,nova trento
24293,fashio_female_clothing,24.9,curitiba
24294,stationery,24.9,itatinga
24295,fashion_bags_accessories,24.9,oliveira
24296,housewares,24.9,dois vizinhos
24297,sports_leisure,24.9,carazinho
24298,fashion_male_clothing,24.9,avare
24299,electronics,24.9,lajeado
24300,health_beauty,24.9,rio negro
24301,music,24.9,mandaguari
24302,books_general_interest,24.9,concordia
24303,telephony,24.9,iguape
24304,books_technical,24.9,pinhais
24305,toys,24.9,miguel pereira
24306,garden_tools,24.9,ceu azul
24307,bed_bath_table,24.9,sobralia
24308,consoles_games,24.9,mariana
24309,stationery,24.9,taguai
24310,home_confort,24.9,maringa
24311,housewares,24.9,presidente tancredo neves
24312,fashion_male_clothing,24.9,louveira
24313,fashion_male_clothing,24.9,jandira
24314,fashion_male_clothing,24.9,paulinia
24315,audio,24.9,santa luzia
24316,fashion_bags_accessories,24.9,mirandopolis
24317,dvds_blu_ray,24.9,piracicaba
24318,fashion_male_clothing,24.9,sao sebastiao
24319,fashion_bags_accessories,24.9,itaocara
24320,fashion_bags_accessories,24.9,rio grande do piaui
24321,consoles_games,24.9,americo brasiliense
24322,fashion_bags_accessories,24.9,paulista
24323,auto,24.9,pedra branca
24324,housewares,24.9,fernando prestes
24325,fashion_bags_accessories,24.9,garuva
24326,auto,24.9,santa cruz do rio pardo
24327,housewares,24.9,campo limpo paulista
24328,furniture_decor,24.9,itapura
24329,housewares,24.9,juscimeira
24330,fashion_male_clothing,24.9,amparo
24331,fashion_male_clothing,24.9,santa cruz das palmeiras
24332,housewares,24.9,lima duarte
24333,musical_instruments,24.9,astolfo dutra
24334,bed_bath_table,24.9,jaiba
24335,pet_shop,24.9,jacinto machado
24336,dvds_blu_ray,24.9,maceio
24337,christmas_supplies,24.9,sao jose
24338,housewares,24.9,mendes pimentel
24339,fashion_bags_accessories,24.9,desterro do melo
24340,party_supplies,24.9,sao caetano do sul
24341,computers_accessories,24.9,delfim moreira
24342,dvds_blu_ray,24.9,porto velho
24343,books_general_interest,24.9,unai
24344,,24.9,timon
24345,electronics,24.89,virginopolis
24346,furniture_decor,24.89,rio bananal
24347,auto,24.87,santo estevao
24348,consoles_games,24.5,santa cruz do sul
24349,consoles_games,24.5,carapicuiba
24350,consoles_games,24.5,satiro dias
24351,consoles_games,24.5,paulinia
24352,consoles_games,24.5,ribeira do pombal
24353,consoles_games,24.5,nova odessa
24354,consoles_games,24.5,resende
24355,consoles_games,24.5,pesqueira
24356,consoles_games,24.5,cubatao
24357,bed_bath_table,24.5,cassia
24358,consoles_games,24.5,cafelandia
24359,auto,24.5,ipiau
24360,consoles_games,24.5,timbo
24361,consoles_games,24.5,rio grande
24362,consoles_games,24.5,brazabrantes
24363,consoles_games,24.5,pontal
24364,consoles_games,24.5,toledo
24365,consoles_games,24.5,esperanca
24366,cool_stuff,24.5,ibiuna
24367,consoles_games,24.5,monte aprazivel
24368,consoles_games,24.5,panorama
24369,consoles_games,24.5,camacan
24370,sports_leisure,24.41,mutunopolis
24371,costruction_tools_garden,24.4,barretos
24372,telephony,24.27,ivoti
24373,dvds_blu_ray,24.0,poa
24374,market_place,24.0,cidade ocidental
24375,sports_leisure,24.0,feliz
24376,books_general_interest,24.0,braganca paulista
24377,books_technical,24.0,cubatao
24378,books_technical,24.0,ipatinga
24379,la_cuisine,24.0,limeira
24380,auto,24.0,conchal
24381,market_place,24.0,cosmopolis
24382,books_technical,24.0,foz do iguacu
24383,sports_leisure,23.99,vertentes
24384,fashion_bags_accessories,23.99,cacapava
24385,health_beauty,23.99,malhador
24386,telephony,23.99,corumbatai
24387,health_beauty,23.99,santo antonio do palma
24388,health_beauty,23.99,quixabeira
24389,fashion_bags_accessories,23.99,caiaponia
24390,health_beauty,23.99,urussanga
24391,health_beauty,23.99,palmital
24392,health_beauty,23.99,planaltina
24393,health_beauty,23.99,santa rita do passa quatro
24394,toys,23.99,botelhos
24395,telephony,23.99,flores da cunha
24396,health_beauty,23.99,cataguases
24397,health_beauty,23.99,auriflama
24398,construction_tools_lights,23.99,birigui
24399,telephony,23.99,cabo verde
24400,telephony,23.99,casimiro de abreu
24401,housewares,23.99,buritizal
24402,health_beauty,23.99,engenheiro paulo de frontin
24403,health_beauty,23.99,humaita
24404,housewares,23.98,garopaba
24405,bed_bath_table,23.92,pirapozinho
24406,housewares,23.9,sao luiz gonzaga
24407,health_beauty,23.9,nova independencia
24408,perfumery,23.9,cambuquira
24409,health_beauty,23.9,sales oliveira
24410,garden_tools,23.9,tres rios
24411,home_appliances_2,23.9,mateus leme
24412,furniture_decor,23.9,taguai
24413,health_beauty,23.9,jardim de piranhas
24414,health_beauty,23.9,coronel macedo
24415,computers_accessories,23.9,novo jardim
24416,stationery,23.9,mococa
24417,baby,23.9,imbituba
24418,computers_accessories,23.9,jacare
24419,computers_accessories,23.9,ararangua
24420,health_beauty,23.9,esteio
24421,housewares,23.9,apiuna
24422,computers_accessories,23.9,rio paranaiba
24423,sports_leisure,23.8,turvania
24424,sports_leisure,23.8,pilar
24425,,23.8,goiana
24426,sports_leisure,23.8,abre campo
24427,sports_leisure,23.8,campo largo
24428,sports_leisure,23.8,sao sebastiao de campos
24429,cool_stuff,23.8,pitangui
24430,sports_leisure,23.8,araujos
24431,sports_leisure,23.8,santa luzia do norte
24432,sports_leisure,23.73,itubera
24433,electronics,23.7,tangara da serra
24434,electronics,23.7,tres de maio
24435,electronics,23.7,manhumirim
24436,electronics,23.7,bonfim paulista
24437,electronics,23.7,aurora
24438,electronics,23.7,louveira
24439,electronics,23.7,mariana
24440,electronics,23.55,pirassununga
24441,perfumery,23.5,ivoti
24442,housewares,23.44,sacramento
24443,sports_leisure,23.4,ipecaeta
24444,sports_leisure,23.4,balneario gaivota
24445,sports_leisure,23.4,pedra menina
24446,sports_leisure,23.3,tiangua
24447,garden_tools,23.21,monte santo
24448,housewares,23.2,jandaia
24449,auto,23.0,sarandi
24450,home_appliances,23.0,jequie
24451,telephony,22.99,itabatan
24452,baby,22.99,juruaia
24453,books_imported,22.99,sao bernardo do campo
24454,computers_accessories,22.99,eliseu martins
24455,telephony,22.99,cambiasca
24456,baby,22.99,sarzedo
24457,telephony,22.99,tiros
24458,garden_tools,22.99,guaraniacu
24459,telephony,22.99,ipora
24460,garden_tools,22.99,juquia
24461,costruction_tools_garden,22.98,leme
24462,audio,22.9,estrela do indaia
24463,electronics,22.9,gaspar
24464,garden_tools,22.9,santa rita de caldas
24465,health_beauty,22.9,teolandia
24466,books_general_interest,22.9,mairinque
24467,sports_leisure,22.9,santo antonio de posse
24468,audio,22.9,nova luzitania
24469,garden_tools,22.9,itaquirai
24470,christmas_supplies,22.9,serio
24471,cool_stuff,22.9,pedreira
24472,books_general_interest,22.9,imbituba
24473,sports_leisure,22.9,camaqua
24474,computers_accessories,22.83,elisio medrado
24475,food_drink,22.81,cordeiropolis
24476,food_drink,22.81,nova friburgo
24477,electronics,22.8,araguaina
24478,flowers,22.8,bento goncalves
24479,flowers,22.8,macae
24480,flowers,22.8,japeri
24481,flowers,22.8,cachoeirinha
24482,signaling_and_security,22.62,cotia
24483,small_appliances,22.5,novo hamburgo
24484,party_supplies,22.5,sao gabriel da palha
24485,electronics,22.5,toledo
24486,housewares,22.5,paty do alferes
24487,sports_leisure,22.5,perdizes
24488,,22.5,itapagipe
24489,housewares,22.48,jardim alegre
24490,housewares,22.48,fazenda rio grande
24491,fashio_female_clothing,22.4,sao jose do rio preto
24492,computers_accessories,22.32,alfredo chaves
24493,computers_accessories,22.32,poloni
24494,computers_accessories,22.32,montalvania
24495,computers_accessories,22.32,penha
24496,computers_accessories,22.32,carmopolis
24497,computers_accessories,22.32,esmeraldas
24498,computers_accessories,22.32,muquem do sao francisco
24499,home_appliances,22.22,pedra azul
24500,stationery,22.2,frutal
24501,small_appliances,22.14,ladainha
24502,sports_leisure,22.0,vista alegre
24503,electronics,22.0,lagoa da confusao
24504,electronics,22.0,santa isabel do ivai
24505,electronics,22.0,apiuna
24506,cool_stuff,22.0,sao jeronimo
24507,drinks,22.0,guaruja
24508,drinks,22.0,maua
24509,books_technical,22.0,cabo frio
24510,electronics,22.0,mogi mirim
24511,electronics,22.0,ribeirao das neves
24512,electronics,22.0,umbauba
24513,electronics,22.0,bonito
24514,agro_industry_and_commerce,22.0,pareci novo
24515,home_appliances,22.0,ourinhos
24516,computers_accessories,22.0,aguas de santa barbara
24517,,22.0,lindoia
24518,telephony,21.99,nova prata
24519,telephony,21.99,herculandia
24520,toys,21.99,sanclerlandia
24521,arts_and_craftmanship,21.99,francisco badaro
24522,telephony,21.99,dores de campos
24523,telephony,21.99,inhambupe
24524,telephony,21.99,sao joao batista
24525,telephony,21.99,rio paranaiba
24526,telephony,21.99,sitio do quinto
24527,telephony,21.99,sete lagoas
24528,telephony,21.99,arinos
24529,computers_accessories,21.99,conselheiro pena
24530,telephony,21.99,manhumirim
24531,bed_bath_table,21.99,cachoeira alta
24532,fashion_bags_accessories,21.99,almenara
24533,telephony,21.99,avelino lopes
24534,telephony,21.99,santa cruz do sul
24535,telephony,21.99,nova hartz
24536,telephony,21.99,luiziania
24537,telephony,21.99,tres pontas
24538,telephony,21.99,candido mota
24539,telephony,21.99,sooretama
24540,agro_industry_and_commerce,21.99,contagem
24541,telephony,21.99,gurupi
24542,telephony,21.99,urussanga
24543,baby,21.99,sao fidelis
24544,telephony,21.99,sao vendelino
24545,books_imported,21.99,juiz de fora
24546,telephony,21.99,mangueirinha
24547,telephony,21.99,vila muriqui
24548,agro_industry_and_commerce,21.99,navirai
24549,telephony,21.99,crixas
24550,telephony,21.99,sananduva
24551,telephony,21.99,vale do sol
24552,telephony,21.99,coromandel
24553,bed_bath_table,21.99,posto da mata
24554,toys,21.9,maraba
24555,construction_tools_safety,21.9,apucarana
24556,electronics,21.9,tres marias
24557,electronics,21.9,visconde do rio branco
24558,computers_accessories,21.9,ponto dos volantes
24559,electronics,21.9,crixas
24560,electronics,21.9,sao sebastiao
24561,electronics,21.9,pato bragado
24562,electronics,21.9,santa adelia
24563,electronics,21.9,lins
24564,electronics,21.9,monte alto
24565,party_supplies,21.9,sao borja
24566,electronics,21.9,charqueada
24567,electronics,21.9,bom despacho
24568,food_drink,21.9,sao caetano do sul
24569,electronics,21.9,ecoporanga
24570,electronics,21.9,ourinhos
24571,furniture_decor,21.9,italva
24572,small_appliances_home_oven_and_coffee,21.9,suzano
24573,electronics,21.9,ilha solteira
24574,electronics,21.9,luzilandia
24575,electronics,21.9,fazenda vilanova
24576,electronics,21.9,petrolina
24577,electronics,21.9,jaguare
24578,electronics,21.9,santo antonio da patrulha
24579,electronics,21.9,vicosa
24580,musical_instruments,21.9,guaiba
24581,telephony,21.9,amparo
24582,electronics,21.9,castelo
24583,sports_leisure,21.9,iacu
24584,pet_shop,21.8,pouso alegre
24585,furniture_decor,21.8,senador canedo
24586,sports_leisure,21.8,tocantins
24587,construction_tools_construction,21.69,monte carmelo
24588,flowers,21.6,sao goncalo
24589,perfumery,21.6,pirapetinga
24590,,21.52,cristopolis
24591,food,21.5,reboucas
24592,food_drink,21.0,barretos
24593,home_construction,21.0,itapetininga
24594,electronics,21.0,poa
24595,computers_accessories,21.0,macedonia
24596,housewares,21.0,raposos
24597,perfumery,21.0,barra do pirai
24598,small_appliances,21.0,sao fidelis
24599,telephony,21.0,barrinha
24600,perfumery,21.0,birigui
24601,perfumery,21.0,campo belo
24602,sports_leisure,21.0,sao marcos
24603,perfumery,21.0,corumbaiba
24604,food,20.99,jaguariuna
24605,sports_leisure,20.99,cacador
24606,,20.94,matao
24607,computers_accessories,20.9,miguel pereira
24608,stationery,20.9,morro do chapeu
24609,computers_accessories,20.9,sao cristovao
24610,garden_tools,20.9,garanhuns
24611,computers_accessories,20.9,francisco santos
24612,computers_accessories,20.9,engenheiro passos
24613,sports_leisure,20.9,cumari
24614,computers_accessories,20.9,cajuru
24615,home_appliances,20.9,sertao santana
24616,computers_accessories,20.9,firminopolis
24617,home_appliances,20.9,rio casca
24618,computers_accessories,20.9,capivari de baixo
24619,computers_accessories,20.9,congonhas
24620,small_appliances,20.9,vargem grande paulista
24621,telephony,20.89,ouro verde de minas
24622,telephony,20.89,caraguatatuba
24623,toys,20.79,alvares machado
24624,housewares,20.7,morro do chapeu
24625,sports_leisure,20.7,jacinto machado
24626,furniture_decor,20.7,junqueiropolis
24627,food,20.49,diadema
24628,costruction_tools_garden,20.4,japeri
24629,telephony,20.39,taquarituba
24630,fashion_bags_accessories,20.3,teodoro sampaio
24631,,20.3,itapeva
24632,fashion_bags_accessories,20.3,inhumas
24633,,20.3,varzea paulista
24634,fashion_bags_accessories,20.3,silvianopolis
24635,fashion_bags_accessories,20.3,lindoeste
24636,,20.3,sinop
24637,auto,20.0,sao jose de ribamar
24638,bed_bath_table,20.0,rio azul
24639,toys,20.0,santanesia
24640,auto,20.0,cacoal
24641,drinks,20.0,itatiba
24642,toys,20.0,criciuma
24643,electronics,20.0,santa maria da vitoria
24644,auto,20.0,apiuna
24645,electronics,20.0,cruzilia
24646,auto,20.0,piraquara
24647,auto,20.0,sao miguel do aleixo
24648,toys,20.0,ijui
24649,computers_accessories,20.0,pium
24650,fixed_telephony,19.99,japeri
24651,toys,19.99,cataguases
24652,furniture_decor,19.99,jaguariaiva
24653,fashion_bags_accessories,19.99,lorena
24654,costruction_tools_tools,19.99,cariacica
24655,books_imported,19.99,jesuania
24656,pet_shop,19.99,curvelo
24657,bed_bath_table,19.99,raul soares
24658,telephony,19.99,caturama
24659,computers_accessories,19.99,monte alegre
24660,telephony,19.99,ouro fino
24661,computers_accessories,19.99,chapadinha
24662,pet_shop,19.99,eloi mendes
24663,health_beauty,19.99,eldorado
24664,stationery,19.99,novo gama
24665,health_beauty,19.99,santa maria do para
24666,toys,19.99,jacarezinho
24667,telephony,19.99,iaciara
24668,stationery,19.99,franca
24669,telephony,19.99,carandai
24670,telephony,19.99,nova monte verde
24671,telephony,19.99,tabocas do brejo velho
24672,baby,19.99,guaranta do norte
24673,fixed_telephony,19.99,campos do jordao
24674,telephony,19.99,damianopolis
24675,fixed_telephony,19.99,manaus
24676,telephony,19.99,anitapolis
24677,watches_gifts,19.99,mangaratiba
24678,fashion_bags_accessories,19.99,sao marcos
24679,fixed_telephony,19.99,pocos de caldas
24680,telephony,19.99,hidrolandia
24681,telephony,19.99,guajara-mirim
24682,fixed_telephony,19.99,itu
24683,fixed_telephony,19.99,pantano grande
24684,telephony,19.99,coqueiro baixo
24685,housewares,19.99,estrela do norte
24686,health_beauty,19.99,acreuna
24687,fixed_telephony,19.99,diamantina
24688,health_beauty,19.99,santa isabel do para
24689,telephony,19.99,sao joaquim
24690,health_beauty,19.99,cuite velho
24691,fixed_telephony,19.99,ouroeste
24692,computers_accessories,19.99,catigua
24693,telephony,19.99,rio manso
24694,telephony,19.99,palmeira das missoes
24695,computers_accessories,19.99,terra boa
24696,telephony,19.99,jardim abc de goias
24697,luggage_accessories,19.99,camacari
24698,fashion_bags_accessories,19.99,paracatu
24699,sports_leisure,19.99,alambari
24700,health_beauty,19.99,aluminio
24701,health_beauty,19.99,tupaciguara
24702,health_beauty,19.99,lauro muller
24703,health_beauty,19.99,tres marias
24704,health_beauty,19.99,aracati
24705,fashion_bags_accessories,19.99,pereira barreto
24706,pet_shop,19.99,varzea paulista
24707,fixed_telephony,19.99,cruz das almas
24708,housewares,19.98,carlos barbosa
24709,telephony,19.95,foz do iguacu
24710,telephony,19.95,ivai
24711,auto,19.95,bonfim
24712,books_general_interest,19.95,nova lima
24713,books_general_interest,19.95,lavras
24714,books_general_interest,19.95,pederneiras
24715,books_general_interest,19.95,canela
24716,auto,19.95,bariri
24717,books_general_interest,19.95,encantado
24718,costruction_tools_garden,19.94,franco da rocha
24719,telephony,19.94,jacutinga
24720,auto,19.93,santa helena de goias
24721,sports_leisure,19.9,mirassol d'oeste
24722,consoles_games,19.9,barreiras
24723,books_general_interest,19.9,ubatuba
24724,computers_accessories,19.9,juara
24725,fashion_bags_accessories,19.9,maragogi
24726,electronics,19.9,picos
24727,electronics,19.9,loanda
24728,baby,19.9,bom sucesso
24729,market_place,19.9,novo horizonte
24730,computers_accessories,19.9,eloi mendes
24731,electronics,19.9,espinosa
24732,electronics,19.9,pedreira
24733,electronics,19.9,buritis
24734,fashio_female_clothing,19.9,ubatuba
24735,kitchen_dining_laundry_garden_furniture,19.9,bertioga
24736,electronics,19.9,nossa senhora das gracas
24737,consoles_games,19.9,alto rio doce
24738,consoles_games,19.9,conselheiro lafaiete
24739,dvds_blu_ray,19.9,avare
24740,electronics,19.9,dom feliciano
24741,audio,19.9,marilia
24742,computers_accessories,19.9,ipora
24743,electronics,19.9,jau
24744,audio,19.9,araucaria
24745,housewares,19.9,lupercio
24746,perfumery,19.9,capao do cipo
24747,watches_gifts,19.9,venda nova do imigrante
24748,telephony,19.9,capinopolis
24749,audio,19.9,candido rodrigues
24750,electronics,19.9,sao francisco de itabapoana
24751,small_appliances,19.9,aguai
24752,kitchen_dining_laundry_garden_furniture,19.9,sao jose da lapa
24753,food_drink,19.9,goiana
24754,electronics,19.9,caldas
24755,electronics,19.9,campo mourao
24756,dvds_blu_ray,19.9,rio claro
24757,housewares,19.9,riacho das almas
24758,consoles_games,19.9,paracatu
24759,electronics,19.9,brusque
24760,consoles_games,19.9,garca
24761,electronics,19.9,chapadao do sul
24762,electronics,19.9,pinhao
24763,home_appliances,19.9,poa
24764,electronics,19.9,lapa
24765,electronics,19.9,pedro canario
24766,electronics,19.9,ji-parana
24767,health_beauty,19.9,barra bonita
24768,telephony,19.9,brauna
24769,telephony,19.9,rio de contas
24770,consoles_games,19.9,sao luis
24771,electronics,19.9,divinolandia
24772,housewares,19.9,pindai
24773,stationery,19.9,faxinal dos guedes
24774,electronics,19.9,sao rafael
24775,market_place,19.9,frederico westphalen
24776,electronics,19.9,cruz alta
24777,electronics,19.9,lucas do rio verde
24778,electronics,19.9,aripuana
24779,telephony,19.9,salto veloso
24780,consoles_games,19.9,nilopolis
24781,cool_stuff,19.9,formosa
24782,auto,19.9,jussara
24783,consoles_games,19.9,miguelopolis
24784,food_drink,19.9,santana de parnaiba
24785,dvds_blu_ray,19.9,volta redonda
24786,electronics,19.9,inhumas
24787,fashion_bags_accessories,19.9,rio pardo de minas
24788,electronics,19.9,cachoeiras de macacu
24789,electronics,19.9,saudade do iguacu
24790,electronics,19.9,bariri
24791,telephony,19.9,nova redencao
24792,audio,19.9,sao sebastiao do paraiso
24793,consoles_games,19.9,aparecida d'oeste
24794,electronics,19.9,nova petropolis
24795,consoles_games,19.9,rolim de moura
24796,consoles_games,19.9,goiatuba
24797,dvds_blu_ray,19.9,sao jose do rio pardo
24798,dvds_blu_ray,19.9,aparecida de goiania
24799,computers_accessories,19.9,indiana
24800,consoles_games,19.9,passo fundo
24801,home_appliances,19.9,bauru
24802,perfumery,19.9,sao lourenco do oeste
24803,food,19.9,tupa
24804,baby,19.9,sabara
24805,computers_accessories,19.9,chui
24806,home_appliances,19.9,rancharia
24807,fashion_bags_accessories,19.9,guaratingueta
24808,telephony,19.9,ocara
24809,fashio_female_clothing,19.9,sorocaba
24810,dvds_blu_ray,19.9,itu
24811,audio,19.9,cruz das almas
24812,electronics,19.9,igarapava
24813,electronics,19.9,santo amaro das brotas
24814,electronics,19.9,osorio
24815,telephony,19.9,girua
24816,electronics,19.9,capao da canoa
24817,construction_tools_safety,19.9,erechim
24818,furniture_decor,19.9,faxinalzinho
24819,consoles_games,19.9,sao jose de ribamar
24820,books_technical,19.9,timon
24821,electronics,19.9,sumidouro
24822,consoles_games,19.9,marilia
24823,electronics,19.9,gurupi
24824,electronics,19.9,alem paraiba
24825,books_general_interest,19.9,itajuba
24826,health_beauty,19.9,antonio prado
24827,electronics,19.9,itapira
24828,electronics,19.9,gramado
24829,books_technical,19.9,balneario camboriu
24830,telephony,19.9,jauru
24831,sports_leisure,19.9,capim grosso
24832,electronics,19.9,ipira
24833,electronics,19.9,pinhal da serra
24834,small_appliances,19.9,itaocara
24835,audio,19.9,bauru
24836,consoles_games,19.9,azurita
24837,audio,19.9,cocal
24838,electronics,19.9,araguari
24839,fashion_bags_accessories,19.9,joao dourado
24840,consoles_games,19.9,pouso alegre
24841,fashion_bags_accessories,19.9,arinos
24842,cool_stuff,19.9,ribeirao pires
24843,toys,19.9,pontal do parana
24844,furniture_decor,19.9,caetanopolis
24845,electronics,19.9,mairipora
24846,electronics,19.9,piraquara
24847,fashion_bags_accessories,19.9,araraquara
24848,dvds_blu_ray,19.9,sobradinho
24849,electronics,19.9,bom jesus
24850,electronics,19.9,trajano de moraes
24851,auto,19.9,maravilha
24852,pet_shop,19.9,caieiras
24853,electronics,19.9,merces
24854,electronics,19.9,barra de sao joao
24855,electronics,19.9,tupassi
24856,health_beauty,19.9,santo amaro
24857,electronics,19.9,itatiaia
24858,electronics,19.9,mostardas
24859,consoles_games,19.9,lajeado
24860,fashion_bags_accessories,19.9,santo antonio de posse
24861,telephony,19.9,presidente castello branco
24862,consoles_games,19.9,tapiratiba
24863,dvds_blu_ray,19.9,recife
24864,electronics,19.9,cabralia paulista
24865,electronics,19.9,curiuva
24866,electronics,19.9,caibi
24867,computers_accessories,19.9,irai
24868,telephony,19.9,niquelandia
24869,perfumery,19.9,itapoa
24870,audio,19.9,guaruja
24871,furniture_decor,19.9,laranjal paulista
24872,books_technical,19.9,adamantina
24873,fashio_female_clothing,19.9,urussanga
24874,electronics,19.9,pinheiral
24875,sports_leisure,19.9,minduri
24876,consoles_games,19.9,ibipora
24877,electronics,19.89,tocantinopolis
24878,toys,19.87,francisco badaro
24879,electronics,19.86,altamira
24880,christmas_supplies,19.83,diadema
24881,christmas_supplies,19.83,amparo
24882,christmas_supplies,19.83,santa maria
24883,health_beauty,19.8,marechal floriano
24884,bed_bath_table,19.8,alcinopolis
24885,music,19.8,curitiba
24886,telephony,19.8,seabra
24887,auto,19.69,sao joao batista
24888,electronics,19.65,sao gabriel da palha
24889,electronics,19.6,porecatu
24890,books_general_interest,19.6,pradopolis
24891,auto,19.55,carmo da cachoeira
24892,auto,19.55,indaial
24893,electronics,19.5,ponto dos volantes
24894,agro_industry_and_commerce,19.5,pinhais
24895,pet_shop,19.5,caxambu do sul
24896,agro_industry_and_commerce,19.5,vicosa
24897,agro_industry_and_commerce,19.5,ribeirao pires
24898,drinks,19.49,varzea grande
24899,drinks,19.49,barbacena
24900,drinks,19.49,guaira
24901,food,19.49,sao luis do paraitinga
24902,food,19.47,paulinia
24903,pet_shop,19.45,balsa nova
24904,drinks,19.45,sooretama
24905,housewares,19.36,goiana
24906,costruction_tools_garden,19.2,aparecida de goiania
24907,construction_tools_construction,19.17,rio acima
24908,auto,19.0,juruena
24909,auto,19.0,comendador levy gasparian
24910,telephony,19.0,candido rodrigues
24911,housewares,19.0,quata
24912,auto,19.0,tangua
24913,housewares,19.0,santa cecilia
24914,sports_leisure,19.0,lindoia
24915,sports_leisure,19.0,castanheira
24916,auto,19.0,tambau
24917,drinks,19.0,contagem
24918,auto,19.0,guaiba
24919,auto,19.0,joao monlevade
24920,auto,19.0,pedro leopoldo
24921,fashion_bags_accessories,19.0,porecatu
24922,telephony,19.0,itapipoca
24923,telephony,18.99,perdoes
24924,telephony,18.99,santa lucia
24925,telephony,18.99,januaria
24926,telephony,18.99,arcos
24927,telephony,18.99,piripiri
24928,telephony,18.99,ji-parana
24929,food,18.99,francisco beltrao
24930,telephony,18.99,francisco dumont
24931,fixed_telephony,18.99,carapicuiba
24932,telephony,18.99,guacui
24933,telephony,18.99,guaratuba
24934,telephony,18.99,pirapetinga
24935,telephony,18.99,tracunhaem
24936,telephony,18.99,agua boa
24937,telephony,18.99,corinto
24938,stationery,18.99,barreiras
24939,fixed_telephony,18.99,batatais
24940,telephony,18.99,figueiropolis d'oeste
24941,health_beauty,18.99,redencao
24942,books_imported,18.99,ibitinga
24943,telephony,18.99,ipanema
24944,books_imported,18.99,sorocaba
24945,stationery,18.99,erechim
24946,health_beauty,18.99,cananeia
24947,telephony,18.99,araruna
24948,telephony,18.99,pomerode
24949,telephony,18.95,pires ferreira
24950,telephony,18.95,barreiras
24951,telephony,18.95,conchal
24952,telephony,18.95,livramento de nossa senhora
24953,telephony,18.95,vicosa do ceara
24954,electronics,18.9,sao sebastiao do cai
24955,fixed_telephony,18.9,avare
24956,electronics,18.9,sao francisco do sul
24957,electronics,18.9,santo angelo
24958,telephony,18.9,sao lourenco do oeste
24959,electronics,18.9,santa vitoria do palmar
24960,electronics,18.9,sao miguel do iguacu
24961,electronics,18.9,paracuru
24962,computers_accessories,18.9,sao valentim
24963,electronics,18.9,leopolis
24964,electronics,18.9,nova canaa do norte
24965,electronics,18.9,goianesia
24966,telephony,18.9,xangri-la
24967,telephony,18.9,aguas formosas
24968,electronics,18.9,bombinhas
24969,electronics,18.9,rosana
24970,electronics,18.9,sao joao
24971,electronics,18.9,primavera
24972,telephony,18.9,telemaco borba
24973,books_general_interest,18.9,missal
24974,computers_accessories,18.9,bom jardim
24975,electronics,18.9,capanema
24976,electronics,18.9,nossa senhora do socorro
24977,electronics,18.9,barbacena
24978,electronics,18.9,paulo afonso
24979,electronics,18.9,laguna
24980,electronics,18.9,prudentopolis
24981,telephony,18.9,itumbiara
24982,electronics,18.9,telemaco borba
24983,electronics,18.9,itaguaje
24984,electronics,18.9,iconha
24985,electronics,18.9,cacador
24986,food_drink,18.9,quilombo
24987,electronics,18.9,serrinha
24988,electronics,18.9,ocaucu
24989,electronics,18.9,divino
24990,electronics,18.9,barra do garcas
24991,electronics,18.9,dois vizinhos
24992,electronics,18.9,santa cruz do rio pardo
24993,electronics,18.9,japeri
24994,electronics,18.9,campo belo
24995,electronics,18.9,guarapuava
24996,bed_bath_table,18.9,floresta
24997,stationery,18.9,braco do norte
24998,computers_accessories,18.9,santa cruz
24999,electronics,18.9,ibitinga
25000,electronics,18.9,pocinhos
25001,electronics,18.9,ararangua
25002,electronics,18.9,extrema
25003,furniture_decor,18.75,tapirai
25004,food_drink,18.6,campo grande
25005,toys,18.5,uniao da serra
25006,signaling_and_security,18.5,uruguaiana
25007,sports_leisure,18.5,monte siao
25008,health_beauty,18.49,uniao da vitoria
25009,telephony,18.49,urutai
25010,telephony,18.49,nova bassano
25011,telephony,18.49,tarumirim
25012,food,18.45,nossa senhora do socorro
25013,stationery,18.42,rio largo
25014,garden_tools,18.24,mombuca
25015,electronics,18.16,nepomuceno
25016,electronics,18.0,acopiara
25017,construction_tools_construction,18.0,sao roque
25018,arts_and_craftmanship,18.0,americana
25019,auto,18.0,bom jardim de minas
25020,electronics,18.0,jatai
25021,signaling_and_security,18.0,peruibe
25022,computers_accessories,18.0,ararica
25023,electronics,18.0,indaial
25024,consoles_games,18.0,muriae
25025,electronics,18.0,jaragua
25026,pet_shop,18.0,itabuna
25027,perfumery,18.0,piranguinho
25028,electronics,18.0,quatis
25029,telephony,18.0,lagoa vermelha
25030,toys,17.99,campanha
25031,telephony,17.99,mimoso do sul
25032,telephony,17.99,mariana
25033,electronics,17.99,abreu e lima
25034,telephony,17.99,montividiu do norte
25035,electronics,17.99,marechal candido rondon
25036,telephony,17.99,teutonia
25037,telephony,17.99,vera
25038,electronics,17.99,estancia velha
25039,telephony,17.99,baependi
25040,telephony,17.99,martins soares
25041,pet_shop,17.99,orizona
25042,drinks,17.99,pederneiras
25043,telephony,17.99,sapiranga
25044,telephony,17.99,araci
25045,flowers,17.99,colatina
25046,electronics,17.99,videira
25047,telephony,17.99,feira nova
25048,stationery,17.99,itamarandiba
25049,telephony,17.99,muriae
25050,musical_instruments,17.99,sao francisco
25051,consoles_games,17.98,cataguases
25052,telephony,17.95,joao monlevade
25053,furniture_decor,17.9,santa cruz de minas
25054,consoles_games,17.9,descalvado
25055,telephony,17.9,uruana de minas
25056,telephony,17.9,anchieta
25057,books_general_interest,17.9,santana de parnaiba
25058,furniture_decor,17.9,rio acima
25059,electronics,17.9,uniao da vitoria
25060,consoles_games,17.9,guaiba
25061,furniture_decor,17.9,guamare
25062,bed_bath_table,17.9,juruaia
25063,housewares,17.9,tres de maio
25064,watches_gifts,17.9,passa tres
25065,furniture_decor,17.9,carandai
25066,furniture_decor,17.9,nova granada
25067,housewares,17.9,bastos
25068,stationery,17.9,monte alegre de minas
25069,sports_leisure,17.9,conceicao do coite
25070,consoles_games,17.9,santa luzia
25071,watches_gifts,17.9,ielmo marinho
25072,telephony,17.89,rio preto
25073,telephony,17.89,rio do oeste
25074,telephony,17.89,uba
25075,telephony,17.89,piedade dos gerais
25076,small_appliances,17.8,iacanga
25077,small_appliances,17.8,dias d'avila
25078,home_appliances,17.65,assis chateaubriand
25079,costruction_tools_garden,17.64,santa cruz do rio pardo
25080,health_beauty,17.6,santa teresa
25081,flowers,17.6,campinas
25082,auto,17.5,moreno
25083,auto,17.5,cambara
25084,computers_accessories,17.5,terra rica
25085,home_appliances,17.5,mongagua
25086,auto,17.5,agua doce do norte
25087,auto,17.5,miracema
25088,bed_bath_table,17.5,piratuba
25089,telephony,17.49,salto do ceu
25090,electronics,17.49,cruzeiro
25091,food,17.49,franca
25092,furniture_decor,17.46,macieira
25093,books_technical,17.45,mongagua
25094,books_technical,17.45,lajeado
25095,books_technical,17.45,rosario do sul
25096,sports_leisure,17.33,guararapes
25097,sports_leisure,17.33,poco fundo
25098,home_appliances,17.19,getulio vargas
25099,home_appliances,17.19,caraguatatuba
25100,home_appliances,17.19,candeias
25101,signaling_and_security,17.1,cruzeiro
25102,telephony,17.0,santana do livramento
25103,telephony,17.0,padre bernardo
25104,telephony,17.0,antonio prado
25105,housewares,17.0,goianesia
25106,computers_accessories,17.0,miguel calmon
25107,housewares,17.0,crucilandia
25108,musical_instruments,17.0,divinopolis
25109,telephony,17.0,agudo
25110,telephony,17.0,bela cruz
25111,telephony,17.0,aluminio
25112,food_drink,17.0,arapongas
25113,fixed_telephony,16.99,feira de santana
25114,telephony,16.99,tres passos
25115,construction_tools_construction,16.99,alto paraiso de goias
25116,fixed_telephony,16.99,presidente kubitschek
25117,housewares,16.99,camboriu
25118,telephony,16.99,witmarsum
25119,costruction_tools_garden,16.99,matozinhos
25120,small_appliances,16.99,barro alto
25121,small_appliances,16.99,francisco morato
25122,telephony,16.99,dona euzebia
25123,small_appliances,16.99,catanduva
25124,telephony,16.99,seringueiras
25125,telephony,16.99,presidente lucena
25126,small_appliances,16.99,rio brilhante
25127,fixed_telephony,16.99,madre de deus
25128,pet_shop,16.99,belford roxo
25129,small_appliances,16.99,votorantim
25130,home_appliances_2,16.99,fazenda rio grande
25131,telephony,16.97,trombas
25132,telephony,16.97,laranjeiras do sul
25133,auto,16.9,xanxere
25134,auto,16.9,brasilia de minas
25135,musical_instruments,16.9,cachoeira alta
25136,home_appliances,16.9,tabatinga
25137,auto,16.9,artur nogueira
25138,party_supplies,16.9,botucatu
25139,garden_tools,16.9,palotina
25140,electronics,16.9,pojuca
25141,dvds_blu_ray,16.9,petropolis
25142,perfumery,16.9,presidente venceslau
25143,pet_shop,16.9,queimados
25144,auto,16.9,igaracu do tiete
25145,auto,16.9,tombos
25146,music,16.9,mogi das cruzes
25147,telephony,16.9,auriflama
25148,small_appliances,16.9,deodapolis
25149,electronics,16.9,martins soares
25150,housewares,16.9,lucelia
25151,perfumery,16.9,sao francisco
25152,garden_tools,16.9,oliveira
25153,dvds_blu_ray,16.9,parnamirim
25154,furniture_decor,16.9,santarem
25155,computers_accessories,16.9,pompeu
25156,bed_bath_table,16.9,urupa
25157,fashion_bags_accessories,16.8,jaragua do sul
25158,flowers,16.8,araujos
25159,baby,16.77,dracena
25160,books_general_interest,16.72,regente feijo
25161,costruction_tools_garden,16.6,itapipoca
25162,costruction_tools_garden,16.6,travesseiro
25163,home_appliances,16.6,simplicio mendes
25164,costruction_tools_garden,16.6,piripiri
25165,computers_accessories,16.55,porteiras
25166,telephony,16.5,pinhais
25167,construction_tools_construction,16.5,itapetininga
25168,construction_tools_construction,16.5,bambui
25169,telephony,16.5,patu
25170,construction_tools_construction,16.5,caete
25171,electronics,16.5,arroio dos ratos
25172,drinks,16.49,joinville
25173,costruction_tools_garden,16.44,riachinho
25174,flowers,16.4,contagem
25175,costruction_tools_garden,16.4,jaragua do sul
25176,small_appliances_home_oven_and_coffee,16.29,itabirito
25177,electronics,16.22,joao monlevade
25178,costruction_tools_garden,16.2,carapicuiba
25179,music,16.1,manaus
25180,auto,16.0,indianopolis
25181,sports_leisure,16.0,descalvado
25182,food_drink,16.0,rio claro
25183,health_beauty,16.0,nova canaa do norte
25184,auto,16.0,sao bento abade
25185,electronics,16.0,carangola
25186,garden_tools,16.0,iracemapolis
25187,health_beauty,16.0,coxilha
25188,food_drink,16.0,itajuba
25189,auto,16.0,ibateguara
25190,sports_leisure,16.0,floresta
25191,housewares,15.99,auriflama
25192,stationery,15.99,pirapora
25193,cool_stuff,15.99,sao lourenco da serra
25194,housewares,15.99,varzea alegre
25195,home_appliances_2,15.99,patos de minas
25196,food_drink,15.99,cajamar
25197,arts_and_craftmanship,15.99,uberlandia
25198,telephony,15.99,vilhena
25199,stationery,15.97,palmares
25200,fixed_telephony,15.95,itapejara d'oeste
25201,computers_accessories,15.9,currais novos
25202,perfumery,15.9,pinhalzinho
25203,auto,15.9,irati
25204,consoles_games,15.9,santa cruz do capibaribe
25205,cine_photo,15.9,sapucaia do sul
25206,electronics,15.9,casa branca
25207,telephony,15.9,amapa do maranhao
25208,telephony,15.9,guanhaes
25209,auto,15.9,sao mateus
25210,telephony,15.9,marau
25211,small_appliances,15.9,toledo
25212,consoles_games,15.9,taua
25213,furniture_decor,15.9,salmourao
25214,housewares,15.9,sales
25215,consoles_games,15.9,bom despacho
25216,cine_photo,15.9,jaborandi
25217,costruction_tools_tools,15.8,erechim
25218,stationery,15.8,santa rosa de viterbo
25219,auto,15.65,buritis
25220,flowers,15.6,mesquita
25221,costruction_tools_garden,15.6,presidente venceslau
25222,costruction_tools_garden,15.6,goias
25223,housewares,15.55,bom jesus do itabapoana
25224,drinks,15.49,olho d'agua das flores
25225,christmas_supplies,15.36,itaperuna
25226,food,15.32,sao lourenco da mata
25227,food,15.32,camaragibe
25228,food,15.32,frecheirinha
25229,housewares,15.3,sao thome das letras
25230,toys,15.2,jesuania
25231,electronics,15.12,canoinhas
25232,books_general_interest,15.12,palmeirinha
25233,electronics,15.0,patu
25234,,15.0,guarapuava
25235,electronics,15.0,barra do turvo
25236,telephony,15.0,penapolis
25237,electronics,15.0,ribeira do pombal
25238,electronics,15.0,novo repartimento
25239,computers_accessories,15.0,dom eliseu
25240,home_appliances,15.0,rio claro
25241,fixed_telephony,15.0,linhares
25242,electronics,15.0,caxias
25243,electronics,15.0,campinorte
25244,market_place,15.0,santiago
25245,pet_shop,15.0,demerval lobao
25246,consoles_games,15.0,rio das pedras
25247,electronics,15.0,sao jorge do patrocinio
25248,construction_tools_construction,15.0,marilia
25249,small_appliances,15.0,paraguacu paulista
25250,electronics,15.0,caninde
25251,electronics,15.0,cesario lange
25252,electronics,15.0,imbuia
25253,electronics,15.0,camamu
25254,electronics,15.0,torrinha
25255,market_place,15.0,conselheiro lafaiete
25256,,15.0,arapiraca
25257,telephony,15.0,farroupilha
25258,stationery,15.0,salto de pirapora
25259,electronics,15.0,caucaia
25260,auto,14.99,missao velha
25261,home_appliances,14.99,salto do jacui
25262,electronics,14.99,porto amazonas
25263,computers_accessories,14.99,gaviao peixoto
25264,christmas_supplies,14.99,uberaba
25265,drinks,14.99,pirassununga
25266,small_appliances,14.99,quilombo
25267,electronics,14.99,teodoro sampaio
25268,sports_leisure,14.99,santa cecilia
25269,electronics,14.99,ibirama
25270,fixed_telephony,14.99,sumare
25271,home_appliances,14.96,salto de pirapora
25272,books_technical,14.95,governador valadares
25273,auto,14.95,forquilhinha
25274,audio,14.9,taquaritinga
25275,dvds_blu_ray,14.9,bento goncalves
25276,computers_accessories,14.9,boa esperanca do sul
25277,audio,14.9,marica
25278,garden_tools,14.9,mucuri
25279,market_place,14.9,para de minas
25280,health_beauty,14.9,boa ventura
25281,electronics,14.9,queimados
25282,audio,14.9,ibitiuva
25283,audio,14.9,chapada dos guimaraes
25284,audio,14.9,cruz alta
25285,audio,14.9,campos dos goytacazes
25286,tablets_printing_image,14.9,rondonopolis
25287,electronics,14.9,capelinha
25288,furniture_decor,14.9,mauriti
25289,dvds_blu_ray,14.9,camocim de sao felix
25290,audio,14.9,agua boa
25291,tablets_printing_image,14.9,volta redonda
25292,audio,14.9,betim
25293,furniture_decor,14.9,floreal
25294,audio,14.9,riachao do jacuipe
25295,audio,14.9,caraguatatuba
25296,electronics,14.9,carlopolis
25297,audio,14.9,estrela velha
25298,watches_gifts,14.9,capivari
25299,art,14.9,tambau
25300,food_drink,14.9,joinville
25301,electronics,14.9,ouro verde do oeste
25302,telephony,14.9,mirai
25303,pet_shop,14.9,serrana
25304,electronics,14.9,rancharia
25305,audio,14.9,votorantim
25306,furniture_decor,14.9,sao luis de montes belos
25307,telephony,14.9,cabeceiras
25308,consoles_games,14.9,aguas lindas de goias
25309,telephony,14.9,almirante tamandare
25310,dvds_blu_ray,14.9,mogi das cruzes
25311,electronics,14.9,laranjeiras do sul
25312,health_beauty,14.9,planalto
25313,furniture_decor,14.9,sao joao do ivai
25314,audio,14.9,ribeirao das neves
25315,audio,14.9,alegrete
25316,electronics,14.89,duas barras
25317,health_beauty,14.89,rio branco do sul
25318,health_beauty,14.89,uniao de minas
25319,telephony,14.87,batatais
25320,bed_bath_table,14.82,irineopolis
25321,cool_stuff,14.8,alto paraiso de goias
25322,electronics,14.6,currais novos
25323,art,14.6,biritiba-mirim
25324,telephony,14.5,maraba
25325,electronics,14.49,castro
25326,health_beauty,14.49,barra de sao francisco
25327,health_beauty,14.49,sao domingos do norte
25328,garden_tools,14.46,vassouras
25329,home_appliances,14.45,angra dos reis
25330,home_appliances,14.45,olimpia
25331,christmas_supplies,14.4,manoel ribas
25332,costruction_tools_garden,14.4,guarulhos
25333,electronics,14.4,ibicoara
25334,electronics,14.4,camboriu
25335,music,14.3,sao bernardo do campo
25336,stationery,14.2,santa fe do sul
25337,sports_leisure,14.2,estevao de araujo
25338,housewares,14.14,duartina
25339,electronics,14.0,reserva do iguacu
25340,home_appliances,14.0,piratuba
25341,telephony,14.0,guarda-mor
25342,telephony,14.0,iraquara
25343,home_appliances,14.0,iracemapolis
25344,telephony,14.0,vitoria do mearim
25345,home_appliances,14.0,aquidauana
25346,pet_shop,13.99,pedro leopoldo
25347,perfumery,13.99,eldorado
25348,perfumery,13.99,almirante tamandare
25349,perfumery,13.99,lages
25350,perfumery,13.99,novo gama
25351,perfumery,13.99,nova petropolis
25352,perfumery,13.99,jussara
25353,housewares,13.99,uniao da vitoria
25354,sports_leisure,13.99,varzelandia
25355,perfumery,13.99,itapora
25356,perfumery,13.99,brodowski
25357,perfumery,13.99,guaira
25358,computers_accessories,13.99,cristalandia
25359,health_beauty,13.99,xambioa
25360,health_beauty,13.99,sao romao
25361,perfumery,13.99,timbauba
25362,telephony,13.98,rafard
25363,telephony,13.98,araripina
25364,telephony,13.98,caiana
25365,telephony,13.98,ibiraiaras
25366,telephony,13.98,nova santa rita
25367,telephony,13.98,forquilha
25368,telephony,13.98,tracuateua
25369,telephony,13.98,jacuipe
25370,telephony,13.98,indaial
25371,telephony,13.98,brejolandia
25372,telephony,13.98,iracemapolis
25373,telephony,13.98,ipumirim
25374,telephony,13.98,jaguaribe
25375,bed_bath_table,13.9,pontalinda
25376,furniture_living_room,13.9,sao jose dos campos
25377,auto,13.9,santarem
25378,food_drink,13.9,monte mor
25379,bed_bath_table,13.9,palmeira dos indios
25380,toys,13.9,altinho
25381,bed_bath_table,13.9,lagoa nova
25382,auto,13.9,campo mourao
25383,perfumery,13.9,tuparetama
25384,home_appliances,13.8,morro agudo
25385,telephony,13.77,arroio grande
25386,telephony,13.77,aracoiaba
25387,christmas_supplies,13.77,fazenda rio grande
25388,electronics,13.7,ponto do marambaia
25389,electronics,13.7,quissama
25390,electronics,13.7,barreiras
25391,electronics,13.69,cidade ocidental
25392,electronics,13.69,viana
25393,electronics,13.69,planaltina
25394,electronics,13.65,jandaia do sul
25395,electronics,13.65,anicuns
25396,electronics,13.65,paragominas
25397,electronics,13.65,sarzedo
25398,electronics,13.65,jeceaba
25399,electronics,13.65,brodowski
25400,electronics,13.65,damianopolis
25401,electronics,13.65,queimadas
25402,electronics,13.65,tijucas
25403,electronics,13.65,canapolis
25404,electronics,13.65,presidente prudente
25405,electronics,13.65,catanduva
25406,electronics,13.65,madre de deus
25407,electronics,13.65,bueno brandao
25408,electronics,13.65,mendonca
25409,electronics,13.65,vila langaro
25410,electronics,13.65,itaguai
25411,electronics,13.65,peruibe
25412,electronics,13.65,novo horizonte
25413,electronics,13.65,forquilhinha
25414,electronics,13.65,mineiros
25415,electronics,13.65,mirassol
25416,electronics,13.65,navegantes
25417,electronics,13.65,itumbiara
25418,electronics,13.65,santarem
25419,electronics,13.65,mari
25420,electronics,13.65,simoes filho
25421,electronics,13.65,itapema
25422,electronics,13.65,brasilia de minas
25423,electronics,13.65,conceicao de macabu
25424,electronics,13.65,ponta pora
25425,electronics,13.65,itau de minas
25426,electronics,13.65,horizonte
25427,electronics,13.65,paranaita
25428,electronics,13.65,sao ludgero
25429,electronics,13.65,clementina
25430,electronics,13.65,sao miguel do guapore
25431,electronics,13.65,mandaguari
25432,electronics,13.65,cansancao
25433,electronics,13.65,pontes e lacerda
25434,electronics,13.65,santa maria da serra
25435,electronics,13.65,bom conselho
25436,electronics,13.65,bacuri
25437,electronics,13.65,macapa
25438,electronics,13.65,dourado
25439,electronics,13.65,monte mor
25440,electronics,13.65,marcos parente
25441,electronics,13.65,santo antonio do jardim
25442,home_appliances,13.6,araxa
25443,telephony,13.5,tuparece
25444,baby,13.5,cansancao
25445,sports_leisure,13.49,cezarina
25446,telephony,13.47,bueno brandao
25447,,13.45,cacapava
25448,,13.3,chapadao do sul
25449,electronics,13.3,cristina
25450,electronics,13.3,regeneracao
25451,electronics,13.3,garibaldi
25452,electronics,13.2,serra dos aimores
25453,electronics,13.2,rio brilhante
25454,electronics,13.2,santos dumont
25455,electronics,13.2,matao
25456,auto,13.0,vassouras
25457,telephony,12.99,liberato salzano
25458,food_drink,12.99,paulo de faria
25459,,12.99,bonfim
25460,,12.99,itatiba
25461,furniture_decor,12.99,itaguara
25462,stationery,12.99,timbe do sul
25463,food_drink,12.99,cianorte
25464,health_beauty,12.99,guaratinga
25465,telephony,12.99,abaira
25466,toys,12.99,cunha
25467,consoles_games,12.99,nova londrina
25468,health_beauty,12.99,belo campo
25469,telephony,12.99,mairinque
25470,furniture_decor,12.99,eugenopolis
25471,telephony,12.99,itambe
25472,telephony,12.99,ibaiti
25473,cool_stuff,12.99,mateus leme
25474,,12.99,vicente dutra
25475,telephony,12.98,viana
25476,telephony,12.98,imbituva
25477,telephony,12.98,arapongas
25478,telephony,12.98,tres barras
25479,telephony,12.98,nova prata do iguacu
25480,telephony,12.98,cantagalo
25481,telephony,12.97,balneario pinhal
25482,telephony,12.97,chapadao do ceu
25483,telephony,12.97,uruacu
25484,telephony,12.97,joaquim pires
25485,telephony,12.97,santo antonio do itambe
25486,fixed_telephony,12.97,taboao da serra
25487,telephony,12.97,taiobeiras
25488,telephony,12.97,governador lindenberg
25489,electronics,12.95,duartina
25490,consoles_games,12.93,franco da rocha
25491,electronics,12.9,paty do alferes
25492,home_comfort_2,12.9,patrocinio
25493,electronics,12.9,congonhas
25494,bed_bath_table,12.9,valparaiso
25495,home_comfort_2,12.9,ponta grossa
25496,electronics,12.9,coaraci
25497,perfumery,12.9,anita garibaldi
25498,home_comfort_2,12.9,salvador
25499,baby,12.9,marituba
25500,electronics,12.9,franca
25501,home_comfort_2,12.9,patos de minas
25502,electronics,12.9,aguia branca
25503,home_comfort_2,12.9,aparecida
25504,electronics,12.9,guarabira
25505,home_comfort_2,12.9,rio novo do sul
25506,telephony,12.9,araucaria
25507,home_comfort_2,12.9,areal
25508,electronics,12.9,afonso claudio
25509,home_comfort_2,12.9,belo horizonte
25510,housewares,12.9,conceicao dos ouros
25511,electronics,12.9,sao joao del rei
25512,home_comfort_2,12.9,bauru
25513,computers_accessories,12.88,pirauba
25514,computers_accessories,12.88,santo antonio da platina
25515,computers_accessories,12.88,rodeio
25516,computers_accessories,12.88,sinimbu
25517,computers_accessories,12.88,neves paulista
25518,computers_accessories,12.88,camaqua
25519,computers_accessories,12.88,santo anastacio
25520,telephony,12.77,campos do jordao
25521,telephony,12.67,mandirituba
25522,electronics,12.65,guaiba
25523,electronics,12.65,itauna
25524,electronics,12.65,mafra
25525,christmas_supplies,12.52,cubatao
25526,construction_tools_lights,12.51,ibirite
25527,,12.5,jesuania
25528,telephony,12.5,riachao do jacuipe
25529,telephony,12.5,amelia rodrigues
25530,food_drink,12.5,igaracu do tiete
25531,costruction_tools_tools,12.5,cambe
25532,perfumery,12.5,capao do leao
25533,garden_tools,12.49,tocantins
25534,garden_tools,12.49,sabinopolis
25535,,12.49,potirendaba
25536,telephony,12.47,tres arroios
25537,perfumery,12.38,pires do rio
25538,electronics,12.3,igaracu do tiete
25539,garden_tools,12.3,nova prata do iguacu
25540,electronics,12.25,sao manuel
25541,electronics,12.25,tupi paulista
25542,electronics,12.25,paranaiba
25543,electronics,12.25,barra velha
25544,consoles_games,12.1,lauro de freitas
25545,garden_tools,12.1,santa isabel
25546,christmas_supplies,12.06,taquaritinga
25547,electronics,12.0,guapo
25548,fashion_bags_accessories,12.0,peruibe
25549,health_beauty,12.0,biritiba-mirim
25550,home_appliances,12.0,goiania
25551,market_place,12.0,cajamar
25552,health_beauty,12.0,capinzal
25553,perfumery,12.0,cesario lange
25554,telephony,11.99,jacarezinho
25555,telephony,11.99,santa branca
25556,electronics,11.99,pedra preta
25557,pet_shop,11.99,santa barbara d oeste
25558,stationery,11.99,lapa
25559,telephony,11.99,boa esperanca
25560,electronics,11.97,timoteo
25561,telephony,11.95,rio do sul
25562,telephony,11.9,guapo
25563,cine_photo,11.9,sao jose dos campos
25564,baby,11.9,senhora de oliveira
25565,arts_and_craftmanship,11.9,jacarei
25566,computers_accessories,11.9,diamantino
25567,telephony,11.87,mirandopolis
25568,christmas_supplies,11.62,presidente alves
25569,electronics,11.6,balneario camboriu
25570,home_appliances,11.55,carapicuiba
25571,home_appliances,11.55,embu das artes
25572,consoles_games,11.5,braco do rio
25573,electronics,11.5,porto ferreira
25574,telephony,10.99,ampere
25575,fixed_telephony,10.99,barra mansa
25576,fixed_telephony,10.99,belo horizonte
25577,fixed_telephony,10.99,capao da canoa
25578,telephony,10.99,conceicao das pedras
25579,fixed_telephony,10.99,barrolandia
25580,telephony,10.99,castelandia
25581,music,10.99,belford roxo
25582,fixed_telephony,10.99,londrina
25583,fixed_telephony,10.99,rio paranaiba
25584,fixed_telephony,10.99,feliz
25585,health_beauty,10.99,nova resende
25586,costruction_tools_garden,10.91,vinhedo
25587,food_drink,10.9,ibia
25588,furniture_decor,10.9,paranapanema
25589,books_general_interest,10.9,parati
25590,cine_photo,10.9,atibaia
25591,furniture_decor,10.9,estiva
25592,fixed_telephony,10.9,tocantins
25593,air_conditioning,10.9,sapiranga
25594,electronics,10.9,santa tereza do oeste
25595,furniture_decor,10.9,ipubi
25596,toys,10.75,planaltina do parana
25597,toys,10.75,oros
25598,perfumery,10.6,garca
25599,home_construction,10.5,sao luis
25600,,10.5,luziania
25601,computers_accessories,10.5,sorriso
25602,fixed_telephony,10.49,valinhos
25603,home_appliances,10.4,simoes filho
25604,market_place,10.0,mineiros
25605,home_appliances,10.0,praia grande
25606,perfumery,10.0,pirapora do bom jesus
25607,electronics,10.0,irineopolis
25608,auto,10.0,campo novo do parecis
25609,auto,10.0,quata
25610,drinks,10.0,juquitiba
25611,home_appliances,10.0,pindamonhangaba
25612,sports_leisure,10.0,bom jardim de goias
25613,home_appliances,10.0,quinta do sol
25614,auto,10.0,pinhao
25615,fashion_bags_accessories,9.99,sao lourenco do sul
25616,baby,9.99,pirassununga
25617,fashion_bags_accessories,9.99,raposos
25618,perfumery,9.98,ilhabela
25619,electronics,9.9,candido rodrigues
25620,computers_accessories,9.9,castro alves
25621,garden_tools,9.9,diamantina
25622,furniture_bedroom,9.9,ribeirao preto
25623,garden_tools,9.9,lavras
25624,health_beauty,9.9,carolina
25625,garden_tools,9.9,macatuba
25626,housewares,9.9,imperatriz
25627,perfumery,9.9,bocaiuva do sul
25628,signaling_and_security,9.9,aparecida
25629,housewares,9.9,itapecerica
25630,housewares,9.9,carmo
25631,stationery,9.9,ponta pora
25632,telephony,9.88,macaparana
25633,costruction_tools_tools,9.88,campo mourao
25634,arts_and_craftmanship,9.8,campinas
25635,christmas_supplies,9.56,limeira
25636,christmas_supplies,9.56,santa luzia
25637,electronics,9.5,sertania
25638,electronics,9.5,ouro preto
25639,furniture_decor,9.4,itacare
25640,christmas_supplies,9.32,aracruz
25641,auto,9.2,sidrolandia
25642,electronics,9.0,joao pinheiro
25643,electronics,9.0,major vieira
25644,electronics,9.0,pinheiro machado
25645,electronics,9.0,fazenda rio grande
25646,electronics,9.0,brumado
25647,electronics,9.0,igreja nova
25648,electronics,9.0,paco do lumiar
25649,electronics,9.0,ipero
25650,toys,8.99,quirinopolis
25651,toys,8.99,tamboara
25652,consoles_games,8.99,medicilandia
25653,housewares,8.99,ibicarai
25654,christmas_supplies,8.99,rio casca
25655,telephony,8.97,agronomica
25656,garden_tools,8.9,balneario pinhal
25657,books_general_interest,8.9,jaguariuna
25658,housewares,8.9,canoinhas
25659,perfumery,8.9,natividade
25660,signaling_and_security,8.9,itanhandu
25661,dvds_blu_ray,8.9,osasco
25662,dvds_blu_ray,8.9,porto alegre
25663,home_appliances,8.7,itirapina
25664,christmas_supplies,8.68,taboao da serra
25665,christmas_supplies,8.59,vinhedo
25666,christmas_supplies,8.1,turvo
25667,sports_leisure,8.09,erico cardoso
25668,food_drink,8.0,aruja
25669,toys,7.99,monte mor
25670,signaling_and_security,7.9,guarulhos
25671,fixed_telephony,7.9,morro da fumaca
25672,stationery,7.9,ibitinga
25673,fashion_underwear_beach,7.8,concordia
25674,,7.5,tres fronteiras
25675,garden_tools,7.49,itaipulandia
25676,sports_leisure,7.48,jenipapo de minas
25677,housewares,7.29,aparecida
25678,telephony,7.0,posse
25679,telephony,7.0,junqueiropolis
25680,perfumery,7.0,cordeiro
25681,sports_leisure,6.9,santo antonio da alegria
25682,costruction_tools_tools,6.8,costa rica
25683,cine_photo,6.8,bage
25684,auto,6.5,santa vitoria
25685,christmas_supplies,6.37,aluminio
25686,christmas_supplies,6.19,tejupa
25687,housewares,6.0,juranda
25688,books_general_interest,6.0,senador jose porfirio
25689,books_general_interest,6.0,cicero dantas
25690,christmas_supplies,6.0,santo antonio do rio abaixo
25691,electronics,5.99,recreio
25692,electronics,5.99,miracema
25693,signaling_and_security,5.95,paulo afonso
25694,fashion_underwear_beach,5.9,sabaudia
25695,fashion_underwear_beach,5.9,vargem grande paulista
25696,fashion_underwear_beach,5.9,macaubas
25697,fashion_underwear_beach,5.9,santa luzia
25698,stationery,5.6,polo petroquimico de triunfo
25699,pet_shop,5.5,areal
25700,art,5.35,garca
25701,,4.85,andira
25702,construction_tools_construction,3.99,tupa
25703,fashion_underwear_beach,3.9,caldas novas
25704,computers_accessories,3.9,palmeira d'oeste
25705,music,3.85,extrema
25706,construction_tools_construction,0.85,hortolandia
